,date,close,bitcoin,total_subscribers
0,2018-03-04,11512.6,9.8171982867277,759794
1,2018-03-03,11489.7,10.394680538888155,758588
2,2018-03-02,11086.4,11.549645043209061,757549
3,2018-03-01,10951.0,10.972162791048607,756510
4,2018-02-28,10397.9,12.127127295369514,755471
5,2018-02-27,10725.6,12.704609547529966,754432
6,2018-02-26,10366.7,12.127127295369514,753393
7,2018-02-25,9664.73,10.972162791048607,752354
8,2018-02-24,9813.07,11.549645043209061,751315
9,2018-02-23,10301.1,13.28209179969042,750276
10,2018-02-22,10005.0,15.014538556171779,749237
11,2018-02-21,10690.4,16.169503060492683,748066
12,2018-02-20,11403.7,16.169503060492683,746720
13,2018-02-19,11225.3,14.437056304011325,745395
14,2018-02-18,10551.8,15.014538556171779,744025
15,2018-02-17,11112.7,15.014538556171779,742551
16,2018-02-16,10233.9,15.592020808332231,741110
17,2018-02-15,10166.4,17.901949816974042,739828
18,2018-02-14,9494.63,16.746985312653138,738454
19,2018-02-13,8598.31,16.169503060492683,737256
20,2018-02-12,8926.57,17.901949816974042,736082
21,2018-02-11,8129.97,15.592020808332231,734716
22,2018-02-10,8621.9,17.32446756481359,733502
23,2018-02-09,8736.98,21.36684332993676,732277
24,2018-02-08,8265.59,24.83173684289948,730708
25,2018-02-07,7621.3,28.87411260802265,728483
26,2018-02-06,7754.0,46.776062424996695,726711
27,2018-02-05,6955.27,36.95886413826899,724381
28,2018-02-04,8277.01,21.36684332993676,721827
29,2018-02-03,9174.91,24.83173684289948,719642
30,2018-02-02,8830.75,36.95886413826899,717998
31,2018-02-01,9170.54,28.2966303558622,715922
32,2018-01-31,10221.1,21.944325582097214,713391
33,2018-01-30,10106.3,20.211878825615855,711039
34,2018-01-29,11296.4,18.479432069134496,708655
35,2018-01-28,11786.3,17.32446756481359,706195
36,2018-01-27,11440.7,19.05691432129495,702807
37,2018-01-26,11171.4,21.944325582097214,700489
38,2018-01-25,11259.4,21.36684332993676,698499
39,2018-01-24,11359.4,23.099290086418122,696378
40,2018-01-23,10868.4,24.83173684289948,694115
41,2018-01-22,10931.4,26.56418359938084,691853
42,2018-01-21,11600.1,21.944325582097214,689364
43,2018-01-20,12899.2,24.254254590739027,686923
44,2018-01-19,11607.4,29.451594860183103,684679
45,2018-01-18,11474.9,40.42375765123171,682222
46,2018-01-17,11188.6,57.7482252160453,679022
47,2018-01-16,11490.5,43.88865116419443,674040
48,2018-01-15,13819.8,21.36684332993676,668465
49,2018-01-14,13772.0,21.36684332993676,665661
50,2018-01-13,14360.2,23.099290086418122,662702
51,2018-01-12,13980.6,26.56418359938084,659961
52,2018-01-11,13405.8,32.33900612098537,657219
53,2018-01-10,14973.3,28.2966303558622,653670
54,2018-01-10,14973.3,28.2966303558622,779462
55,2018-01-09,14595.4,27.719148103701745,649930
56,2018-01-08,15170.1,28.87411260802265,646335
57,2018-01-07,16477.6,25.986701347220386,642493
58,2018-01-06,17527.0,25.986701347220386,638201
59,2018-01-05,17429.5,29.451594860183103,634137
60,2018-01-04,15599.2,29.451594860183103,630250
61,2018-01-03,15201.0,31.184041616664462,626577
62,2018-01-02,14982.1,31.184041616664462,622677
63,2018-01-01,13657.2,26.0,619161
64,2017-12-31,14156.4,27.000000000000004,616104
65,2017-12-30,12952.2,33.0,613387
66,2017-12-29,14656.2,34.0,609662
67,2017-12-28,14606.5,38.0,606468
68,2017-12-27,15838.5,37.00000000000001,602823
69,2017-12-26,16099.8,40.0,598849
70,2017-12-25,14026.6,41.00000000000001,595284
71,2017-12-24,13925.8,46.0,591906
72,2017-12-23,14699.2,61.00000000000001,588532
73,2017-12-22,13831.8,100.00000000000001,584215
74,2017-12-21,15802.9,51.0,576224
75,2017-12-20,16624.6,69.0,570843
76,2017-12-19,17776.7,49.00000000000001,565402
77,2017-12-18,19114.2,47.00000000000001,559680
78,2017-12-17,19140.8,47.00000000000001,555085
79,2017-12-16,19497.4,41.00000000000001,550343
80,2017-12-15,17706.9,43.00000000000001,546092
81,2017-12-14,16564.0,46.0,542416
82,2017-12-13,16408.2,53.00000000000001,538168
83,2017-12-12,17415.4,58.0,532942
84,2017-12-11,16936.8,62.00000000000001,527659
85,2017-12-10,15455.4,54.00000000000001,522307
86,2017-12-09,15178.2,56.00000000000001,516995
87,2017-12-08,16569.4,84.0,511849
88,2017-12-07,17899.7,94.00000000000001,504933
89,2017-12-06,14291.5,47.00000000000001,492703
90,2017-12-05,11916.7,34.0,486554
91,2017-12-04,11657.2,34.0,483062
92,2017-12-03,11323.2,30.000000000000004,479663
93,2017-12-02,11074.6,30.000000000000004,476149
94,2017-12-01,10975.6,38.0,472960
95,2017-11-30,10233.6,49.00000000000001,469646
96,2017-11-29,9888.61,61.00000000000001,464274
97,2017-11-28,10058.8,37.00000000000001,454706
98,2017-11-27,9818.35,32.0,447659
99,2017-11-26,9330.55,23.0,443395
100,2017-11-25,8790.92,16.0,438345
101,2017-11-24,8253.69,15.000000000000002,436024
102,2017-11-23,8038.77,16.0,434166
103,2017-11-22,8253.55,17.0,432354
104,2017-11-21,8071.26,20.0,430577
105,2017-11-20,8200.64,19.0,428309
106,2017-11-19,8036.49,14.000000000000002,425688
107,2017-11-18,7790.15,15.000000000000002,423409
108,2017-11-17,7708.99,20.0,420948
109,2017-11-16,7871.69,17.0,418539
110,2017-11-15,7315.54,17.0,415774
111,2017-11-14,6635.75,17.0,413847
112,2017-11-13,6559.49,21.0,411962
113,2017-11-12,5950.07,24.000000000000004,409527
114,2017-11-11,6357.6,19.0,407308
115,2017-11-10,6618.14,19.0,405093
116,2017-11-09,7143.58,17.0,402878
117,2017-11-08,7459.69,18.0,400663
118,2017-11-07,7144.38,16.0,398448
119,2017-11-06,7022.76,17.0,396233
120,2017-11-05,7407.41,16.0,393679
121,2017-11-04,7379.95,16.0,391125
122,2017-11-03,7207.76,21.0,388571
123,2017-11-02,7078.5,23.0,386459
124,2017-11-01,6767.31,18.0,383218
125,2017-10-31,6468.4,14.000000000000002,380575
126,2017-10-30,6130.53,12.000000000000002,378976
127,2017-10-29,6153.85,10.0,377642
128,2017-10-28,5753.09,9.0,376227
129,2017-10-27,5780.9,11.0,375297
130,2017-10-26,5904.83,13.0,374242
131,2017-10-25,5750.8,13.0,372835
132,2017-10-24,5526.64,15.000000000000002,371557
133,2017-10-23,5930.32,14.000000000000002,369956
134,2017-10-22,6008.42,12.000000000000002,368431
135,2017-10-21,6031.6,14.000000000000002,366950
136,2017-10-20,6011.45,13.0,365469
137,2017-10-19,5708.52,11.0,363988
138,2017-10-18,5590.69,11.0,362832
139,2017-10-17,5605.51,11.0,361258
140,2017-10-16,5725.59,12.000000000000002,359843
141,2017-10-15,5678.19,11.0,358422
142,2017-10-14,5831.79,12.000000000000002,356811
143,2017-10-13,5647.21,18.0,355428
144,2017-10-12,5446.91,14.000000000000002,353126
145,2017-10-11,4826.48,9.0,350824
146,2017-10-10,4781.99,9.0,349663
147,2017-10-09,4772.02,9.0,348502
148,2017-10-08,4610.48,7.000000000000001,347372
149,2017-10-07,4426.89,7.000000000000001,346242
150,2017-10-06,4370.81,7.000000000000001,345339
151,2017-10-05,4328.41,7.000000000000001,344436
152,2017-10-04,4229.36,8.0,343359
153,2017-10-03,4317.48,8.0,342481
154,2017-10-02,4409.32,8.0,341405
155,2017-10-01,4403.74,7.000000000000001,340502
156,2017-09-30,4338.71,7.000000000000001,339573
157,2017-09-29,4163.07,8.0,338869
158,2017-09-28,4174.73,8.0,338118
159,2017-09-27,4200.67,8.0,337262
160,2017-09-26,3892.35,8.0,335952
161,2017-09-25,3926.07,8.0,335087
162,2017-09-24,3682.84,7.000000000000001,334193
163,2017-09-23,3792.4,7.000000000000001,333260
164,2017-09-22,3630.7,9.0,332545
165,2017-09-21,3631.04,9.0,331660
166,2017-09-20,3905.95,9.0,330669
167,2017-09-19,3924.97,10.0,329552
168,2017-09-18,4065.2,11.0,328527
169,2017-09-17,3582.88,10.0,327186
170,2017-09-16,3625.04,12.000000000000002,325977
171,2017-09-15,3637.52,18.0,324831
172,2017-09-14,3154.95,16.0,322940
173,2017-09-13,3882.59,14.000000000000002,321000
174,2017-09-12,4130.81,10.0,319311
175,2017-09-11,4161.27,10.0,318196
176,2017-09-10,4122.94,9.0,317051
177,2017-09-09,4226.06,9.0,315977
178,2017-09-08,4228.75,11.0,314877
179,2017-09-07,4599.88,10.0,313419
180,2017-09-06,4597.12,11.0,311762
181,2017-09-05,4376.53,13.0,310342
182,2017-09-04,4236.31,13.0,309282
183,2017-09-03,4582.96,10.0,307649
184,2017-09-02,4578.77,11.0,306753
185,2017-09-01,4892.01,12.000000000000002,305529
186,2017-08-31,4703.39,11.0,304414
187,2017-08-30,4565.3,10.0,303294
188,2017-08-29,4579.02,10.0,302381
189,2017-08-28,4382.66,9.0,300967
190,2017-08-27,4382.88,8.0,300242
191,2017-08-26,4352.4,8.0,299470
192,2017-08-25,4371.6,10.0,298796
193,2017-08-24,4334.68,9.0,297962
194,2017-08-23,4151.52,10.0,297015
195,2017-08-22,4100.52,11.0,296041
196,2017-08-21,4001.74,10.0,295000
197,2017-08-20,4087.66,10.0,294142
198,2017-08-19,4193.7,11.0,293242
199,2017-08-18,4160.62,11.0,292422
200,2017-08-17,4331.69,11.0,291487
201,2017-08-16,4376.63,11.0,290176
202,2017-08-15,4181.93,14.000000000000002,289084
203,2017-08-14,4325.13,14.000000000000002,287422
204,2017-08-13,4073.26,13.0,285938
205,2017-08-12,3884.71,10.0,283459
206,2017-08-11,3650.62,9.0,282179
207,2017-08-10,3381.28,8.0,281258
208,2017-08-09,3342.47,8.0,280490
209,2017-08-08,3419.94,10.0,279821
210,2017-08-07,3378.94,9.0,279061
211,2017-08-06,3213.94,8.0,278233
212,2017-08-05,3252.91,9.0,277517
213,2017-08-04,2895.89,7.3496257232082165,276235
214,2017-08-03,2804.73,8.060879825454174,275356
215,2017-08-02,2710.67,11.617150336683956,274795
216,2017-08-01,2718.26,13.039658541175868,273930
217,2017-07-31,2875.34,7.586710423956869,272656
218,2017-07-30,2757.18,5.690032817967651,272025
219,2017-07-29,2726.45,5.927117518716304,271175
220,2017-07-28,2809.01,7.112541022459564,270652
221,2017-07-27,2671.78,6.401286920213607,270063
222,2017-07-26,2529.45,6.6383716209622605,269476
223,2017-07-25,2576.48,6.875456321710912,268867
224,2017-07-24,2754.86,6.401286920213607,268180
225,2017-07-23,2730.4,6.401286920213607,267571
226,2017-07-22,2810.12,6.401286920213607,266902
227,2017-07-21,2667.76,7.112541022459564,266288
228,2017-07-20,2817.6,7.3496257232082165,265662
229,2017-07-19,2273.43,6.6383716209622605,264440
230,2017-07-18,2318.88,7.112541022459564,263991
231,2017-07-17,2228.41,6.875456321710912,263274
232,2017-07-16,1929.82,7.82379512470552,262560
233,2017-07-15,1998.86,6.6383716209622605,261846
234,2017-07-14,2233.34,5.927117518716304,261132
235,2017-07-13,2357.9,6.164202219464955,260418
236,2017-07-12,2398.84,6.164202219464955,259704
237,2017-07-11,2337.79,7.112541022459564,258760
238,2017-07-10,2372.56,5.927117518716304,257817
239,2017-07-09,2518.44,5.215863416470347,257242
240,2017-07-08,2571.34,4.978778715721695,256747
241,2017-07-07,2518.66,5.452948117218999,256279
242,2017-07-06,2608.56,5.690032817967651,255851
243,2017-07-05,2601.99,5.690032817967651,255434
244,2017-07-04,2601.64,5.452948117218999,254926
245,2017-07-03,2564.06,5.452948117218999,254376
246,2017-07-02,2506.47,5.452948117218999,253850
247,2017-07-01,2434.55,5.452948117218999,253411
248,2017-06-30,2480.84,5.690032817967651,252962
249,2017-06-29,2539.32,6.6383716209622605,252605
250,2017-06-28,2574.79,7.82379512470552,252078
251,2017-06-27,2552.45,8.060879825454174,251597
252,2017-06-26,2478.45,7.112541022459564,250908
253,2017-06-25,2589.41,5.927117518716304,250205
254,2017-06-24,2608.72,6.164202219464955,249660
255,2017-06-23,2744.91,6.6383716209622605,249128
256,2017-06-22,2705.41,6.6383716209622605,248566
257,2017-06-21,2689.1,6.875456321710912,247962
258,2017-06-20,2721.79,6.875456321710912,247240
259,2017-06-19,2589.6,6.401286920213607,246523
260,2017-06-18,2548.29,6.164202219464955,245995
261,2017-06-17,2655.88,6.401286920213607,245346
262,2017-06-16,2518.56,7.82379512470552,244784
263,2017-06-15,2464.58,9.246303329197433,244258
264,2017-06-14,2506.37,7.82379512470552,243267
265,2017-06-13,2717.02,7.82379512470552,242573
266,2017-06-12,2659.63,9.009218628448782,241894
267,2017-06-11,2958.11,7.112541022459564,240976
268,2017-06-10,2947.71,6.6383716209622605,240275
269,2017-06-09,2823.81,6.875456321710912,239749
270,2017-06-08,2805.62,7.112541022459564,239277
271,2017-06-07,2732.16,8.297964526202824,238676
272,2017-06-06,2863.2,9.246303329197433,237870
273,2017-06-05,2686.81,6.875456321710912,236757
274,2017-06-04,2511.81,5.927117518716304,236018
275,2017-06-03,2515.35,6.164202219464955,235556
276,2017-06-02,2488.55,6.6383716209622605,235108
277,2017-06-01,2407.88,7.586710423956869,234618
278,2017-05-31,2286.41,7.82379512470552,234047
279,2017-05-30,2175.47,7.82379512470552,233477
280,2017-05-29,2255.61,8.060879825454174,232926
281,2017-05-28,2155.8,8.535049226951477,232331
282,2017-05-27,2038.87,10.905896234437998,231640
283,2017-05-26,2202.42,12.802573840427215,230722
284,2017-05-25,2304.98,15.884674950159694,229847
285,2017-05-24,2443.64,12.32840443892991,228163
286,2017-05-23,2320.42,11.14298093518665,227071
287,2017-05-22,2173.4,10.668811533689347,226181
288,2017-05-21,2041.2,6.6383716209622605,225127
289,2017-05-20,2084.73,6.401286920213607,224554
290,2017-05-19,1987.71,6.6383716209622605,224165
291,2017-05-18,1888.65,5.690032817967651,223790
292,2017-05-17,1839.09,6.401286920213607,223399
293,2017-05-16,1734.45,7.586710423956869,223051
294,2017-05-15,1738.43,8.297964526202824,222703
295,2017-05-14,1808.91,6.164202219464955,222359
296,2017-05-13,1804.91,7.3496257232082165,222061
297,2017-05-12,1724.24,7.112541022459564,221733
298,2017-05-11,1848.57,5.927117518716304,221325
299,2017-05-10,1787.13,5.452948117218999,220847
300,2017-05-09,1755.36,5.927117518716304,220406
301,2017-05-08,1723.35,4.504609314224391,219856
302,2017-05-07,1596.71,4.030439912727087,219447
303,2017-05-06,1578.8,4.030439912727087,219009
304,2017-05-05,1555.45,4.978778715721695,218502
305,2017-05-04,1537.67,5.215863416470347,218181
306,2017-05-03,1490.09,4.2675246134757385,217732
307,2017-05-02,1452.82,4.030439912727087,217479
308,2017-05-01,1421.6,3.7933552119784344,217134
309,2017-04-30,1347.89,3.0821011097324775,216868
310,2017-04-29,1321.79,3.0821011097324775,216705
311,2017-04-28,1316.48,3.3191858104811303,216596
312,2017-04-27,1317.73,3.3191858104811303,216466
313,2017-04-26,1281.08,3.3191858104811303,216279
314,2017-04-25,1265.49,3.0821011097324775,216085
315,2017-04-24,1250.15,2.8450164089838257,215964
316,2017-04-23,1207.21,2.6079317082351734,215883
317,2017-04-22,1231.71,2.6079317082351734,215792
318,2017-04-21,1222.05,2.8450164089838257,215677
319,2017-04-20,1229.08,2.8450164089838257,215586
320,2017-04-19,1210.29,2.8450164089838257,215457
321,2017-04-18,1211.67,3.0821011097324775,215326
322,2017-04-17,1193.91,2.8450164089838257,215230
323,2017-04-16,1182.94,2.6079317082351734,215088
324,2017-04-15,1172.52,2.6079317082351734,215012
325,2017-04-14,1167.54,2.8450164089838257,214973
326,2017-04-13,1169.28,2.8450164089838257,214874
327,2017-04-12,1200.37,3.0821011097324775,214860
328,2017-04-11,1205.01,2.8450164089838257,214790
329,2017-04-10,1187.13,2.8450164089838257,214699
330,2017-04-09,1187.87,2.8450164089838257,214615
331,2017-04-08,1175.95,2.6079317082351734,214552
332,2017-04-07,1176.9,2.8450164089838257,214470
333,2017-04-06,1182.68,2.8450164089838257,214428
334,2017-04-05,1124.78,2.8450164089838257,214354
335,2017-04-04,1133.25,3.0821011097324775,214196
336,2017-04-03,1143.81,2.8450164089838257,214037
337,2017-04-02,1102.17,2.6079317082351734,213899
338,2017-04-01,1080.5,2.6079317082351734,213780
339,2017-03-31,1071.79,2.8450164089838257,213680
340,2017-03-30,1026.43,2.8450164089838257,213612
341,2017-03-29,1039.97,3.0821011097324775,213509
342,2017-03-28,1047.15,3.0821011097324775,213407
343,2017-03-27,1045.77,3.0821011097324775,213338
344,2017-03-26,966.72,2.8450164089838257,213257
345,2017-03-25,972.78,3.556270511229782,213209
346,2017-03-24,937.52,3.3191858104811303,213072
347,2017-03-23,1038.59,3.0821011097324775,212881
348,2017-03-22,1049.14,3.3191858104811303,212727
349,2017-03-21,1120.54,3.3191858104811303,212601
350,2017-03-20,1054.23,3.3191858104811303,212447
351,2017-03-19,1036.74,3.556270511229782,212344
352,2017-03-18,973.82,4.030439912727087,212206
353,2017-03-17,1100.23,3.3191858104811303,211985
354,2017-03-16,1187.81,3.3191858104811303,211875
355,2017-03-15,1249.61,3.0821011097324775,211728
356,2017-03-14,1240.0,3.3191858104811303,211660
357,2017-03-13,1231.92,3.3191858104811303,211538
358,2017-03-12,1221.38,3.3191858104811303,211475
359,2017-03-11,1175.83,4.2675246134757385,211413
360,2017-03-11,1175.83,4.2675246134757385,211277
361,2017-03-10,1116.72,5.215863416470347,211109
362,2017-03-09,1188.49,3.7933552119784344,210786
363,2017-03-08,1150.0,4.030439912727087,210610
364,2017-03-07,1223.54,3.8236300217111054,210346
365,2017-03-06,1272.83,3.6643121041398095,210052
366,2017-03-05,1267.12,3.3456762689972166,209851
367,2017-03-04,1255.15,3.9829479392824014,209717
368,2017-03-03,1274.99,5.098173362281473,209567
369,2017-03-02,1251.01,3.8236300217111054,209416
370,2017-03-01,1222.5,3.186358351425921,209203
371,2017-02-28,1179.97,3.0270404338546255,209052
372,2017-02-27,1179.97,3.0270404338546255,208891
373,2017-02-26,1165.2,2.708404598712033,208775
374,2017-02-25,1143.84,3.186358351425921,208706
375,2017-02-24,1173.68,3.8236300217111054,208562
376,2017-02-23,1166.72,3.186358351425921,208395
377,2017-02-22,1117.44,3.0270404338546255,208192
378,2017-02-21,1115.3,3.186358351425921,208036
379,2017-02-20,1079.98,2.5490866811407367,207822
380,2017-02-19,1047.87,2.2304508459981447,207680
381,2017-02-18,1054.42,2.5490866811407367,207564
382,2017-02-17,1046.21,2.708404598712033,207454
383,2017-02-16,1027.44,2.5490866811407367,207351
384,2017-02-15,1007.48,2.3897687635694407,207239
385,2017-02-14,1004.55,2.3897687635694407,207090
386,2017-02-13,990.64,2.5490866811407367,206954
387,2017-02-12,999.18,2.5490866811407367,206828
388,2017-02-11,1004.45,2.708404598712033,206717
389,2017-02-10,988.67,2.708404598712033,206585
390,2017-02-09,994.38,3.186358351425921,206467
391,2017-02-08,1063.07,2.867722516283329,206255
392,2017-02-07,1061.35,2.708404598712033,206045
393,2017-02-06,1038.15,2.5490866811407367,205906
394,2017-02-05,1027.34,2.5490866811407367,205754
395,2017-02-04,1042.9,2.5490866811407367,205616
396,2017-02-03,1029.91,2.867722516283329,205485
397,2017-02-02,1011.8,2.708404598712033,205371
398,2017-02-01,989.02,2.5490866811407367,205182
399,2017-01-31,970.4,2.5490866811407367,204996
400,2017-01-30,920.38,2.3897687635694407,204830
401,2017-01-29,919.5,2.2304508459981447,204723
402,2017-01-28,921.59,2.2304508459981447,204581
403,2017-01-27,919.75,2.3897687635694407,204498
404,2017-01-26,917.59,2.3897687635694407,204407
405,2017-01-25,901.54,2.3897687635694407,204304
406,2017-01-24,892.69,2.5490866811407367,204199
407,2017-01-23,921.01,2.5490866811407367,204026
408,2017-01-22,924.67,2.3897687635694407,203901
409,2017-01-21,921.79,2.3897687635694407,203763
410,2017-01-20,895.03,2.5490866811407367,203659
411,2017-01-19,899.07,2.5490866811407367,203548
412,2017-01-18,886.62,2.867722516283329,203440
413,2017-01-17,907.94,2.867722516283329,203296
414,2017-01-16,831.53,2.708404598712033,203106
415,2017-01-15,821.8,2.5490866811407367,202909
416,2017-01-14,818.41,2.867722516283329,202746
417,2017-01-13,823.98,3.0270404338546255,202589
418,2017-01-12,804.83,3.8236300217111054,202456
419,2017-01-11,777.76,3.6643121041398095,202187
420,2017-01-10,907.68,3.0270404338546255,201879
421,2017-01-09,902.83,3.504994186568513,201690
422,2017-01-08,911.2,3.6643121041398095,201507
423,2017-01-07,908.59,3.9829479392824014,201275
424,2017-01-06,902.2,4.620219609567585,200992
425,2017-01-05,1013.38,5.416809197424066,200457
426,2017-01-04,1154.73,4.779537527138881,199934
427,2017-01-03,1043.84,3.9829479392824014,199536
428,2017-01-02,1021.75,4.301583774424993,199275
429,2017-01-01,998.33,2.5490866811407367,198612
430,2016-12-31,963.74,2.2304508459981447,198338
431,2016-12-30,961.24,2.708404598712033,198225
432,2016-12-29,973.5,3.186358351425921,198075
433,2016-12-28,975.92,3.186358351425921,197943
434,2016-12-27,933.2,2.867722516283329,197811
435,2016-12-26,907.61,2.5490866811407367,197679
436,2016-12-25,896.18,2.5490866811407367,197547
437,2016-12-24,898.82,2.867722516283329,197415
438,2016-12-23,921.98,3.3456762689972166,197283
439,2016-12-22,864.54,3.0270404338546255,197151
440,2016-12-21,834.28,2.5490866811407367,197019
441,2016-12-20,800.88,1.9118150108555527,196887
442,2016-12-19,792.71,2.0711329284268487,196755
443,2016-12-18,790.53,1.9118150108555527,196623
444,2016-12-17,790.83,1.9118150108555527,196491
445,2016-12-16,784.91,1.7524970932842565,196359
446,2016-12-15,778.09,1.7524970932842565,196227
447,2016-12-14,781.48,1.9118150108555527,196095
448,2016-12-13,780.56,2.0711329284268487,195963
449,2016-12-12,780.09,2.0711329284268487,195831
450,2016-12-11,769.73,1.7524970932842565,195699
451,2016-12-10,774.65,1.9118150108555527,195567
452,2016-12-09,772.79,1.9118150108555527,195435
453,2016-12-08,770.81,2.0711329284268487,195303
454,2016-12-07,768.13,1.9118150108555527,195171
455,2016-12-06,764.22,2.0711329284268487,195039
456,2016-12-05,758.7,2.0711329284268487,194907
457,2016-12-04,773.87,1.9118150108555527,194829
458,2016-12-03,771.16,1.7524970932842565,194745
459,2016-12-02,777.94,2.2304508459981447,194664
460,2016-12-01,756.77,2.0711329284268487,194583
461,2016-11-30,745.69,1.9118150108555527,194502
462,2016-11-29,735.6,2.0711329284268487,194382
463,2016-11-28,735.81,1.9118150108555527,194304
464,2016-11-27,732.03,1.7524970932842565,194226
465,2016-11-26,735.38,1.9118150108555527,194159
466,2016-11-25,741.65,1.9118150108555527,194093
467,2016-11-24,740.29,1.9118150108555527,194027
468,2016-11-23,744.59,1.9118150108555527,193965
469,2016-11-22,751.35,2.0711329284268487,193903
470,2016-11-21,739.25,1.9118150108555527,193782
471,2016-11-20,731.03,1.9118150108555527,193661
472,2016-11-19,751.62,1.9118150108555527,193570
473,2016-11-18,751.59,1.9118150108555527,193479
474,2016-11-17,740.98,2.0711329284268487,193368
475,2016-11-16,744.2,1.9118150108555527,193293
476,2016-11-15,711.62,1.9118150108555527,193186
477,2016-11-14,705.02,1.7524970932842565,193127
478,2016-11-13,702.03,1.7524970932842565,193068
479,2016-11-12,705.05,1.7524970932842565,192950
480,2016-11-11,716.41,1.7524970932842565,192893
481,2016-11-10,715.53,2.0711329284268487,192840
482,2016-11-09,723.27,2.5490866811407367,192748
483,2016-11-08,709.85,1.7524970932842565,192657
484,2016-11-07,703.13,1.9118150108555527,192566
485,2016-11-06,711.52,1.9118150108555527,192472
486,2016-11-05,703.42,1.9118150108555527,192385
487,2016-11-04,703.23,1.9118150108555527,192298
488,2016-11-03,688.7,1.9118150108555527,192211
489,2016-11-02,740.83,1.9118150108555527,192124
490,2016-11-01,729.79,2.0711329284268487,192037
491,2016-10-31,700.97,1.9118150108555527,191950
492,2016-10-30,701.86,1.9118150108555527,191863
493,2016-10-29,714.48,2.2304508459981447,191776
494,2016-10-28,689.65,2.0711329284268487,191689
495,2016-10-27,688.31,1.9118150108555527,191602
496,2016-10-26,678.3,1.7524970932842565,191515
497,2016-10-25,657.59,1.5931791757129605,191428
498,2016-10-24,653.76,1.5931791757129605,191341
499,2016-10-23,657.07,1.5931791757129605,191271
500,2016-10-22,657.29,1.4338612581416645,191201
501,2016-10-21,632.83,1.4338612581416645,191131
502,2016-10-20,630.86,1.5931791757129605,191061
503,2016-10-19,630.52,1.4338612581416645,190991
504,2016-10-18,637.96,1.5931791757129605,190921
505,2016-10-17,639.19,1.5931791757129605,190851
506,2016-10-16,641.63,1.4338612581416645,190781
507,2016-10-15,638.65,1.4338612581416645,190704
508,2016-10-14,640.38,1.5931791757129605,190646
509,2016-10-13,636.79,1.5931791757129605,190580
510,2016-10-12,636.19,1.7524970932842565,190524
511,2016-10-11,641.07,1.7524970932842565,190430
512,2016-10-10,618.99,1.4338612581416645,190309
513,2016-10-09,616.75,1.4338612581416645,190231
514,2016-10-08,619.11,1.5599729410121397,190173
515,2016-10-07,617.12,1.5042596216902775,190105
516,2016-10-06,613.02,1.3928329830465531,190017
517,2016-10-05,612.51,1.5042596216902775,189954
518,2016-10-04,610.2,1.4485463023684153,189885
519,2016-10-03,612.13,1.5042596216902775,189815
520,2016-10-02,610.89,1.281406344402829,189722
521,2016-10-01,613.98,1.4485463023684153,189646
522,2016-09-30,609.73,1.4485463023684153,189588
523,2016-09-29,605.69,1.3371196637246912,189499
524,2016-09-28,604.73,1.4485463023684153,189427
525,2016-09-27,606.17,1.4485463023684153,189355
526,2016-09-26,608.04,1.5042596216902775,189277
527,2016-09-25,600.83,1.3928329830465531,189201
528,2016-09-24,602.63,1.3928329830465531,189132
529,2016-09-23,602.84,1.4485463023684153,189069
530,2016-09-22,596.3,1.5599729410121397,189003
531,2016-09-21,597.15,1.7271128989777262,188927
532,2016-09-20,608.31,1.5042596216902775,188835
533,2016-09-19,609.23,1.4485463023684153,188735
534,2016-09-18,609.87,1.4485463023684153,188668
535,2016-09-17,605.98,1.4485463023684153,188568
536,2016-09-16,606.97,1.3928329830465531,188482
537,2016-09-15,607.16,1.4485463023684153,188411
538,2016-09-14,610.68,1.5042596216902775,188334
539,2016-09-13,609.24,1.5599729410121397,188231
540,2016-09-12,608.24,1.5042596216902775,188158
541,2016-09-11,606.72,1.5599729410121397,188014
542,2016-09-10,623.51,1.6156862603340016,187922
543,2016-09-09,622.86,1.6713995796558638,187849
544,2016-09-08,626.32,1.7271128989777262,187724
545,2016-09-07,614.54,1.5599729410121397,187567
546,2016-09-06,610.44,1.4485463023684153,187494
547,2016-09-05,606.59,1.5599729410121397,187416
548,2016-09-04,608.63,1.5599729410121397,187348
549,2016-09-03,598.21,1.5042596216902775,187273
550,2016-09-02,575.54,1.3928329830465531,187235
551,2016-09-01,572.3,1.3928329830465531,187176
552,2016-08-31,575.47,1.4485463023684153,187137
553,2016-08-30,577.5,1.3928329830465531,186983
554,2016-08-29,574.11,1.4485463023684153,186912
555,2016-08-28,573.91,1.4485463023684153,186844
556,2016-08-27,569.95,1.3371196637246912,186785
557,2016-08-26,579.65,1.5042596216902775,186710
558,2016-08-25,577.76,1.4485463023684153,186634
559,2016-08-24,580.18,1.5042596216902775,186560
560,2016-08-23,583.41,1.5599729410121397,186494
561,2016-08-22,586.75,1.5042596216902775,186432
562,2016-08-21,581.31,1.281406344402829,186376
563,2016-08-20,581.7,1.3928329830465531,186322
564,2016-08-19,575.63,1.3928329830465531,186272
565,2016-08-18,574.32,1.4485463023684153,186217
566,2016-08-17,573.22,1.5042596216902775,186182
567,2016-08-16,577.44,1.4485463023684153,186111
568,2016-08-15,567.24,1.5599729410121397,186041
569,2016-08-14,570.47,1.281406344402829,185966
570,2016-08-13,585.59,1.4485463023684153,185899
571,2016-08-12,587.56,1.3928329830465531,185826
572,2016-08-11,589.12,1.5599729410121397,185769
573,2016-08-10,592.1,1.5042596216902775,185721
574,2016-08-09,587.8,1.6156862603340016,185625
575,2016-08-08,591.05,1.6713995796558638,185527
576,2016-08-07,592.69,1.6713995796558638,185459
577,2016-08-06,587.78,1.5599729410121397,185351
578,2016-08-05,575.04,1.8942528569433121,185230
579,2016-08-04,578.29,2.2842460921963474,185060
580,2016-08-03,566.35,3.3427991593117277,184902
581,2016-08-02,547.47,2.0056794955870365,184390
582,2016-08-01,606.27,1.6156862603340016,184086
583,2016-07-31,624.68,1.4485463023684153,184003
584,2016-07-30,655.05,1.4485463023684153,183910
585,2016-07-29,656.99,1.5042596216902775,183859
586,2016-07-28,655.03,1.5042596216902775,183796
587,2016-07-27,654.35,1.7271128989777262,183718
588,2016-07-26,651.78,1.6713995796558638,183660
589,2016-07-25,654.1,1.5599729410121397,183586
590,2016-07-24,661.28,1.4485463023684153,183509
591,2016-07-23,655.56,1.3371196637246912,183468
592,2016-07-22,650.62,1.5042596216902775,183417
593,2016-07-21,665.01,1.4485463023684153,183385
594,2016-07-20,665.68,1.4485463023684153,183337
595,2016-07-19,672.86,1.6713995796558638,183274
596,2016-07-18,673.11,1.5042596216902775,183205
597,2016-07-17,679.46,1.5599729410121397,183144
598,2016-07-16,660.77,1.4485463023684153,183078
599,2016-07-15,663.26,1.5042596216902775,183009
600,2016-07-14,658.08,1.6156862603340016,182954
601,2016-07-13,654.47,1.7271128989777262,182877
602,2016-07-12,664.55,1.782826218299588,182799
603,2016-07-11,647.66,1.8942528569433121,182739
604,2016-07-10,649.36,2.117106134230761,182653
605,2016-07-09,650.96,2.395672730840072,182549
606,2016-07-08,666.52,2.0056794955870365,182458
607,2016-07-07,640.56,2.0056794955870365,182390
608,2016-07-06,677.33,1.8385395376214504,182360
609,2016-07-05,670.63,1.9499661762651745,182257
610,2016-07-04,683.66,1.8385395376214504,182155
611,2016-07-03,658.66,2.0056794955870365,182053
612,2016-07-02,703.7,1.8385395376214504,181951
613,2016-07-01,676.3,1.8942528569433121,181849
614,2016-06-30,673.34,1.9499661762651745,181747
615,2016-06-29,639.89,2.0056794955870365,181645
616,2016-06-28,647.0,2.117106134230761,181563
617,2016-06-27,655.28,2.2842460921963474,181471
618,2016-06-26,629.37,2.061392814908899,181384
619,2016-06-25,665.12,2.3399594115182096,181298
620,2016-06-24,665.3,3.4542257979554525,181185
621,2016-06-23,623.98,2.5070993694837957,181046
622,2016-06-22,596.12,2.3399594115182096,180932
623,2016-06-21,666.65,2.61852600812752,180783
624,2016-06-20,737.23,2.3399594115182096,180617
625,2016-06-19,763.78,2.395672730840072,180463
626,2016-06-18,756.23,2.395672730840072,180343
627,2016-06-17,748.91,2.8413792854149684,180159
628,2016-06-16,766.31,2.8413792854149684,180007
629,2016-06-15,694.47,2.228532772874485,179799
630,2016-06-14,685.56,2.61852600812752,179662
631,2016-06-13,704.38,3.064232562702417,179508
632,2016-06-12,672.78,2.6742393274493823,179307
633,2016-06-11,606.73,1.7271128989777262,179085
634,2016-06-10,577.47,1.6713995796558638,179004
635,2016-06-09,574.63,1.782826218299588,178938
636,2016-06-08,581.65,1.782826218299588,178859
637,2016-06-07,576.6,1.9499661762651745,178789
638,2016-06-06,585.54,1.8942528569433121,178715
639,2016-06-05,574.98,1.782826218299588,178662
640,2016-06-04,572.73,1.8942528569433121,178591
641,2016-06-03,569.19,1.9499661762651745,178504
642,2016-06-02,537.97,1.7271128989777262,178421
643,2016-06-01,536.92,1.8385395376214504,178356
644,2016-05-31,531.39,2.117106134230761,178266
645,2016-05-30,533.86,2.172819453552623,178161
646,2016-05-29,526.23,1.9499661762651745,178067
647,2016-05-28,530.04,1.782826218299588,177976
648,2016-05-27,473.46,1.6156862603340016,177912
649,2016-05-26,453.38,1.4485463023684153,177842
650,2016-05-25,449.6,1.4485463023684153,177819
651,2016-05-24,445.98,1.4485463023684153,177782
652,2016-05-23,444.15,1.5042596216902775,177726
653,2016-05-22,439.32,1.3928329830465531,177673
654,2016-05-21,443.19,1.281406344402829,177615
655,2016-05-20,442.68,1.3928329830465531,177568
656,2016-05-19,438.71,1.5042596216902775,177517
657,2016-05-18,454.62,1.3928329830465531,177415
658,2016-05-17,453.78,1.3928329830465531,177368
659,2016-05-16,454.16,1.5042596216902775,177335
660,2016-05-15,457.57,1.3371196637246912,177282
661,2016-05-14,455.67,1.3371196637246912,177248
662,2016-05-13,455.67,1.5042596216902775,177189
663,2016-05-12,454.77,1.5599729410121397,177139
664,2016-05-11,452.73,1.598925267003325,177101
665,2016-05-10,450.89,1.6902924251178004,177024
666,2016-05-09,460.48,1.7816595832322764,176983
667,2016-05-08,458.55,1.598925267003325,176912
668,2016-05-07,458.54,1.6902924251178004,176812
669,2016-05-06,459.6,1.8273431622895142,176743
670,2016-05-05,447.98,1.9643938994612278,176646
671,2016-05-04,446.72,1.9643938994612278,176493
672,2016-05-03,450.3,2.786698322491509,176273
673,2016-05-02,444.67,4.5683579057237855,176086
674,2016-05-01,451.88,1.324823792659898,175567
675,2016-04-30,448.32,1.4618745298316111,175515
676,2016-04-29,455.1,1.4618745298316111,175477
677,2016-04-28,449.01,1.6902924251178004,175419
678,2016-04-27,444.69,1.5532416879460869,175370
679,2016-04-26,466.09,1.6446088460605628,175306
680,2016-04-25,461.43,1.598925267003325,175226
681,2016-04-24,458.55,1.507558108888849,175154
682,2016-04-23,450.28,1.324823792659898,175100
683,2016-04-22,445.74,1.507558108888849,175044
684,2016-04-21,449.42,1.507558108888849,175013
685,2016-04-20,441.39,1.4161909507743737,174967
686,2016-04-19,435.51,1.3705073717171354,174901
687,2016-04-18,428.59,1.2791402136026597,174859
688,2016-04-17,427.4,1.187773055488184,174823
689,2016-04-16,430.57,1.233456634545422,174781
690,2016-04-15,429.71,1.324823792659898,174750
691,2016-04-14,424.28,1.324823792659898,174717
692,2016-04-13,423.73,1.2791402136026597,174664
693,2016-04-12,425.19,1.4161909507743737,174622
694,2016-04-11,422.48,1.4618745298316111,174574
695,2016-04-10,421.56,1.3705073717171354,174528
696,2016-04-09,419.41,1.2791402136026597,174441
697,2016-04-08,420.35,1.3705073717171354,174407
698,2016-04-07,422.74,1.2791402136026597,174372
699,2016-04-06,423.41,1.3705073717171354,174293
700,2016-04-05,424.03,1.2791402136026597,174265
701,2016-04-04,421.44,1.324823792659898,174223
702,2016-04-03,420.9,1.324823792659898,174171
703,2016-04-02,420.87,1.2791402136026597,174143
704,2016-04-01,417.96,1.324823792659898,174136
705,2016-03-31,416.73,1.507558108888849,174032
706,2016-03-30,414.82,1.507558108888849,173996
707,2016-03-29,416.52,1.4161909507743737,173973
708,2016-03-28,424.23,1.4161909507743737,173932
709,2016-03-27,426.77,1.2791402136026597,173885
710,2016-03-26,417.95,1.187773055488184,173855
711,2016-03-25,417.18,1.2791402136026597,173836
712,2016-03-24,416.39,1.3705073717171354,173823
713,2016-03-23,418.04,1.324823792659898,173815
714,2016-03-22,418.09,1.4161909507743737,173781
715,2016-03-21,413.31,1.3705073717171354,173759
716,2016-03-20,413.76,1.233456634545422,173632
717,2016-03-19,410.44,1.2791402136026597,173619
718,2016-03-18,409.55,1.4161909507743737,173616
719,2016-03-17,420.62,1.4161909507743737,173579
720,2016-03-16,417.01,1.3705073717171354,173537
721,2016-03-15,416.83,1.4618745298316111,173523
722,2016-03-14,416.44,1.4161909507743737,173498
723,2016-03-13,414.07,1.3705073717171354,173480
724,2016-03-12,411.62,1.2791402136026597,173462
725,2016-03-12,411.62,1.2791402136026597,173445
726,2016-03-11,421.69,1.3705073717171354,173448
727,2016-03-10,417.13,1.324823792659898,173447
728,2016-03-09,414.86,1.4161909507743737,173409
729,2016-03-08,413.97,1.4618745298316111,173410
730,2016-03-07,414.32,1.507558108888849,173374
731,2016-03-06,407.71,1.3705073717171354,173392
732,2016-03-05,400.57,1.507558108888849,173363
733,2016-03-04,410.94,1.4618745298316111,173375
734,2016-03-03,421.65,1.5532416879460869,173344
735,2016-03-02,423.99,1.3705073717171354,173321
736,2016-03-01,435.12,1.5532416879460869,173269
737,2016-02-29,437.7,1.3705073717171354,173243
738,2016-02-28,433.5,1.324823792659898,173189
739,2016-02-27,432.52,1.3705073717171354,173165
740,2016-02-26,432.15,1.3705073717171354,173151
741,2016-02-25,424.54,1.4618745298316111,173083
742,2016-02-24,424.95,1.507558108888849,173025
743,2016-02-23,420.74,1.507558108888849,172972
744,2016-02-22,437.75,1.507558108888849,172927
745,2016-02-21,438.8,1.6446088460605628,172918
746,2016-02-20,437.16,1.598925267003325,172888
747,2016-02-19,420.79,1.598925267003325,172834
748,2016-02-18,422.37,1.7816595832322764,172773
749,2016-02-17,416.32,1.598925267003325,172700
750,2016-02-16,407.49,1.5532416879460869,172615
751,2016-02-15,400.18,1.5532416879460869,172599
752,2016-02-14,407.23,1.4618745298316111,172556
753,2016-02-13,391.86,1.3705073717171354,172515
754,2016-02-12,384.26,1.4618745298316111,172485
755,2016-02-11,379.65,1.4618745298316111,172445
756,2016-02-10,381.65,1.4618745298316111,172372
757,2016-02-09,376.03,1.3705073717171354,172306
758,2016-02-08,373.45,1.3705073717171354,172257
759,2016-02-07,376.62,1.324823792659898,172200
760,2016-02-06,376.52,1.324823792659898,172160
761,2016-02-05,386.55,1.233456634545422,172149
762,2016-02-04,389.59,1.4618745298316111,172125
763,2016-02-03,369.95,1.3705073717171354,172108
764,2016-02-02,374.45,1.4161909507743737,172063
765,2016-02-01,373.06,1.3705073717171354,172029
766,2016-01-31,368.77,1.324823792659898,172016
767,2016-01-30,378.26,1.324823792659898,172000
768,2016-01-29,379.47,1.324823792659898,171957
769,2016-01-28,380.29,1.4618745298316111,171902
770,2016-01-27,394.97,1.4618745298316111,171851
771,2016-01-26,392.15,1.4618745298316111,171828
772,2016-01-25,391.73,1.4161909507743737,171799
773,2016-01-24,402.97,1.4161909507743737,171787
774,2016-01-23,387.49,1.4618745298316111,171801
775,2016-01-22,382.49,1.598925267003325,171779
776,2016-01-21,410.26,1.7359760041750383,171735
777,2016-01-20,420.23,1.7816595832322764,171647
778,2016-01-19,380.15,1.6446088460605628,171622
779,2016-01-18,387.17,1.7816595832322764,171580
780,2016-01-17,382.3,1.8730267413467518,171571
781,2016-01-16,387.54,2.1928117947474166,171524
782,2016-01-15,364.33,2.147128215690179,171448
783,2016-01-14,430.31,1.4161909507743737,171368
784,2016-01-13,432.37,1.5532416879460869,171313
785,2016-01-12,435.69,1.507558108888849,171291
786,2016-01-11,448.43,1.507558108888849,171230
787,2016-01-10,447.99,1.4618745298316111,171175
788,2016-01-09,447.61,1.4618745298316111,171134
789,2016-01-08,453.23,1.7359760041750383,171071
790,2016-01-07,458.05,1.6902924251178004,171005
791,2016-01-06,429.11,1.4618745298316111,170919
792,2016-01-05,431.96,1.4618745298316111,170861
793,2016-01-04,433.09,1.507558108888849,170951
794,2016-01-03,430.01,1.4161909507743737,171101
795,2016-01-02,433.44,1.4618745298316111,171297
796,2016-01-01,434.33,1.324823792659898,171472
797,2015-12-31,430.57,1.3705073717171354,171685
798,2015-12-30,426.62,1.5532416879460869,171914
799,2015-12-29,432.98,1.507558108888849,172231
800,2015-12-28,422.28,1.6902924251178004,172681
801,2015-12-27,422.82,1.5532416879460869,173261
802,2015-12-26,417.27,1.6446088460605628,173724
803,2015-12-25,455.65,1.4161909507743737,174076
804,2015-12-24,454.98,1.4618745298316111,174618
805,2015-12-23,442.4,1.5532416879460869,174969
806,2015-12-22,436.57,1.5532416879460869,175187
807,2015-12-21,438.64,1.507558108888849,175491
808,2015-12-20,442.68,1.507558108888849,175778
809,2015-12-19,462.32,1.598925267003325,176031
810,2015-12-18,463.62,1.6902924251178004,176318
811,2015-12-17,456.08,1.6446088460605628,176564
812,2015-12-16,454.93,1.7816595832322764,176901
813,2015-12-15,465.32,1.8730267413467518,177194
814,2015-12-14,444.18,1.6902924251178004,177563
815,2015-12-13,433.76,1.7049252451628223,177495
816,2015-12-12,435.0,1.863522942387271,177441
817,2015-12-11,451.94,1.9824712153056074,177362
818,2015-12-10,415.48,2.5375631555911777,177317
819,2015-12-09,417.56,3.964942430611215,177188
820,2015-12-08,415.56,1.863522942387271,177009
821,2015-12-07,395.54,1.5463275479383736,176776
822,2015-12-06,388.78,1.4273792750200371,176750
823,2015-12-05,388.95,1.348080426407813,176695
824,2015-12-04,363.18,1.308431002101701,176636
825,2015-12-03,361.05,1.387729850713925,176589
826,2015-12-02,359.19,1.348080426407813,176528
827,2015-12-01,362.49,1.5066781236322617,176468
828,2015-11-30,377.32,1.5463275479383736,176396
829,2015-11-29,371.29,1.348080426407813,176369
830,2015-11-28,357.38,1.308431002101701,176323
831,2015-11-27,358.04,1.4273792750200371,176292
832,2015-11-26,352.68,1.5463275479383736,176238
833,2015-11-25,328.21,1.348080426407813,176191
834,2015-11-24,320.05,1.4670286993261497,176163
835,2015-11-23,323.05,1.4670286993261497,176117
836,2015-11-22,324.54,1.4273792750200371,176057
837,2015-11-21,326.93,1.4670286993261497,176002
838,2015-11-20,322.02,1.5463275479383736,175939
839,2015-11-19,326.15,1.5859769722444859,175873
840,2015-11-18,334.59,1.5066781236322617,175845
841,2015-11-17,335.09,1.387729850713925,175785
842,2015-11-16,330.75,1.4273792750200371,175728
843,2015-11-15,320.17,1.2687815777955889,175685
844,2015-11-14,332.91,1.308431002101701,175632
845,2015-11-13,336.75,1.5066781236322617,175592
846,2015-11-12,338.15,1.6256263965505982,175540
847,2015-11-11,311.08,1.7445746694689344,175473
848,2015-11-10,336.82,1.7445746694689344,175410
849,2015-11-09,380.26,1.7842240937750466,175367
850,2015-11-08,373.37,1.6256263965505982,175304
851,2015-11-07,386.48,1.8238735180811585,175357
852,2015-11-06,374.47,2.180718336836168,175554
853,2015-11-05,386.35,2.9737068229584107,175511
854,2015-11-04,411.56,3.33055164171342,175327
855,2015-11-03,403.42,2.616862004203402,174994
856,2015-11-02,361.19,1.7842240937750466,174734
857,2015-11-01,325.43,1.5859769722444859,174655
858,2015-10-31,314.17,1.4670286993261497,174548
859,2015-10-30,328.02,1.8238735180811585,174491
860,2015-10-29,313.86,1.6256263965505982,174420
861,2015-10-28,304.62,1.4670286993261497,174326
862,2015-10-27,293.79,1.4273792750200371,174257
863,2015-10-26,285.3,1.348080426407813,174187
864,2015-10-25,283.68,1.387729850713925,174124
865,2015-10-24,281.65,1.1894827291833643,174061
866,2015-10-23,276.5,1.308431002101701,174022
867,2015-10-22,274.02,1.348080426407813,173990
868,2015-10-21,266.27,1.2687815777955889,173937
869,2015-10-20,269.46,1.2687815777955889,173907
870,2015-10-19,263.44,1.1101838805711401,173853
871,2015-10-18,261.64,1.2687815777955889,173794
872,2015-10-17,270.64,1.1498333048772522,173752
873,2015-10-16,262.87,1.1498333048772522,173713
874,2015-10-15,254.32,1.1101838805711401,173669
875,2015-10-14,251.99,1.1498333048772522,173611
876,2015-10-13,249.51,1.1101838805711401,173567
877,2015-10-12,245.31,1.1498333048772522,173529
878,2015-10-11,247.05,1.070534456265028,173480
879,2015-10-10,244.94,1.1101838805711401,173449
880,2015-10-09,243.93,1.1101838805711401,173413
881,2015-10-08,242.3,1.2291321534894768,173358
882,2015-10-07,242.97,1.1894827291833643,173306
883,2015-10-06,246.06,1.1894827291833643,173243
884,2015-10-05,240.38,1.070534456265028,173194
885,2015-10-04,238.26,1.1101838805711401,173169
886,2015-10-03,238.73,0.9912356076528037,173136
887,2015-10-02,237.29,1.0308850319589158,173101
888,2015-10-01,237.55,1.070534456265028,173073
889,2015-09-30,236.06,1.1498333048772522,173057
890,2015-09-29,236.69,1.1101838805711401,173034
891,2015-09-28,239.14,1.1101838805711401,173002
892,2015-09-27,232.76,1.070534456265028,172973
893,2015-09-26,234.34,1.1498333048772522,172942
894,2015-09-25,235.14,1.1498333048772522,172922
895,2015-09-24,234.53,1.1101838805711401,172873
896,2015-09-23,230.28,1.1894827291833643,172821
897,2015-09-22,230.62,1.2687815777955889,172773
898,2015-09-21,227.09,1.1498333048772522,172728
899,2015-09-20,231.21,1.070534456265028,172665
900,2015-09-19,231.49,1.1894827291833643,172637
901,2015-09-18,232.98,1.2291321534894768,172592
902,2015-09-17,229.81,1.2687815777955889,172528
903,2015-09-16,229.09,1.1498333048772522,172459
904,2015-09-15,230.3,1.1894827291833643,172413
905,2015-09-14,230.64,1.1101838805711401,172382
906,2015-09-13,230.51,1.0308850319589158,172348
907,2015-09-12,235.23,0.9912356076528037,172295
908,2015-09-11,240.11,1.1894827291833643,172259
909,2015-09-10,238.48,1.1101838805711401,172225
910,2015-09-09,238.17,1.1498333048772522,172187
911,2015-09-08,243.61,1.1894827291833643,172115
912,2015-09-07,239.85,1.1101838805711401,172182
913,2015-09-06,239.84,1.1894827291833643,172380
914,2015-09-05,235.02,1.070534456265028,172335
915,2015-09-04,230.3,1.1101838805711401,172308
916,2015-09-03,227.18,1.1101838805711401,172298
917,2015-09-02,229.28,1.2291321534894768,172290
918,2015-09-01,228.12,1.2291321534894768,172282
919,2015-08-31,230.06,1.1498333048772522,172230
920,2015-08-30,228.76,1.2291321534894768,172184
921,2015-08-29,229.78,1.1894827291833643,172157
922,2015-08-28,231.4,1.2291321534894768,172122
923,2015-08-27,224.77,1.2291321534894768,172098
924,2015-08-26,225.83,1.387729850713925,172047
925,2015-08-25,221.61,1.5859769722444859,172041
926,2015-08-24,210.49,1.5859769722444859,171981
927,2015-08-23,228.17,1.348080426407813,171891
928,2015-08-22,230.39,1.308431002101701,171856
929,2015-08-21,232.57,1.4273792750200371,171817
930,2015-08-20,235.35,1.5066781236322617,171772
931,2015-08-19,226.68,1.66527582085671,171741
932,2015-08-18,211.08,1.308431002101701,171678
933,2015-08-17,257.98,1.1498333048772522,171646
934,2015-08-16,258.51,1.1498333048772522,171778
935,2015-08-15,261.55,1.0308850319589158,171979
936,2015-08-14,265.68,1.1498333048772522,171993
937,2015-08-13,264.08,1.1498333048772522,171955
938,2015-08-12,266.38,1.1101838805711401,171878
939,2015-08-11,270.39,1.2291321534894768,171817
940,2015-08-10,264.47,1.1101838805711401,171763
941,2015-08-09,265.08,1.1101838805711401,171709
942,2015-08-08,261.0,1.1498333048772522,171639
943,2015-08-07,279.58,1.1498333048772522,171577
944,2015-08-06,278.58,1.1894827291833643,171493
945,2015-08-05,281.88,1.2687815777955889,171415
946,2015-08-04,285.22,1.308431002101701,171327
947,2015-08-03,281.23,1.348080426407813,171225
948,2015-08-02,282.61,1.6256263965505982,171150
949,2015-08-01,281.6,1.8238735180811585,171092
950,2015-07-31,284.65,1.1498333048772522,170987
951,2015-07-30,287.72,1.1101838805711401,170929
952,2015-07-29,289.59,1.2291321534894768,170827
953,2015-07-28,294.43,1.2291321534894768,170735
954,2015-07-27,293.62,1.387729850713925,170626
955,2015-07-26,292.69,1.2687815777955889,170516
956,2015-07-25,288.7,1.1101838805711401,170438
957,2015-07-24,288.28,1.1894827291833643,170371
958,2015-07-23,276.05,1.1894827291833643,170275
959,2015-07-22,277.22,1.1498333048772522,170182
960,2015-07-21,275.83,1.1894827291833643,170072
961,2015-07-20,278.98,1.1894827291833643,169948
962,2015-07-19,273.61,1.2687815777955889,169870
963,2015-07-18,274.9,1.2687815777955889,169811
964,2015-07-17,279.47,1.2291321534894768,169719
965,2015-07-16,278.09,1.3281285026926077,169632
966,2015-07-15,285.83,1.283107197516587,169522
967,2015-07-14,287.46,1.3956604604566387,169421
968,2015-07-13,292.05,1.4857030708086798,169308
969,2015-07-12,310.87,1.5982563337487314,169193
970,2015-07-11,293.11,1.3956604604566387,169051
971,2015-07-10,284.89,1.4857030708086798,168968
972,2015-07-09,269.23,1.4181711130446488,168824
973,2015-07-08,270.79,1.5082137233966901,168731
974,2015-07-07,266.21,1.4631924182206697,168618
975,2015-07-06,269.03,1.5532350285727106,168494
976,2015-07-05,271.91,1.4406817656326594,168353
977,2015-07-04,260.89,1.3056178501045974,168244
978,2015-07-03,256.34,1.3281285026926077,168166
979,2015-07-02,255.41,1.283107197516587,168106
980,2015-07-01,258.62,1.4181711130446488,168029
981,2015-06-30,263.07,1.6882989441007723,167958
982,2015-06-29,257.06,1.3506391552806178,167847
983,2015-06-28,249.01,1.0580006716364843,167767
984,2015-06-27,250.99,1.125532629400515,167705
985,2015-06-26,243.59,1.0129793664604636,167665
986,2015-06-25,242.8,1.2380858923405664,167623
987,2015-06-24,240.51,1.0580006716364843,167535
988,2015-06-23,244.3,1.125532629400515,167500
989,2015-06-22,246.99,1.0805113242244944,167448
990,2015-06-21,243.94,1.1030219768125047,167426
991,2015-06-20,245.21,1.2380858923405664,167404
992,2015-06-19,244.61,1.3281285026926077,167349
993,2015-06-18,249.01,2.25106525880103,167315
994,2015-06-17,249.28,1.260596544928577,167255
995,2015-06-16,250.9,1.1705539345765357,167203
996,2015-06-15,236.82,1.0354900190484737,167163
997,2015-06-14,233.54,1.0354900190484737,167115
998,2015-06-13,232.4,0.9454474086964326,167064
999,2015-06-12,229.98,0.9679580612844428,167026
1000,2015-06-11,229.71,1.0129793664604636,166988
1001,2015-06-10,228.8,1.1030219768125047,166944
1002,2015-06-09,229.05,1.0805113242244944,166911
1003,2015-06-08,228.49,1.0129793664604636,166883
1004,2015-06-07,222.88,1.0805113242244944,166823
1005,2015-06-06,225.62,1.0129793664604636,166788
1006,2015-06-05,224.95,1.0580006716364843,166475
1007,2015-06-04,224.32,1.1705539345765357,166426
1008,2015-06-03,225.87,1.0580006716364843,166358
1009,2015-06-02,225.8,1.1480432819885253,166292
1010,2015-06-01,222.93,1.1030219768125047,166203
1011,2015-05-31,230.19,1.215575239752556,166157
1012,2015-05-30,233.35,1.3731498078686282,166080
1013,2015-05-29,237.1,1.1705539345765357,165997
1014,2015-05-28,237.41,1.0580006716364843,165911
1015,2015-05-27,237.28,1.0580006716364843,165842
1016,2015-05-26,237.12,1.1480432819885253,165763
1017,2015-05-25,237.11,1.0354900190484737,165695
1018,2015-05-24,240.95,1.1480432819885253,165636
1019,2015-05-23,238.87,1.1480432819885253,165580
1020,2015-05-22,240.35,1.1030219768125047,165538
1021,2015-05-21,235.34,1.1480432819885253,165477
1022,2015-05-20,234.02,1.283107197516587,165409
1023,2015-05-19,231.95,1.260596544928577,165343
1024,2015-05-18,233.13,1.1480432819885253,165270
1025,2015-05-17,236.8,1.1030219768125047,165229
1026,2015-05-16,236.15,1.0354900190484737,165186
1027,2015-05-15,237.6,1.1030219768125047,165133
1028,2015-05-14,236.93,1.3056178501045974,165044
1029,2015-05-13,236.38,1.125532629400515,164994
1030,2015-05-12,241.11,1.0805113242244944,164946
1031,2015-05-11,242.16,1.1030219768125047,164895
1032,2015-05-10,240.3,0.9904687138724533,164869
1033,2015-05-09,241.83,0.9454474086964326,164845
1034,2015-05-08,243.86,1.0354900190484737,164835
1035,2015-05-07,237.33,1.0580006716364843,164814
1036,2015-05-06,229.78,1.0580006716364843,164811
1037,2015-05-05,236.12,1.0354900190484737,164774
1038,2015-05-04,239.02,1.1030219768125047,164730
1039,2015-05-03,240.36,0.9679580612844428,164683
1040,2015-05-02,234.93,0.9679580612844428,164637
1041,2015-05-01,232.08,1.1030219768125047,164596
1042,2015-04-30,236.15,1.2380858923405664,164571
1043,2015-04-29,225.81,1.1030219768125047,164539
1044,2015-04-28,225.85,1.0805113242244944,164463
1045,2015-04-27,229.29,1.1705539345765357,164422
1046,2015-04-26,219.43,1.125532629400515,164351
1047,2015-04-25,226.39,0.9679580612844428,164284
1048,2015-04-24,231.27,1.0805113242244944,164220
1049,2015-04-23,236.46,1.1705539345765357,164154
1050,2015-04-22,234.18,1.260596544928577,164022
1051,2015-04-21,235.27,1.193064587164546,163800
1052,2015-04-20,224.63,1.1030219768125047,163519
1053,2015-04-19,222.6,1.0580006716364843,163271
1054,2015-04-18,223.36,0.9904687138724533,163114
1055,2015-04-17,222.88,1.0354900190484737,162895
1056,2015-04-16,228.57,1.1480432819885253,162747
1057,2015-04-15,223.83,1.0805113242244944,162701
1058,2015-04-14,219.16,1.2380858923405664,162666
1059,2015-04-13,224.59,1.125532629400515,162462
1060,2015-04-12,236.15,1.1030219768125047,162298
1061,2015-04-11,236.55,1.0805113242244944,162122
1062,2015-04-10,236.07,1.1705539345765357,161903
1063,2015-04-09,243.68,1.2380858923405664,161709
1064,2015-04-08,245.02,1.215575239752556,161491
1065,2015-04-07,253.18,1.1705539345765357,161321
1066,2015-04-06,255.49,1.1705539345765357,161100
1067,2015-04-05,260.6,1.0805113242244944,161004
1068,2015-04-04,253.7,1.1030219768125047,160852
1069,2015-04-03,254.32,1.1705539345765357,160662
1070,2015-04-02,253.01,1.215575239752556,160434
1071,2015-04-01,247.27,1.1705539345765357,160169
1072,2015-03-31,244.22,1.283107197516587,160072
1073,2015-03-30,247.53,1.283107197516587,159949
1074,2015-03-29,242.71,1.125532629400515,159725
1075,2015-03-28,252.8,1.0129793664604636,159532
1076,2015-03-27,247.03,1.1030219768125047,159347
1077,2015-03-26,248.53,1.1705539345765357,159227
1078,2015-03-25,246.2,1.3731498078686282,159074
1079,2015-03-24,245.6,1.2380858923405664,158894
1080,2015-03-23,266.74,1.260596544928577,158633
1081,2015-03-22,267.96,1.1480432819885253,158410
1082,2015-03-21,260.02,1.260596544928577,158150
1083,2015-03-20,261.75,1.260596544928577,157917
1084,2015-03-19,260.93,1.3281285026926077,157639
1085,2015-03-18,256.3,1.3281285026926077,157444
1086,2015-03-17,285.51,1.283107197516587,157223
1087,2015-03-16,290.59,1.3506391552806178,156953
1088,2015-03-15,286.39,1.3281285026926077,156733
1089,2015-03-14,281.89,1.215575239752556,156514
1090,2015-03-13,285.34,1.4406817656326594,156315
1091,2015-03-12,294.35,1.3731498078686282,156087
1092,2015-03-11,296.38,1.4406817656326594,155868
1093,2015-03-10,291.76,1.4631924182206697,155730
1094,2015-03-09,289.61,1.3506391552806178,155558
1095,2015-03-08,274.35,1.3731498078686282,155507
1096,2015-03-07,276.26,1.6207669863367415,155457
1097,2015-03-07,276.26,1.6207669863367415,155321
1098,2015-03-06,272.72,1.5757456811607211,155220
1099,2015-03-05,276.18,1.3731498078686282,155129
1100,2015-03-04,273.09,1.3056178501045974,154932
1101,2015-03-03,281.7,1.3731498078686282,154798
1102,2015-03-02,275.67,1.283107197516587,154692
1103,2015-03-01,260.2,1.1705539345765357,154597
1104,2015-02-28,254.26,1.1705539345765357,154503
1105,2015-02-27,253.83,1.125532629400515,154413
1106,2015-02-26,236.43,1.2380858923405664,154324
1107,2015-02-25,237.47,1.1705539345765357,154207
1108,2015-02-24,238.74,1.215575239752556,154097
1109,2015-02-23,238.89,1.283107197516587,153981
1110,2015-02-22,235.98,1.283107197516587,153861
1111,2015-02-21,244.53,1.3281285026926077,153789
1112,2015-02-20,243.78,2.025958732920927,153683
1113,2015-02-19,240.28,1.4181711130446488,153473
1114,2015-02-18,236.33,1.4181711130446488,153218
1115,2015-02-17,243.61,1.3056178501045974,153076
1116,2015-02-16,233.84,1.2854144128972855,152895
1117,2015-02-15,234.82,1.2562004489678018,152729
1118,2015-02-14,257.32,1.226986485038318,152543
1119,2015-02-13,235.43,1.2854144128972855,152393
1120,2015-02-12,221.76,1.3438423407562532,152248
1121,2015-02-11,219.18,1.373056304685737,152043
1122,2015-02-10,219.84,1.460698196474188,151918
1123,2015-02-09,220.11,1.460698196474188,151808
1124,2015-02-08,223.41,1.460698196474188,151739
1125,2015-02-07,227.75,1.5191261243331557,151684
1126,2015-02-06,222.27,1.2562004489678018,151578
1127,2015-02-05,217.11,1.373056304685737,151484
1128,2015-02-04,226.85,1.3146283768267693,151383
1129,2015-02-03,227.27,1.3438423407562532,151250
1130,2015-02-02,238.23,1.1685585571793504,151134
1131,2015-02-01,226.97,1.2562004489678018,151037
1132,2015-01-31,217.46,1.1685585571793504,150957
1133,2015-01-30,226.43,1.373056304685737,150890
1134,2015-01-29,233.51,1.373056304685737,150803
1135,2015-01-28,233.91,1.5191261243331557,150684
1136,2015-01-27,263.48,1.5775540521921232,150551
1137,2015-01-26,273.47,1.840479727557477,150406
1138,2015-01-25,253.72,1.2854144128972855,150130
1139,2015-01-24,247.85,1.2562004489678018,149909
1140,2015-01-23,232.88,1.3438423407562532,149760
1141,2015-01-22,233.41,1.373056304685737,149662
1142,2015-01-21,226.9,1.460698196474188,149562
1143,2015-01-20,211.32,1.3438423407562532,149462
1144,2015-01-19,214.86,1.373056304685737,149371
1145,2015-01-18,210.34,1.3146283768267693,149252
1146,2015-01-17,199.26,1.5191261243331557,149121
1147,2015-01-16,208.1,1.6651959439805744,149038
1148,2015-01-15,209.84,2.1618333307817985,148924
1149,2015-01-14,178.1,2.453972970076636,148707
1150,2015-01-13,225.86,1.6944099079100583,148420
1151,2015-01-12,267.8,1.3438423407562532,148271
1152,2015-01-11,265.66,1.3438423407562532,148162
1153,2015-01-10,274.8,1.3146283768267693,148062
1154,2015-01-09,290.41,1.4022702686152204,147963
1155,2015-01-08,283.35,1.4022702686152204,147868
1156,2015-01-07,294.34,1.489912160403672,147761
1157,2015-01-06,286.19,1.7820517996985097,147650
1158,2015-01-05,274.47,1.5775540521921232,147524
1159,2015-01-04,264.2,1.6359819800510906,147365
1160,2015-01-03,281.08,1.3438423407562532,147220
1161,2015-01-02,315.03,1.3146283768267693,147073
1162,2015-01-01,314.25,1.110130629320383,146961
1163,2014-12-31,320.19,1.2854144128972855,146863
1164,2014-12-30,310.74,1.1685585571793504,146796
1165,2014-12-29,312.67,1.2854144128972855,146716
1166,2014-12-28,317.24,1.1977725211088341,146600
1167,2014-12-27,315.86,2.921396392948376,146492
1168,2014-12-26,327.92,1.460698196474188,146405
1169,2014-12-25,319.01,1.1977725211088341,146304
1170,2014-12-24,322.53,1.226986485038318,146240
1171,2014-12-23,334.57,1.3438423407562532,146137
1172,2014-12-22,331.89,1.2854144128972855,146028
1173,2014-12-21,320.84,1.3438423407562532,145920
1174,2014-12-20,329.96,1.2562004489678018,145854
1175,2014-12-19,317.84,1.3146283768267693,145800
1176,2014-12-18,311.4,1.4022702686152204,145733
1177,2014-12-17,319.78,1.5191261243331557,145635
1178,2014-12-16,327.06,1.4314842325447044,145515
1179,2014-12-15,345.35,1.2562004489678018,145359
1180,2014-12-14,351.63,1.2562004489678018,145234
1181,2014-12-13,347.38,1.2562004489678018,145108
1182,2014-12-12,352.54,1.6651959439805744,145005
1183,2014-12-11,350.51,1.7236238718395418,144872
1184,2014-12-10,346.36,1.226986485038318,144598
1185,2014-12-09,352.22,1.2854144128972855,144486
1186,2014-12-08,361.91,1.3438423407562532,144382
1187,2014-12-07,375.1,1.2562004489678018,144272
1188,2014-12-06,374.79,1.1685585571793504,144212
1189,2014-12-05,376.85,1.1977725211088341,144163
1190,2014-12-04,369.6,1.226986485038318,144096
1191,2014-12-03,375.01,1.3146283768267693,143987
1192,2014-12-02,381.32,1.373056304685737,143895
1193,2014-12-01,379.24,1.226986485038318,143757
1194,2014-11-30,378.05,1.1393445932498667,143666
1195,2014-11-29,375.49,1.110130629320383,143557
1196,2014-11-28,376.45,1.1685585571793504,143502
1197,2014-11-27,369.67,1.1685585571793504,143443
1198,2014-11-26,368.37,1.1977725211088341,143349
1199,2014-11-25,375.35,1.2562004489678018,143253
1200,2014-11-24,376.9,1.3146283768267693,143150
1201,2014-11-23,367.57,1.110130629320383,143086
1202,2014-11-22,352.92,1.1977725211088341,143007
1203,2014-11-21,350.85,1.373056304685737,142919
1204,2014-11-20,357.84,1.2562004489678018,142856
1205,2014-11-19,380.55,1.2854144128972855,142772
1206,2014-11-18,375.2,1.460698196474188,142684
1207,2014-11-17,387.41,1.2854144128972855,142575
1208,2014-11-16,387.88,1.2854144128972855,142458
1209,2014-11-15,376.13,1.2854144128972855,142375
1210,2014-11-14,397.82,1.4022702686152204,142296
1211,2014-11-13,420.73,1.7528378357690257,142192
1212,2014-11-12,423.56,1.6067680161216071,142027
1213,2014-11-11,367.7,1.4022702686152204,141869
1214,2014-11-10,366.92,1.373056304685737,141750
1215,2014-11-09,363.26,1.3146283768267693,141604
1216,2014-11-08,345.49,1.2562004489678018,141475
1217,2014-11-07,342.42,1.373056304685737,141377
1218,2014-11-06,349.29,1.4314842325447044,141222
1219,2014-11-05,339.49,1.1685585571793504,140943
1220,2014-11-04,330.49,1.2562004489678018,140562
1221,2014-11-03,327.55,1.2562004489678018,140484
1222,2014-11-02,325.89,1.110130629320383,140353
1223,2014-11-01,325.75,1.1393445932498667,140172
1224,2014-10-31,338.32,1.0809166653908993,140086
1225,2014-10-30,345.3,1.226986485038318,140014
1226,2014-10-29,335.59,1.226986485038318,139960
1227,2014-10-28,357.62,1.2562004489678018,139867
1228,2014-10-27,352.99,1.226986485038318,139779
1229,2014-10-26,354.7,1.1685585571793504,139726
1230,2014-10-25,347.27,1.1685585571793504,139639
1231,2014-10-24,358.35,1.2854144128972855,139569
1232,2014-10-23,358.42,1.3146283768267693,139493
1233,2014-10-22,383.16,1.226986485038318,139407
1234,2014-10-21,386.48,1.3146283768267693,139320
1235,2014-10-20,382.85,1.226986485038318,139216
1236,2014-10-19,389.55,1.226986485038318,139123
1237,2014-10-18,391.44,1.3146283768267693,139029
1238,2014-10-17,383.76,1.3438423407562532,138962
1239,2014-10-16,382.56,1.373056304685737,138852
1240,2014-10-15,394.77,1.4022702686152204,138718
1241,2014-10-14,400.87,1.5191261243331557,138580
1242,2014-10-13,390.41,1.3146283768267693,138459
1243,2014-10-12,378.55,1.226986485038318,138349
1244,2014-10-11,362.3,1.3438423407562532,138253
1245,2014-10-10,361.56,1.4314842325447044,138151
1246,2014-10-09,365.03,1.5483400882626392,138082
1247,2014-10-08,352.94,1.6067680161216071,137960
1248,2014-10-07,336.19,1.6651959439805744,137804
1249,2014-10-06,330.08,1.986549547204896,137674
1250,2014-10-05,320.51,1.7820517996985097,137514
1251,2014-10-04,328.87,1.489912160403672,137357
1252,2014-10-03,359.51,1.3438423407562532,137262
1253,2014-10-02,375.07,1.4022702686152204,137181
1254,2014-10-01,383.61,1.3438423407562532,137051
1255,2014-09-30,386.94,1.4314842325447044,136906
1256,2014-09-29,375.47,1.489912160403672,136763
1257,2014-09-28,377.18,1.3438423407562532,136641
1258,2014-09-27,399.52,1.226986485038318,136517
1259,2014-09-26,404.42,1.3438423407562532,136421
1260,2014-09-25,411.57,1.460698196474188,136339
1261,2014-09-24,423.2,1.7236238718395418,136254
1262,2014-09-23,435.79,1.5775540521921232,136140
1263,2014-09-22,402.15,1.373056304685737,135995
1264,2014-09-21,398.82,1.3146283768267693,135897
1265,2014-09-20,408.9,1.2562004489678018,135812
1266,2014-09-19,394.8,1.525083606052801,135760
1267,2014-09-18,424.44,1.3491124207390166,135638
1268,2014-09-17,457.33,1.3491124207390166,135556
1269,2014-09-16,466.06,1.3784409516246472,135467
1270,2014-09-15,475.37,1.4077694825102778,135372
1271,2014-09-14,477.89,1.3197838898533858,135304
1272,2014-09-13,479.0,1.2317982971964934,135191
1273,2014-09-12,477.75,1.4957550751671704,134979
1274,2014-09-11,479.75,1.9356830384516324,134882
1275,2014-09-10,479.36,1.6717262604809549,134776
1276,2014-09-09,475.26,1.5837406678240624,134660
1277,2014-09-08,474.6,1.3197838898533858,134513
1278,2014-09-07,482.28,1.2317982971964934,134411
1279,2014-09-06,484.83,1.2317982971964934,134347
1280,2014-09-05,483.34,1.3784409516246472,134257
1281,2014-09-04,489.66,1.4957550751671704,134172
1282,2014-09-03,477.59,1.3784409516246472,134067
1283,2014-09-02,477.43,1.4077694825102778,133973
1284,2014-09-01,474.88,1.525083606052801,133843
1285,2014-08-31,477.76,1.4077694825102778,133708
1286,2014-08-30,504.25,1.290455358967755,133627
1287,2014-08-29,508.52,1.2024697663108626,133577
1288,2014-08-28,507.82,1.2024697663108626,133455
1289,2014-08-27,511.15,1.2317982971964934,133370
1290,2014-08-26,511.57,1.3491124207390166,133281
1291,2014-08-25,502.5,1.2317982971964934,133196
1292,2014-08-24,508.29,1.290455358967755,133099
1293,2014-08-23,498.08,1.3491124207390166,133004
1294,2014-08-22,514.04,1.4370980133959086,132924
1295,2014-08-21,517.24,1.3784409516246472,132846
1296,2014-08-20,511.98,1.6130691987096935,132762
1297,2014-08-19,485.24,1.6423977295953243,132655
1298,2014-08-18,461.46,1.6717262604809549,132561
1299,2014-08-17,491.8,1.4077694825102778,132447
1300,2014-08-16,519.71,1.6717262604809549,132348
1301,2014-08-15,497.01,1.6717262604809549,132282
1302,2014-08-14,505.97,1.6423977295953243,132152
1303,2014-08-13,546.66,2.0823256928797864,132040
1304,2014-08-12,569.64,1.4370980133959086,131909
1305,2014-08-11,576.37,1.3784409516246472,131815
1306,2014-08-10,591.06,1.2611268280821242,131735
1307,2014-08-09,589.37,1.2317982971964934,131676
1308,2014-08-08,592.58,1.290455358967755,131590
1309,2014-08-07,588.87,1.4370980133959086,131526
1310,2014-08-06,584.65,1.4077694825102778,131408
1311,2014-08-05,585.44,1.3491124207390166,131317
1312,2014-08-04,588.78,1.2024697663108626,131184
1313,2014-08-03,586.67,1.1731412354252317,131137
1314,2014-08-02,589.33,1.143812704539601,131056
1315,2014-08-01,594.92,1.2611268280821242,130983
1316,2014-07-31,586.23,1.3784409516246472,130892
1317,2014-07-30,567.29,1.4077694825102778,130792
1318,2014-07-29,584.72,1.3197838898533858,130664
1319,2014-07-28,585.69,1.290455358967755,130561
1320,2014-07-27,593.85,1.143812704539601,130485
1321,2014-07-26,595.81,1.1731412354252317,130424
1322,2014-07-25,601.09,1.290455358967755,130354
1323,2014-07-24,601.73,1.3491124207390166,130295
1324,2014-07-23,619.41,1.290455358967755,130190
1325,2014-07-22,621.55,1.3197838898533858,130131
1326,2014-07-21,622.21,1.290455358967755,130042
1327,2014-07-20,623.9,1.3197838898533858,129956
1328,2014-07-19,628.52,1.4664265442815394,129849
1329,2014-07-18,628.78,1.4077694825102778,129758
1330,2014-07-17,623.09,1.5837406678240624,129673
1331,2014-07-16,616.8,1.6130691987096935,129589
1332,2014-07-15,621.59,1.3491124207390166,129476
1333,2014-07-14,619.32,1.2611268280821242,129393
1334,2014-07-13,626.5,1.143812704539601,129301
1335,2014-07-12,633.71,1.2611268280821242,129207
1336,2014-07-11,632.0,1.4077694825102778,129127
1337,2014-07-10,616.76,1.3491124207390166,129021
1338,2014-07-09,624.51,1.2317982971964934,128919
1339,2014-07-08,624.82,1.3491124207390166,127640
1340,2014-07-07,624.09,1.525083606052801,125148
1341,2014-07-06,635.81,1.3784409516246472,124576
1342,2014-07-05,631.46,1.2317982971964934,124485
1343,2014-07-04,630.69,1.3491124207390166,124436
1344,2014-07-03,645.16,1.4370980133959086,124345
1345,2014-07-02,650.88,1.7010547913665859,124296
1346,2014-07-01,640.81,1.5544121369384318,124176
1347,2014-06-30,639.8,1.525083606052801,124025
1348,2014-06-29,602.72,1.2024697663108626,123941
1349,2014-06-28,596.55,1.2611268280821242,123876
1350,2014-06-27,597.26,1.4957550751671704,123814
1351,2014-06-26,581.14,1.2024697663108626,123755
1352,2014-06-25,566.34,1.2611268280821242,123667
1353,2014-06-24,582.36,1.1731412354252317,123642
1354,2014-06-23,593.98,1.2611268280821242,123569
1355,2014-06-22,602.27,1.290455358967755,123508
1356,2014-06-21,594.99,1.2024697663108626,123449
1357,2014-06-20,594.15,1.4370980133959086,123390
1358,2014-06-19,598.07,1.525083606052801,123323
1359,2014-06-18,607.96,1.5837406678240624,123272
1360,2014-06-17,610.86,1.6423977295953243,123178
1361,2014-06-16,592.19,1.6717262604809549,123097
1362,2014-06-15,592.94,1.4077694825102778,123011
1363,2014-06-14,577.36,1.5544121369384318,122942
1364,2014-06-13,600.16,1.9356830384516324,122901
1365,2014-06-12,586.95,1.7303833222522165,122841
1366,2014-06-11,633.02,1.6717262604809549,122719
1367,2014-06-10,653.15,1.525083606052801,122628
1368,2014-06-09,649.16,1.3784409516246472,122561
1369,2014-06-08,656.14,1.3197838898533858,122501
1370,2014-06-07,654.97,1.2317982971964934,122425
1371,2014-06-06,653.7,1.3784409516246472,122358
1372,2014-06-05,659.26,1.5837406678240624,122307
1373,2014-06-04,641.61,1.6423977295953243,122224
1374,2014-06-03,667.6,1.7890403840234783,122114
1375,2014-06-02,660.62,1.6130691987096935,121997
1376,2014-06-01,630.23,1.6717262604809549,121925
1377,2014-05-31,623.68,1.5837406678240624,121824
1378,2014-05-30,615.33,1.818368914909109,121760
1379,2014-05-29,568.18,1.7597118531378475,121687
1380,2014-05-28,577.06,1.7597118531378475,121592
1381,2014-05-27,571.24,1.7597118531378475,121501
1382,2014-05-26,583.42,1.7010547913665859,121407
1383,2014-05-25,571.59,1.5837406678240624,121349
1384,2014-05-24,525.14,1.3197838898533858,121252
1385,2014-05-23,520.22,1.525083606052801,121198
1386,2014-05-22,524.58,1.5837406678240624,121101
1387,2014-05-21,491.77,1.5544121369384318,121003
1388,2014-05-20,485.72,1.4370980133959086,120914
1389,2014-05-19,446.18,1.290455358967755,120805
1390,2014-05-18,446.26,1.1731412354252317,120753
1391,2014-05-17,448.9,1.3491124207390166,120663
1392,2014-05-16,448.06,1.4370980133959086,120567
1393,2014-05-15,447.25,1.4664265442815394,120455
1394,2014-05-14,443.97,1.4370980133959086,120366
1395,2014-05-13,440.67,1.525083606052801,120287
1396,2014-05-12,441.46,1.3491124207390166,120181
1397,2014-05-11,438.89,1.3491124207390166,120116
1398,2014-05-10,454.43,1.2611268280821242,120096
1399,2014-05-09,449.46,1.4957550751671704,119968
1400,2014-05-08,440.17,1.4370980133959086,119886
1401,2014-05-07,438.82,1.4664265442815394,119766
1402,2014-05-06,428.96,1.5837406678240624,119675
1403,2014-05-05,433.48,1.6423977295953243,119585
1404,2014-05-04,436.4,1.3491124207390166,119503
1405,2014-05-03,437.76,1.3784409516246472,119414
1406,2014-05-02,449.38,1.3491124207390166,119328
1407,2014-05-01,457.76,1.6130691987096935,119254
1408,2014-04-30,447.64,1.6423977295953243,119153
1409,2014-04-29,447.21,1.525083606052801,119009
1410,2014-04-28,440.29,1.5837406678240624,118889
1411,2014-04-27,436.39,1.4370980133959086,118778
1412,2014-04-26,458.6,1.4370980133959086,118676
1413,2014-04-25,461.45,1.7597118531378475,118602
1414,2014-04-24,500.46,1.7010547913665859,118464
1415,2014-04-23,491.3,1.6717262604809549,118377
1416,2014-04-22,487.92,1.7251790196379673,118262
1417,2014-04-21,495.77,1.5924729412042777,118159
1418,2014-04-20,498.17,1.5924729412042777,118084
1419,2014-04-19,501.57,1.7251790196379673,118036
1420,2014-04-18,479.64,1.7251790196379673,117984
1421,2014-04-17,495.96,1.990591176505347,117878
1422,2014-04-16,527.4,2.1232972549390365,117806
1423,2014-04-15,515.59,1.990591176505347,117698
1424,2014-04-14,458.79,1.8578850980716572,117599
1425,2014-04-13,414.06,1.8578850980716572,117541
1426,2014-04-12,421.12,1.7251790196379673,117452
1427,2014-04-11,420.95,2.3887094118064165,117379
1428,2014-04-10,365.18,2.3887094118064165,117294
1429,2014-04-09,442.73,2.1232972549390365,117133
1430,2014-04-08,453.09,1.7251790196379673,117061
1431,2014-04-07,449.42,1.8578850980716572,116981
1432,2014-04-06,460.5,1.7251790196379673,116884
1433,2014-04-05,461.91,1.5924729412042777,116827
1434,2014-04-04,447.53,1.8578850980716572,116731
1435,2014-04-03,444.72,2.1232972549390365,116668
1436,2014-04-02,437.14,2.256003333372726,116576
1437,2014-04-01,478.38,2.1232972549390365,116472
1438,2014-03-31,457.0,2.256003333372726,116341
1439,2014-03-30,460.27,2.1232972549390365,116214
1440,2014-03-29,491.17,1.990591176505347,116061
1441,2014-03-28,495.67,2.5214154902401065,115940
1442,2014-03-27,471.24,2.6541215686737956,115835
1443,2014-03-26,580.83,2.919533725541175,115654
1444,2014-03-25,583.92,2.7868276471074855,115502
1445,2014-03-24,583.41,2.256003333372726,115371
1446,2014-03-23,561.27,1.990591176505347,115237
1447,2014-03-22,565.04,2.256003333372726,115101
1448,2014-03-21,571.49,3.052239803974865,114970
1449,2014-03-20,588.77,2.5214154902401065,114842
1450,2014-03-19,609.89,2.256003333372726,114718
1451,2014-03-18,614.83,2.3887094118064165,114606
1452,2014-03-17,622.37,2.256003333372726,114458
1453,2014-03-16,631.11,2.1232972549390365,114327
1454,2014-03-15,636.12,2.1232972549390365,114177
1455,2014-03-14,628.8,2.5214154902401065,114107
1456,2014-03-13,638.14,2.6541215686737956,114016
1457,2014-03-12,632.1,2.7868276471074855,113840
1458,2014-03-11,634.11,3.052239803974865,113667
1459,2014-03-10,627.79,3.3176519608422446,113454
1460,2014-03-09,636.96,3.3176519608422446,113259
1461,2014-03-08,617.45,3.981182353010694,112818
1462,2014-03-08,617.45,3.981182353010694,113064
1463,2014-03-07,629.15,8.095070784455077,112616
1464,2014-03-06,663.86,7.0334221569855595,112261
1465,2014-03-05,665.51,4.644712745179143,111872
1466,2014-03-04,666.78,3.981182353010694,111636
1467,2014-03-03,667.76,3.981182353010694,111375
1468,2014-03-02,559.79,3.981182353010694,111107
1469,2014-03-01,565.61,5.4409492157812815,110809
1470,2014-02-28,549.26,7.0334221569855595,110571
1471,2014-02-27,578.77,4.910124902046522,110084
1472,2014-02-26,582.69,7.962364706021388,109647
1473,2014-02-25,538.71,10.483780196261494,108968
1474,2014-02-24,546.32,4.512006666745452,108068
1475,2014-02-23,605.82,2.7868276471074855,107652
1476,2014-02-22,605.42,3.052239803974865,107420
1477,2014-02-21,574.16,3.583064117709624,107214
1478,2014-02-20,556.14,4.1138884314443835,107006
1479,2014-02-19,623.03,3.4503580392759345,106725
1480,2014-02-18,626.6,3.583064117709624,106490
1481,2014-02-17,626.27,3.3176519608422446,106283
1482,2014-02-16,616.63,3.4503580392759345,106082
1483,2014-02-15,650.92,3.3176519608422446,105800
1484,2014-02-14,661.99,4.777418823612833,105555
1485,2014-02-13,605.24,3.583064117709624,105131
1486,2014-02-12,651.72,4.1138884314443835,104667
1487,2014-02-11,672.17,4.644712745179143,104403
1488,2014-02-10,681.03,4.910124902046522,104007
1489,2014-02-09,682.9,3.3176519608422446,103553
1490,2014-02-08,673.92,3.4503580392759345,103273
1491,2014-02-07,712.4,4.3793005883117635,103028
1492,2014-02-06,781.55,3.1849458824085555,102648
1493,2014-02-05,811.91,2.919533725541175,102280
1494,2014-02-04,827.96,3.052239803974865,102022
1495,2014-02-03,823.83,2.7868276471074855,101776
1496,2014-02-02,825.37,2.919533725541175,101509
1497,2014-02-01,832.58,2.919533725541175,101311
1498,2014-01-31,829.92,3.1849458824085555,101071
1499,2014-01-30,819.03,3.4503580392759345,100768
1500,2014-01-29,826.0,3.7157701961433145,100304
1501,2014-01-28,812.51,5.042830980480213,99823
1502,2014-01-27,771.39,4.644712745179143,99419
1503,2014-01-26,885.28,3.1849458824085555,99018
1504,2014-01-25,853.61,3.3176519608422446,98759
1505,2014-01-24,797.07,3.848476274577004,98484
1506,2014-01-23,822.04,3.981182353010694,98181
1507,2014-01-22,845.59,4.512006666745452,97823
1508,2014-01-21,863.91,4.1138884314443835,97431
1509,2014-01-20,870.2,3.848476274577004,97105
1510,2014-01-19,870.96,3.3176519608422446,96702
1511,2014-01-18,840.0,3.1849458824085555,96449
1512,2014-01-17,814.64,4.3793005883117635,96272
1513,2014-01-16,835.63,4.1138884314443835,96041
1514,2014-01-15,860.9,3.7157701961433145,95708
1515,2014-01-14,833.27,3.7157701961433145,95392
1516,2014-01-13,841.2,3.583064117709624,95072
1517,2014-01-12,863.22,3.4503580392759345,94828
1518,2014-01-11,913.95,3.583064117709624,94502
1519,2014-01-10,868.48,3.981182353010694,94178
1520,2014-01-09,846.86,3.981182353010694,93851
1521,2014-01-08,842.72,4.246594509878073,93479
1522,2014-01-07,802.0,4.1138884314443835,93175
1523,2014-01-06,953.29,4.3793005883117635,92828
1524,2014-01-05,933.53,3.583064117709624,92507
1525,2014-01-04,859.51,3.1849458824085555,92172
1526,2014-01-03,818.72,3.7157701961433145,91899
1527,2014-01-02,802.39,3.3176519608422446,91604
1528,2014-01-01,771.4,3.052239803974865,91313
