,date,avg_block_size
0,2013-04-28,0.12653906586826347
1,2013-04-29,0.12653906586826347
2,2013-04-30,0.18553886577181208
3,2013-05-01,0.18553886577181208
4,2013-05-02,0.1899492777777778
5,2013-05-03,0.1899492777777778
6,2013-05-04,0.15648173376623378
7,2013-05-05,0.15648173376623378
8,2013-05-06,0.16047550920245401
9,2013-05-07,0.16047550920245401
10,2013-05-08,0.1539793374233129
11,2013-05-09,0.1539793374233129
12,2013-05-10,0.1961901017964072
13,2013-05-11,0.1961901017964072
14,2013-05-12,0.18125398876404492
15,2013-05-13,0.18125398876404492
16,2013-05-14,0.2010623537414966
17,2013-05-15,0.2010623537414966
18,2013-05-16,0.2090411103448276
19,2013-05-17,0.2090411103448276
20,2013-05-18,0.16672119047619047
21,2013-05-19,0.16672119047619047
22,2013-05-20,0.16663236956521738
23,2013-05-21,0.16663236956521738
24,2013-05-22,0.15796862650602408
25,2013-05-23,0.15796862650602408
26,2013-05-24,0.1622377777777778
27,2013-05-25,0.1622377777777778
28,2013-05-26,0.13264750310559004
29,2013-05-27,0.13264750310559004
30,2013-05-28,0.16039016049382715
31,2013-05-29,0.16039016049382715
32,2013-05-30,0.16543244970414198
33,2013-05-31,0.16543244970414198
34,2013-06-01,0.12830812626262625
35,2013-06-02,0.12830812626262625
36,2013-06-03,0.122037995215311
37,2013-06-04,0.122037995215311
38,2013-06-05,0.1332701188118812
39,2013-06-06,0.1332701188118812
40,2013-06-07,0.16185280745341615
41,2013-06-08,0.16185280745341615
42,2013-06-09,0.13046256886227545
43,2013-06-10,0.13046256886227545
44,2013-06-11,0.1308237159090909
45,2013-06-12,0.1308237159090909
46,2013-06-13,0.1045011450777202
47,2013-06-14,0.1045011450777202
48,2013-06-15,0.10965956818181816
49,2013-06-16,0.10965956818181816
50,2013-06-17,0.12733247402597406
51,2013-06-18,0.12733247402597406
52,2013-06-19,0.17122970399999998
53,2013-06-20,0.17122970399999998
54,2013-06-21,0.1469348612716763
55,2013-06-22,0.1469348612716763
56,2013-06-23,0.1042464318181818
57,2013-06-24,0.1042464318181818
58,2013-06-25,0.13901166891891892
59,2013-06-26,0.13901166891891892
60,2013-06-27,0.13153675301204815
61,2013-06-28,0.13153675301204815
62,2013-06-29,0.11625493788819875
63,2013-06-30,0.11625493788819875
64,2013-07-01,0.10322698692810456
65,2013-07-02,0.10322698692810456
66,2013-07-03,0.09049547428571428
67,2013-07-04,0.09049547428571428
68,2013-07-05,0.09309137288135594
69,2013-07-06,0.09309137288135594
70,2013-07-07,0.07559234759358288
71,2013-07-08,0.07559234759358288
72,2013-07-09,0.09615396517412936
73,2013-07-10,0.09615396517412936
74,2013-07-11,0.09915258854166666
75,2013-07-12,0.09915258854166666
76,2013-07-13,0.12910203311258278
77,2013-07-14,0.12910203311258278
78,2013-07-15,0.10244169005847953
79,2013-07-16,0.10244169005847953
80,2013-07-17,0.1067130473372781
81,2013-07-18,0.1067130473372781
82,2013-07-19,0.1004412071005917
83,2013-07-20,0.1004412071005917
84,2013-07-21,0.08969970769230769
85,2013-07-22,0.08969970769230769
86,2013-07-23,0.12710779310344827
87,2013-07-24,0.12710779310344827
88,2013-07-25,0.14551594160583944
89,2013-07-26,0.14551594160583944
90,2013-07-27,0.1004090909090909
91,2013-07-28,0.1004090909090909
92,2013-07-29,0.12585692168674698
93,2013-07-30,0.12585692168674698
94,2013-07-31,0.12715113065326633
95,2013-08-01,0.12715113065326633
96,2013-08-02,0.12824814210526314
97,2013-08-03,0.12824814210526314
98,2013-08-04,0.1221223567251462
99,2013-08-05,0.1221223567251462
100,2013-08-06,0.12381573015873015
101,2013-08-07,0.12381573015873015
102,2013-08-08,0.12540204455445544
103,2013-08-09,0.12540204455445544
104,2013-08-10,0.1190998391959799
105,2013-08-11,0.1190998391959799
106,2013-08-12,0.1081721135371179
107,2013-08-13,0.1081721135371179
108,2013-08-14,0.15285920129870129
109,2013-08-15,0.15285920129870129
110,2013-08-16,0.17348877325581394
111,2013-08-17,0.17348877325581394
112,2013-08-18,0.11993731472081218
113,2013-08-19,0.11993731472081218
114,2013-08-20,0.1681457955801105
115,2013-08-21,0.1681457955801105
116,2013-08-22,0.12960484615384615
117,2013-08-23,0.12960484615384615
118,2013-08-24,0.13094671505376346
119,2013-08-25,0.13094671505376346
120,2013-08-26,0.15509965030674847
121,2013-08-27,0.15509965030674847
122,2013-08-28,0.1712067005988024
123,2013-08-29,0.1712067005988024
124,2013-08-30,0.14291144845360826
125,2013-08-31,0.14291144845360826
126,2013-09-01,0.09551590990990992
127,2013-09-02,0.09551590990990992
128,2013-09-03,0.134384427027027
129,2013-09-04,0.134384427027027
130,2013-09-05,0.15836179141104295
131,2013-09-06,0.15836179141104295
132,2013-09-07,0.14768278527607365
133,2013-09-08,0.14768278527607365
134,2013-09-09,0.1260532383419689
135,2013-09-10,0.1260532383419689
136,2013-09-11,0.10927016915422888
137,2013-09-12,0.10927016915422888
138,2013-09-13,0.1053390238095238
139,2013-09-14,0.1053390238095238
140,2013-09-15,0.12021524590163933
141,2013-09-16,0.12021524590163933
142,2013-09-17,0.17492405649717513
143,2013-09-18,0.17492405649717513
144,2013-09-19,0.13341154871794872
145,2013-09-20,0.13341154871794872
146,2013-09-21,0.12837260427807487
147,2013-09-22,0.12837260427807487
148,2013-09-23,0.12167521719457015
149,2013-09-24,0.12167521719457015
150,2013-09-25,0.11869881775700933
151,2013-09-26,0.11869881775700933
152,2013-09-27,0.1313944375
153,2013-09-28,0.1313944375
154,2013-09-29,0.11571605952380952
155,2013-09-30,0.11571605952380952
156,2013-10-01,0.12703807653061225
157,2013-10-02,0.12703807653061225
158,2013-10-03,0.14625411057692309
159,2013-10-04,0.14625411057692309
160,2013-10-05,0.10562760663507108
161,2013-10-06,0.10562760663507108
162,2013-10-07,0.13687234640522875
163,2013-10-08,0.13687234640522875
164,2013-10-09,0.1215591475409836
165,2013-10-10,0.1215591475409836
166,2013-10-11,0.13658422033898304
167,2013-10-12,0.13658422033898304
168,2013-10-13,0.11123013100436682
169,2013-10-14,0.11123013100436682
170,2013-10-15,0.10741741129032258
171,2013-10-16,0.10741741129032258
172,2013-10-17,0.12307298882681565
173,2013-10-18,0.12307298882681565
174,2013-10-19,0.1271253607305936
175,2013-10-20,0.1271253607305936
176,2013-10-21,0.14094571144278606
177,2013-10-22,0.14094571144278606
178,2013-10-23,0.13343452132701422
179,2013-10-24,0.13343452132701422
180,2013-10-25,0.1294892875
181,2013-10-26,0.1294892875
182,2013-10-27,0.11872217514124295
183,2013-10-28,0.11872217514124295
184,2013-10-29,0.15362644585987262
185,2013-10-30,0.15362644585987262
186,2013-10-31,0.1267154880382775
187,2013-11-01,0.1267154880382775
188,2013-11-02,0.1019446129032258
189,2013-11-03,0.1019446129032258
190,2013-11-04,0.11208315500000003
191,2013-11-05,0.11208315500000003
192,2013-11-06,0.1916326111111111
193,2013-11-07,0.1916326111111111
194,2013-11-08,0.2318914887218045
195,2013-11-09,0.2318914887218045
196,2013-11-10,0.18308116666666666
197,2013-11-11,0.18308116666666666
198,2013-11-12,0.14955839153439152
199,2013-11-13,0.14955839153439152
200,2013-11-14,0.20359579881656806
201,2013-11-15,0.20359579881656806
202,2013-11-16,0.12845676020408164
203,2013-11-17,0.12845676020408164
204,2013-11-18,0.2339958170731707
205,2013-11-19,0.2339958170731707
206,2013-11-20,0.2384740122699387
207,2013-11-21,0.2384740122699387
208,2013-11-22,0.2369568253012048
209,2013-11-23,0.2369568253012048
210,2013-11-24,0.17617976744186045
211,2013-11-25,0.17617976744186045
212,2013-11-26,0.23532400609756104
213,2013-11-27,0.23532400609756104
214,2013-11-28,0.2589383186813187
215,2013-11-29,0.2589383186813187
216,2013-11-30,0.24467779375
217,2013-12-01,0.24467779375
218,2013-12-02,0.22158814110429448
219,2013-12-03,0.22158814110429448
220,2013-12-04,0.21628429943502828
221,2013-12-05,0.21628429943502828
222,2013-12-06,0.1675818909952607
223,2013-12-07,0.1675818909952607
224,2013-12-08,0.13633906703910614
225,2013-12-09,0.13633906703910614
226,2013-12-10,0.18037604477611935
227,2013-12-11,0.18037604477611935
228,2013-12-12,0.17024469277108434
229,2013-12-13,0.17024469277108434
230,2013-12-14,0.16724517000000005
231,2013-12-15,0.16724517000000005
232,2013-12-16,0.17435630051813475
233,2013-12-17,0.17435630051813475
234,2013-12-18,0.19299062380952384
235,2013-12-19,0.19299062380952384
236,2013-12-20,0.16401435643564358
237,2013-12-21,0.16401435643564358
238,2013-12-22,0.15421332530120482
239,2013-12-23,0.15421332530120482
240,2013-12-24,0.17879269277108434
241,2013-12-25,0.17879269277108434
242,2013-12-26,0.15515048603351955
243,2013-12-27,0.15515048603351955
244,2013-12-28,0.15492043902439026
245,2013-12-29,0.15492043902439026
246,2013-12-30,0.1761770824742268
247,2013-12-31,0.1761770824742268
248,2014-01-01,0.102705585
249,2014-01-02,0.102705585
250,2014-01-03,0.19916688957055215
251,2014-01-04,0.19916688957055215
252,2014-01-05,0.16722977777777778
253,2014-01-06,0.16722977777777778
254,2014-01-07,0.17420701604278074
255,2014-01-08,0.17420701604278074
256,2014-01-09,0.15684529834254146
257,2014-01-10,0.15684529834254146
258,2014-01-11,0.14248666666666668
259,2014-01-12,0.14248666666666668
260,2014-01-13,0.13576040886699509
261,2014-01-14,0.13576040886699509
262,2014-01-15,0.17859304093567252
263,2014-01-16,0.17859304093567252
264,2014-01-17,0.1958533986928105
265,2014-01-18,0.1958533986928105
266,2014-01-19,0.13830722282608693
267,2014-01-20,0.13830722282608693
268,2014-01-21,0.21448633720930232
269,2014-01-22,0.21448633720930232
270,2014-01-23,0.18491128651685396
271,2014-01-24,0.18491128651685396
272,2014-01-25,0.17926292258064516
273,2014-01-26,0.17926292258064516
274,2014-01-27,0.19369513043478265
275,2014-01-28,0.19369513043478265
276,2014-01-29,0.18736758860759492
277,2014-01-30,0.18736758860759492
278,2014-01-31,0.16946076630434784
279,2014-02-01,0.16946076630434784
280,2014-02-02,0.16181866853932586
281,2014-02-03,0.16181866853932586
282,2014-02-04,0.21382486390532546
283,2014-02-05,0.21382486390532546
284,2014-02-06,0.22916482035928146
285,2014-02-07,0.22916482035928146
286,2014-02-08,0.19567234285714288
287,2014-02-09,0.19567234285714288
288,2014-02-10,0.22125149673202613
289,2014-02-11,0.22125149673202613
290,2014-02-12,0.2553542455089821
291,2014-02-13,0.2553542455089821
292,2014-02-14,0.22558003664921464
293,2014-02-15,0.22558003664921464
294,2014-02-16,0.14908004663212435
295,2014-02-17,0.14908004663212435
296,2014-02-18,0.2359720958083832
297,2014-02-19,0.2359720958083832
298,2014-02-20,0.23919392397660816
299,2014-02-21,0.23919392397660816
300,2014-02-22,0.2010623475609756
301,2014-02-23,0.2010623475609756
302,2014-02-24,0.21527021428571427
303,2014-02-25,0.21527021428571427
304,2014-02-26,0.2320519723756906
305,2014-02-27,0.2320519723756906
306,2014-02-28,0.20926618085106385
307,2014-03-01,0.20926618085106385
308,2014-03-02,0.233452
309,2014-03-03,0.233452
310,2014-03-04,0.3833831510791367
311,2014-03-05,0.3833831510791367
312,2014-03-06,0.26289545679012344
313,2014-03-07,0.26289545679012344
314,2014-03-08,0.2200515942857143
315,2014-03-09,0.2200515942857143
316,2014-03-10,0.2387485333333333
317,2014-03-11,0.2387485333333333
318,2014-03-12,0.2582119107142857
319,2014-03-13,0.2582119107142857
320,2014-03-14,0.2825006834532374
321,2014-03-15,0.2825006834532374
322,2014-03-16,0.17953003164556966
323,2014-03-17,0.17953003164556966
324,2014-03-18,0.19120133103448275
325,2014-03-19,0.19120133103448275
326,2014-03-20,0.22514571856287424
327,2014-03-21,0.22514571856287424
328,2014-03-22,0.24233118181818186
329,2014-03-23,0.24233118181818186
330,2014-03-24,0.1883171859296483
331,2014-03-25,0.1883171859296483
332,2014-03-26,0.2451958924050633
333,2014-03-27,0.2451958924050633
334,2014-03-28,0.2186192513661202
335,2014-03-29,0.2186192513661202
336,2014-03-30,0.21974581879194635
337,2014-03-31,0.21974581879194635
338,2014-04-01,0.20962783240223465
339,2014-04-02,0.20962783240223465
340,2014-04-03,0.17656841346153848
341,2014-04-04,0.17656841346153848
342,2014-04-05,0.19508608379888268
343,2014-04-06,0.19508608379888268
344,2014-04-07,0.2358162123287671
345,2014-04-08,0.2358162123287671
346,2014-04-09,0.2563356896551724
347,2014-04-10,0.2563356896551724
348,2014-04-11,0.25672512751677856
349,2014-04-12,0.25672512751677856
350,2014-04-13,0.14314638190954773
351,2014-04-14,0.14314638190954773
352,2014-04-15,0.22657596923076925
353,2014-04-16,0.22657596923076925
354,2014-04-17,0.22999248850574716
355,2014-04-18,0.22999248850574716
356,2014-04-19,0.19751582822085886
357,2014-04-20,0.19751582822085886
358,2014-04-21,0.1885408813559322
359,2014-04-22,0.1885408813559322
360,2014-04-23,0.2257950285714285
361,2014-04-24,0.2257950285714285
362,2014-04-25,0.2714146646341463
363,2014-04-26,0.2714146646341463
364,2014-04-27,0.1873025389221557
365,2014-04-28,0.1873025389221557
366,2014-04-29,0.2352778734177215
367,2014-04-30,0.2352778734177215
368,2014-05-01,0.214350630952381
369,2014-05-02,0.214350630952381
370,2014-05-03,0.20870952777777774
371,2014-05-04,0.20870952777777774
372,2014-05-05,0.277194016
373,2014-05-06,0.277194016
374,2014-05-07,0.2413813987730061
375,2014-05-08,0.2413813987730061
376,2014-05-09,0.2322057168674699
377,2014-05-10,0.2322057168674699
378,2014-05-11,0.1864007168674699
379,2014-05-12,0.1864007168674699
380,2014-05-13,0.2324038352941177
381,2014-05-14,0.2324038352941177
382,2014-05-15,0.2503150120481928
383,2014-05-16,0.2503150120481928
384,2014-05-17,0.18561433333333333
385,2014-05-18,0.18561433333333333
386,2014-05-19,0.21932396610169488
387,2014-05-20,0.21932396610169488
388,2014-05-21,0.2501186797752809
389,2014-05-22,0.2501186797752809
390,2014-05-23,0.27197686708860763
391,2014-05-24,0.27197686708860763
392,2014-05-25,0.2199706556291391
393,2014-05-26,0.2199706556291391
394,2014-05-27,0.3045813875968993
395,2014-05-28,0.3045813875968993
396,2014-05-29,0.2937872900763359
397,2014-05-30,0.2937872900763359
398,2014-05-31,0.2110369342105264
399,2014-06-01,0.2110369342105264
400,2014-06-02,0.20385369273743015
401,2014-06-03,0.20385369273743015
402,2014-06-04,0.20797131147540984
403,2014-06-05,0.20797131147540984
404,2014-06-06,0.2648223040540541
405,2014-06-07,0.2648223040540541
406,2014-06-08,0.1981356
407,2014-06-09,0.1981356
408,2014-06-10,0.2279069265536723
409,2014-06-11,0.2279069265536723
410,2014-06-12,0.23994681290322575
411,2014-06-13,0.23994681290322575
412,2014-06-14,0.19493966477272728
413,2014-06-15,0.19493966477272728
414,2014-06-16,0.19220381773399012
415,2014-06-17,0.19220381773399012
416,2014-06-18,0.2275346823529412
417,2014-06-19,0.2275346823529412
418,2014-06-20,0.1964764486486486
419,2014-06-21,0.1964764486486486
420,2014-06-22,0.1676220207253886
421,2014-06-23,0.1676220207253886
422,2014-06-24,0.19153230303030305
423,2014-06-25,0.19153230303030305
424,2014-06-26,0.21444237426900584
425,2014-06-27,0.21444237426900584
426,2014-06-28,0.1788863155080214
427,2014-06-29,0.1788863155080214
428,2014-06-30,0.30002941600000005
429,2014-07-01,0.30002941600000005
430,2014-07-02,0.2912067985611511
431,2014-07-03,0.2912067985611511
432,2014-07-04,0.21581675625
433,2014-07-05,0.21581675625
434,2014-07-06,0.22281622147651006
435,2014-07-07,0.22281622147651006
436,2014-07-08,0.2651297654320987
437,2014-07-09,0.2651297654320987
438,2014-07-10,0.24393443506493506
439,2014-07-11,0.24393443506493506
440,2014-07-12,0.1939434060606061
441,2014-07-13,0.1939434060606061
442,2014-07-14,0.23521947586206898
443,2014-07-15,0.23521947586206898
444,2014-07-16,0.23521162424242426
445,2014-07-17,0.23521162424242426
446,2014-07-18,0.2377469119496855
447,2014-07-19,0.2377469119496855
448,2014-07-20,0.20071631176470592
449,2014-07-21,0.20071631176470592
450,2014-07-22,0.2744007552447552
451,2014-07-23,0.2744007552447552
452,2014-07-24,0.249841355704698
453,2014-07-25,0.249841355704698
454,2014-07-26,0.2347276285714286
455,2014-07-27,0.2347276285714286
456,2014-07-28,0.2681597720588235
457,2014-07-29,0.2681597720588235
458,2014-07-30,0.21952504
459,2014-07-31,0.21952504
460,2014-08-01,0.25848339869281045
461,2014-08-02,0.25848339869281045
462,2014-08-03,0.2008404802631579
463,2014-08-04,0.2008404802631579
464,2014-08-05,0.32230699242424243
465,2014-08-06,0.32230699242424243
466,2014-08-07,0.26064874522293
467,2014-08-08,0.26064874522293
468,2014-08-09,0.2085709248554913
469,2014-08-10,0.2085709248554913
470,2014-08-11,0.23661537912087915
471,2014-08-12,0.23661537912087915
472,2014-08-13,0.2896281592356688
473,2014-08-14,0.2896281592356688
474,2014-08-15,0.2459262392638037
475,2014-08-16,0.2459262392638037
476,2014-08-17,0.2193348424242424
477,2014-08-18,0.2193348424242424
478,2014-08-19,0.2033015922330097
479,2014-08-20,0.2033015922330097
480,2014-08-21,0.2581583690476191
481,2014-08-22,0.2581583690476191
482,2014-08-23,0.2136957770700637
483,2014-08-24,0.2136957770700637
484,2014-08-25,0.2871075820895522
485,2014-08-26,0.2871075820895522
486,2014-08-27,0.2570614906832299
487,2014-08-28,0.2570614906832299
488,2014-08-29,0.2217499939759036
489,2014-08-30,0.2217499939759036
490,2014-08-31,0.17727686666666667
491,2014-09-01,0.17727686666666667
492,2014-09-02,0.28699606993006993
493,2014-09-03,0.28699606993006993
494,2014-09-04,0.2373554191616767
495,2014-09-05,0.2373554191616767
496,2014-09-06,0.2276659583333333
497,2014-09-07,0.2276659583333333
498,2014-09-08,0.26680685620915034
499,2014-09-09,0.26680685620915034
500,2014-09-10,0.36472108974358974
501,2014-09-11,0.36472108974358974
502,2014-09-12,0.22942321739130436
503,2014-09-13,0.22942321739130436
504,2014-09-14,0.2359177882352941
505,2014-09-15,0.2359177882352941
506,2014-09-16,0.3126716804733728
507,2014-09-17,0.3126716804733728
508,2014-09-18,0.2384762324324325
509,2014-09-19,0.2384762324324325
510,2014-09-20,0.2066916994219653
511,2014-09-21,0.2066916994219653
512,2014-09-22,0.26135016560509555
513,2014-09-23,0.26135016560509555
514,2014-09-24,0.2972832331288344
515,2014-09-25,0.2972832331288344
516,2014-09-26,0.2799082516556292
517,2014-09-27,0.2799082516556292
518,2014-09-28,0.3187571007194245
519,2014-09-29,0.3187571007194245
520,2014-09-30,0.30426276315789474
521,2014-10-01,0.30426276315789474
522,2014-10-02,0.29018352702702704
523,2014-10-03,0.29018352702702704
524,2014-10-04,0.31657616083916085
525,2014-10-05,0.31657616083916085
526,2014-10-06,0.27906125000000004
527,2014-10-07,0.27906125000000004
528,2014-10-08,0.3482387786259541
529,2014-10-09,0.3482387786259541
530,2014-10-10,0.2851023836477988
531,2014-10-11,0.2851023836477988
532,2014-10-12,0.2804376351351351
533,2014-10-13,0.2804376351351351
534,2014-10-14,0.3470021142857144
535,2014-10-15,0.3470021142857144
536,2014-10-16,0.2861483533333333
537,2014-10-17,0.2861483533333333
538,2014-10-18,0.23405530177514794
539,2014-10-19,0.23405530177514794
540,2014-10-20,0.3232521449275363
541,2014-10-21,0.3232521449275363
542,2014-10-22,0.2684983391812865
543,2014-10-23,0.2684983391812865
544,2014-10-24,0.27820635582822084
545,2014-10-25,0.27820635582822084
546,2014-10-26,0.30616796153846154
547,2014-10-27,0.30616796153846154
548,2014-10-28,0.3368810266666667
549,2014-10-29,0.3368810266666667
550,2014-10-30,0.29245154335260115
551,2014-10-31,0.29245154335260115
552,2014-11-01,0.25282597500000004
553,2014-11-02,0.25282597500000004
554,2014-11-03,0.3155498516129032
555,2014-11-04,0.3155498516129032
556,2014-11-05,0.30680300000000005
557,2014-11-06,0.30680300000000005
558,2014-11-07,0.3686643958333333
559,2014-11-08,0.3686643958333333
560,2014-11-09,0.3379139640287769
561,2014-11-10,0.3379139640287769
562,2014-11-11,0.34417353191489364
563,2014-11-12,0.34417353191489364
564,2014-11-13,0.4004607328767123
565,2014-11-14,0.4004607328767123
566,2014-11-15,0.27871554
567,2014-11-16,0.27871554
568,2014-11-17,0.3440370526315789
569,2014-11-18,0.3440370526315789
570,2014-11-19,0.35657591240875913
571,2014-11-20,0.35657591240875913
572,2014-11-21,0.3899876290322581
573,2014-11-22,0.3899876290322581
574,2014-11-23,0.3211207872340426
575,2014-11-24,0.3211207872340426
576,2014-11-25,0.3758133671875
577,2014-11-26,0.3758133671875
578,2014-11-27,0.3612495572519084
579,2014-11-28,0.3612495572519084
580,2014-11-29,0.30224845033112585
581,2014-11-30,0.30224845033112585
582,2014-12-01,0.4082906083916084
583,2014-12-02,0.4082906083916084
584,2014-12-03,0.46520047933884295
585,2014-12-04,0.46520047933884295
586,2014-12-05,0.3471060266666667
587,2014-12-06,0.3471060266666667
588,2014-12-07,0.3662594590163935
589,2014-12-08,0.3662594590163935
590,2014-12-09,0.3687179496402878
591,2014-12-10,0.3687179496402878
592,2014-12-11,0.3411274689655173
593,2014-12-12,0.3411274689655173
594,2014-12-13,0.30669722377622377
595,2014-12-14,0.30669722377622377
596,2014-12-15,0.4100914901960784
597,2014-12-16,0.4100914901960784
598,2014-12-17,0.43823379527559053
599,2014-12-18,0.43823379527559053
600,2014-12-19,0.4088029677419355
601,2014-12-20,0.4088029677419355
602,2014-12-21,0.3232683172413793
603,2014-12-22,0.3232683172413793
604,2014-12-23,0.35747715432098764
605,2014-12-24,0.35747715432098764
606,2014-12-25,0.23493749112426035
607,2014-12-26,0.23493749112426035
608,2014-12-27,0.2845763625
609,2014-12-28,0.2845763625
610,2014-12-29,0.27902982840236684
611,2014-12-30,0.27902982840236684
612,2014-12-31,0.2873413548387097
613,2015-01-01,0.2873413548387097
614,2015-01-02,0.25239609375
615,2015-01-03,0.25239609375
616,2015-01-04,0.2960364277108434
617,2015-01-05,0.2960364277108434
618,2015-01-06,0.3143204585987261
619,2015-01-07,0.3143204585987261
620,2015-01-08,0.3905257259259259
621,2015-01-09,0.3905257259259259
622,2015-01-10,0.4182098368794327
623,2015-01-11,0.4182098368794327
624,2015-01-12,0.34244843902439026
625,2015-01-13,0.34244843902439026
626,2015-01-14,0.4176100993377483
627,2015-01-15,0.4176100993377483
628,2015-01-16,0.4008790201342282
629,2015-01-17,0.4008790201342282
630,2015-01-18,0.3461123087248322
631,2015-01-19,0.3461123087248322
632,2015-01-20,0.441115075
633,2015-01-21,0.441115075
634,2015-01-22,0.3569077933333333
635,2015-01-23,0.3569077933333333
636,2015-01-24,0.3992117520661157
637,2015-01-25,0.3992117520661157
638,2015-01-26,0.5219264251968504
639,2015-01-27,0.5219264251968504
640,2015-01-28,0.2997022088607595
641,2015-01-29,0.2997022088607595
642,2015-01-30,0.3278440431654676
643,2015-01-31,0.3278440431654676
644,2015-02-01,0.2644935588235294
645,2015-02-02,0.2644935588235294
646,2015-02-03,0.3909754148148148
647,2015-02-04,0.3909754148148148
648,2015-02-05,0.3318097755102041
649,2015-02-06,0.3318097755102041
650,2015-02-07,0.2736108720930233
651,2015-02-08,0.2736108720930233
652,2015-02-09,0.3681829935483871
653,2015-02-10,0.3681829935483871
654,2015-02-11,0.37979545333333337
655,2015-02-12,0.37979545333333337
656,2015-02-13,0.4819874000000001
657,2015-02-14,0.4819874000000001
658,2015-02-15,0.4622633880597015
659,2015-02-16,0.4622633880597015
660,2015-02-17,0.4036521290322581
661,2015-02-18,0.4036521290322581
662,2015-02-19,0.32233433536585365
663,2015-02-20,0.32233433536585365
664,2015-02-21,0.4382493623188406
665,2015-02-22,0.4382493623188406
666,2015-02-23,0.4267434452554744
667,2015-02-24,0.4267434452554744
668,2015-02-25,0.3569967500000001
669,2015-02-26,0.3569967500000001
670,2015-02-27,0.35955803797468355
671,2015-02-28,0.35955803797468355
672,2015-03-01,0.39883224
673,2015-03-02,0.39883224
674,2015-03-03,0.40184929220779214
675,2015-03-04,0.40184929220779214
676,2015-03-05,0.4732540701754386
677,2015-03-06,0.4732540701754386
678,2015-03-07,0.3951938297872341
679,2015-03-08,0.3951938297872341
680,2015-03-09,0.4353763939393939
681,2015-03-10,0.4353763939393939
682,2015-03-11,0.3731254819277108
683,2015-03-12,0.3731254819277108
684,2015-03-13,0.39357803597122304
685,2015-03-14,0.39357803597122304
686,2015-03-15,0.33737155102040817
687,2015-03-16,0.33737155102040817
688,2015-03-17,0.3939207342657343
689,2015-03-18,0.3939207342657343
690,2015-03-19,0.432512986013986
691,2015-03-20,0.432512986013986
692,2015-03-21,0.3912156993006993
693,2015-03-22,0.3912156993006993
694,2015-03-23,0.41236225
695,2015-03-24,0.41236225
696,2015-03-25,0.2984490060240964
697,2015-03-26,0.2984490060240964
698,2015-03-27,0.326431023255814
699,2015-03-28,0.326431023255814
700,2015-03-29,0.33959340397351
701,2015-03-30,0.33959340397351
702,2015-03-31,0.3785118523489933
703,2015-04-01,0.3785118523489933
704,2015-04-02,0.4214061768707483
705,2015-04-03,0.4214061768707483
706,2015-04-04,0.3826890909090909
707,2015-04-05,0.3826890909090909
708,2015-04-06,0.4344464263565891
709,2015-04-07,0.4344464263565891
710,2015-04-08,0.4740540336134454
711,2015-04-09,0.4740540336134454
712,2015-04-10,0.4127225845070423
713,2015-04-11,0.4127225845070423
714,2015-04-12,0.34101895588235304
715,2015-04-13,0.34101895588235304
716,2015-04-14,0.4021958734177214
717,2015-04-15,0.4021958734177214
718,2015-04-16,0.3821573188405797
719,2015-04-17,0.3821573188405797
720,2015-04-18,0.4132043383458647
721,2015-04-19,0.4132043383458647
722,2015-04-20,0.3834475542168675
723,2015-04-21,0.3834475542168675
724,2015-04-22,0.42149554545454543
725,2015-04-23,0.42149554545454543
726,2015-04-24,0.5214497583333333
727,2015-04-25,0.5214497583333333
728,2015-04-26,0.3498903691275168
729,2015-04-27,0.3498903691275168
730,2015-04-28,0.3774613630573249
731,2015-04-29,0.3774613630573249
732,2015-04-30,0.431984932330827
733,2015-05-01,0.431984932330827
734,2015-05-02,0.373641925170068
735,2015-05-03,0.373641925170068
736,2015-05-04,0.3906814393939394
737,2015-05-05,0.3906814393939394
738,2015-05-06,0.4081766433566434
739,2015-05-07,0.4081766433566434
740,2015-05-08,0.4009522635135135
741,2015-05-09,0.4009522635135135
742,2015-05-10,0.4085127364341085
743,2015-05-11,0.4085127364341085
744,2015-05-12,0.3906597594936709
745,2015-05-13,0.3906597594936709
746,2015-05-14,0.3787343928571429
747,2015-05-15,0.3787343928571429
748,2015-05-16,0.4097718203125
749,2015-05-17,0.4097718203125
750,2015-05-18,0.4087619489051095
751,2015-05-19,0.4087619489051095
752,2015-05-20,0.42019341549295774
753,2015-05-21,0.42019341549295774
754,2015-05-22,0.3944427464788733
755,2015-05-23,0.3944427464788733
756,2015-05-24,0.4031306382978723
757,2015-05-25,0.4031306382978723
758,2015-05-26,0.4388431629629629
759,2015-05-27,0.4388431629629629
760,2015-05-28,0.4474625833333333
761,2015-05-29,0.4474625833333333
762,2015-05-30,0.5430343306451613
763,2015-05-31,0.5430343306451613
764,2015-06-01,0.4771302773722628
765,2015-06-02,0.4771302773722628
766,2015-06-03,0.4701174507042253
767,2015-06-04,0.4701174507042253
768,2015-06-05,0.4141495845070423
769,2015-06-06,0.4141495845070423
770,2015-06-07,0.3279989640718563
771,2015-06-08,0.3279989640718563
772,2015-06-09,0.3687518703703704
773,2015-06-10,0.3687518703703704
774,2015-06-11,0.4303856709677419
775,2015-06-12,0.4303856709677419
776,2015-06-13,0.4096257721518987
777,2015-06-14,0.4096257721518987
778,2015-06-15,0.4782252
779,2015-06-16,0.4782252
780,2015-06-17,0.5900169366197183
781,2015-06-18,0.5900169366197183
782,2015-06-19,0.4917238695652175
783,2015-06-20,0.4917238695652175
784,2015-06-21,0.4286816967213115
785,2015-06-22,0.4286816967213115
786,2015-06-23,0.5911582867132867
787,2015-06-24,0.5911582867132867
788,2015-06-25,0.3543320125
789,2015-06-26,0.3543320125
790,2015-06-27,0.4824453359375
791,2015-06-28,0.4824453359375
792,2015-06-29,0.4677260729927008
793,2015-06-30,0.4677260729927008
794,2015-07-01,0.6247242620689655
795,2015-07-02,0.6247242620689655
796,2015-07-03,0.4551951790123457
797,2015-07-04,0.4551951790123457
798,2015-07-05,0.3802883379310345
799,2015-07-06,0.3802883379310345
800,2015-07-07,0.7767134594594594
801,2015-07-08,0.7767134594594594
802,2015-07-09,0.7004046811594203
803,2015-07-10,0.7004046811594203
804,2015-07-11,0.7051406896551723
805,2015-07-12,0.7051406896551723
806,2015-07-13,0.7572038344827586
807,2015-07-14,0.7572038344827586
808,2015-07-15,0.6968850194805195
809,2015-07-16,0.6968850194805195
810,2015-07-17,0.6997647708333333
811,2015-07-18,0.6997647708333333
812,2015-07-19,0.6554952517482517
813,2015-07-20,0.6554952517482517
814,2015-07-21,0.4609679928571428
815,2015-07-22,0.4609679928571428
816,2015-07-23,0.38651674496644295
817,2015-07-24,0.38651674496644295
818,2015-07-25,0.3841658366013072
819,2015-07-26,0.3841658366013072
820,2015-07-27,0.5472667032258065
821,2015-07-28,0.5472667032258065
822,2015-07-29,0.8187686711409397
823,2015-07-30,0.8187686711409397
824,2015-07-31,0.7841715899280575
825,2015-08-01,0.7841715899280575
826,2015-08-02,0.4407346878980892
827,2015-08-03,0.4407346878980892
828,2015-08-04,0.7260759097222222
829,2015-08-05,0.7260759097222222
830,2015-08-06,0.7938233142857142
831,2015-08-07,0.7938233142857142
832,2015-08-08,0.3673111910828026
833,2015-08-09,0.3673111910828026
834,2015-08-10,0.40965680571428575
835,2015-08-11,0.40965680571428575
836,2015-08-12,0.5160442845528456
837,2015-08-13,0.5160442845528456
838,2015-08-14,0.4371527089552239
839,2015-08-15,0.4371527089552239
840,2015-08-16,0.3586688911564625
841,2015-08-17,0.3586688911564625
842,2015-08-18,0.4606524
843,2015-08-19,0.4606524
844,2015-08-20,0.3852127290322581
845,2015-08-21,0.3852127290322581
846,2015-08-22,0.3919019738562092
847,2015-08-23,0.3919019738562092
848,2015-08-24,0.4347717324840765
849,2015-08-25,0.4347717324840765
850,2015-08-26,0.4138263225806452
851,2015-08-27,0.4138263225806452
852,2015-08-28,0.43133182550335575
853,2015-08-29,0.43133182550335575
854,2015-08-30,0.34746787500000004
855,2015-08-31,0.34746787500000004
856,2015-09-01,0.5154674736842105
857,2015-09-02,0.5154674736842105
858,2015-09-03,0.6007755496688741
859,2015-09-04,0.6007755496688741
860,2015-09-05,0.4823757814569538
861,2015-09-06,0.4823757814569538
862,2015-09-07,0.4822181617647059
863,2015-09-08,0.4822181617647059
864,2015-09-09,0.7119851347517728
865,2015-09-10,0.7119851347517728
866,2015-09-11,0.6522061791907514
867,2015-09-12,0.6522061791907514
868,2015-09-13,0.6329816285714286
869,2015-09-14,0.6329816285714286
870,2015-09-15,0.6935994846625767
871,2015-09-16,0.6935994846625767
872,2015-09-17,0.6888086099290781
873,2015-09-18,0.6888086099290781
874,2015-09-19,0.4616508560606061
875,2015-09-20,0.4616508560606061
876,2015-09-21,0.5538373636363636
877,2015-09-22,0.5538373636363636
878,2015-09-23,0.50182222
879,2015-09-24,0.50182222
880,2015-09-25,0.4461537592592593
881,2015-09-26,0.4461537592592593
882,2015-09-27,0.4262538263888889
883,2015-09-28,0.4262538263888889
884,2015-09-29,0.4346772138728324
885,2015-09-30,0.4346772138728324
886,2015-10-01,0.4519396103896104
887,2015-10-02,0.4519396103896104
888,2015-10-03,0.4395409342105263
889,2015-10-04,0.4395409342105263
890,2015-10-05,0.418199
891,2015-10-06,0.418199
892,2015-10-07,0.6749667111111111
893,2015-10-08,0.6749667111111111
894,2015-10-09,0.5835499172932329
895,2015-10-10,0.5835499172932329
896,2015-10-11,0.5901196
897,2015-10-12,0.5901196
898,2015-10-13,0.5789778358208955
899,2015-10-14,0.5789778358208955
900,2015-10-15,0.5685996134969326
901,2015-10-16,0.5685996134969326
902,2015-10-17,0.6547715267175573
903,2015-10-18,0.6547715267175573
904,2015-10-19,0.5130747469879517
905,2015-10-20,0.5130747469879517
906,2015-10-21,0.6433683379310345
907,2015-10-22,0.6433683379310345
908,2015-10-23,0.5201101363636363
909,2015-10-24,0.5201101363636363
910,2015-10-25,0.5091113225806452
911,2015-10-26,0.5091113225806452
912,2015-10-27,0.5324800189873417
913,2015-10-28,0.5324800189873417
914,2015-10-29,0.5983270135135135
915,2015-10-30,0.5983270135135135
916,2015-10-31,0.5158521184210526
917,2015-11-01,0.5158521184210526
918,2015-11-02,0.5983496896551724
919,2015-11-03,0.5983496896551724
920,2015-11-04,0.7738935032258065
921,2015-11-05,0.7738935032258065
922,2015-11-06,0.6703288832116788
923,2015-11-07,0.6703288832116788
924,2015-11-08,0.5649603571428571
925,2015-11-09,0.5649603571428571
926,2015-11-10,0.5599680699300699
927,2015-11-11,0.5599680699300699
928,2015-11-12,0.5478714794520548
929,2015-11-13,0.5478714794520548
930,2015-11-14,0.5315930921052632
931,2015-11-15,0.5315930921052632
932,2015-11-16,0.4792007329545454
933,2015-11-17,0.4792007329545454
934,2015-11-18,0.6625697642857143
935,2015-11-19,0.6625697642857143
936,2015-11-20,0.5207887421383648
937,2015-11-21,0.5207887421383648
938,2015-11-22,0.40130741954022986
939,2015-11-23,0.40130741954022986
940,2015-11-24,0.5226247960526316
941,2015-11-25,0.5226247960526316
942,2015-11-26,0.5690603333333334
943,2015-11-27,0.5690603333333334
944,2015-11-28,0.6126028630136986
945,2015-11-29,0.6126028630136986
946,2015-11-30,0.6631424466666667
947,2015-12-01,0.6631424466666667
948,2015-12-02,0.6674648775510205
949,2015-12-03,0.6674648775510205
950,2015-12-04,0.5643991780821919
951,2015-12-05,0.5643991780821919
952,2015-12-06,0.5721714069767442
953,2015-12-07,0.5721714069767442
954,2015-12-08,0.6673874150943396
955,2015-12-09,0.6673874150943396
956,2015-12-10,0.5806186428571428
957,2015-12-11,0.5806186428571428
958,2015-12-12,0.6878884251497005
959,2015-12-13,0.6878884251497005
960,2015-12-14,0.6709410568181818
961,2015-12-15,0.6709410568181818
962,2015-12-16,0.6756485595238095
963,2015-12-17,0.6756485595238095
964,2015-12-18,0.6342352625000001
965,2015-12-19,0.6342352625000001
966,2015-12-20,0.5589670887573964
967,2015-12-21,0.5589670887573964
968,2015-12-22,0.7804523475177305
969,2015-12-23,0.7804523475177305
970,2015-12-24,0.7291674295302014
971,2015-12-25,0.7291674295302014
972,2015-12-26,0.4772728010752688
973,2015-12-27,0.4772728010752688
974,2015-12-28,0.5856291428571428
975,2015-12-29,0.5856291428571428
976,2015-12-30,0.5648688323699422
977,2015-12-31,0.5648688323699422
978,2016-01-01,0.4694142962962963
979,2016-01-02,0.4694142962962963
980,2016-01-03,0.5257396510067114
981,2016-01-04,0.5257396510067114
982,2016-01-05,0.6495762269938651
983,2016-01-06,0.6495762269938651
984,2016-01-07,0.6778494305555555
985,2016-01-08,0.6778494305555555
986,2016-01-09,0.6069291698113207
987,2016-01-10,0.6069291698113207
988,2016-01-11,0.6402203411764705
989,2016-01-12,0.6402203411764705
990,2016-01-13,0.6615723660130719
991,2016-01-14,0.6615723660130719
992,2016-01-15,0.7806274390243904
993,2016-01-16,0.7806274390243904
994,2016-01-17,0.7458049928057555
995,2016-01-18,0.7458049928057555
996,2016-01-19,0.7521260402684563
997,2016-01-20,0.7521260402684563
998,2016-01-21,0.8407136194029851
999,2016-01-22,0.8407136194029851
1000,2016-01-23,0.6093913407821229
1001,2016-01-24,0.6093913407821229
1002,2016-01-25,0.6516743526011561
1003,2016-01-26,0.6516743526011561
1004,2016-01-27,0.7278864610389609
1005,2016-01-28,0.7278864610389609
1006,2016-01-29,0.663735094117647
1007,2016-01-30,0.663735094117647
1008,2016-01-31,0.5196530670391062
1009,2016-02-01,0.5196530670391062
1010,2016-02-02,0.8246359268292682
1011,2016-02-03,0.8246359268292682
1012,2016-02-04,0.6328443891891892
1013,2016-02-05,0.6328443891891892
1014,2016-02-06,0.6526866910994764
1015,2016-02-07,0.6526866910994764
1016,2016-02-08,0.7539734968944098
1017,2016-02-09,0.7539734968944098
1018,2016-02-10,0.7158979408284023
1019,2016-02-11,0.7158979408284023
1020,2016-02-12,0.6650826981132075
1021,2016-02-13,0.6650826981132075
1022,2016-02-14,0.5667196944444445
1023,2016-02-15,0.5667196944444445
1024,2016-02-16,0.7319261610738256
1025,2016-02-17,0.7319261610738256
1026,2016-02-18,0.62491515
1027,2016-02-19,0.62491515
1028,2016-02-20,0.7443559493670887
1029,2016-02-21,0.7443559493670887
1030,2016-02-22,0.8595248153846153
1031,2016-02-23,0.8595248153846153
1032,2016-02-24,0.8958440081300812
1033,2016-02-25,0.8958440081300812
1034,2016-02-26,0.75447926
1035,2016-02-27,0.75447926
1036,2016-02-28,0.7003338724832215
1037,2016-02-29,0.7003338724832215
1038,2016-03-01,0.89761428125
1039,2016-03-02,0.89761428125
1040,2016-03-03,0.9185191729323308
1041,2016-03-04,0.9185191729323308
1042,2016-03-05,0.7731704025157233
1043,2016-03-06,0.7731704025157233
1044,2016-03-07,0.651829464516129
1045,2016-03-08,0.651829464516129
1046,2016-03-09,0.7183319393939395
1047,2016-03-10,0.7183319393939395
1048,2016-03-11,0.6278851779141105
1049,2016-03-12,0.6278851779141105
1050,2016-03-13,0.5706659465648855
1051,2016-03-14,0.5706659465648855
1052,2016-03-15,0.6914230197368422
1053,2016-03-16,0.6914230197368422
1054,2016-03-17,0.7541426444444445
1055,2016-03-18,0.7541426444444445
1056,2016-03-19,0.6814701851851852
1057,2016-03-20,0.6814701851851852
1058,2016-03-21,0.7842592301587302
1059,2016-03-22,0.7842592301587302
1060,2016-03-23,0.6589215298013246
1061,2016-03-24,0.6589215298013246
1062,2016-03-25,0.6411212275862068
1063,2016-03-26,0.6411212275862068
1064,2016-03-27,0.6138536470588235
1065,2016-03-28,0.6138536470588235
1066,2016-03-29,0.6978397
1067,2016-03-30,0.6978397
1068,2016-03-31,0.837658632
1069,2016-04-01,0.837658632
1070,2016-04-02,0.8255437133333332
1071,2016-04-03,0.8255437133333332
1072,2016-04-04,0.6659215792682927
1073,2016-04-05,0.6659215792682927
1074,2016-04-06,0.7157646064516129
1075,2016-04-07,0.7157646064516129
1076,2016-04-08,0.7354707659574468
1077,2016-04-09,0.7354707659574468
1078,2016-04-10,0.5667128908045977
1079,2016-04-11,0.5667128908045977
1080,2016-04-12,0.7947789671052632
1081,2016-04-13,0.7947789671052632
1082,2016-04-14,0.7458737393939394
1083,2016-04-15,0.7458737393939394
1084,2016-04-16,0.7081379300699301
1085,2016-04-17,0.7081379300699301
1086,2016-04-18,0.7836681333333333
1087,2016-04-19,0.7836681333333333
1088,2016-04-20,0.6969258848484848
1089,2016-04-21,0.6969258848484848
1090,2016-04-22,0.7749120979020978
1091,2016-04-23,0.7749120979020978
1092,2016-04-24,0.728039803030303
1093,2016-04-25,0.728039803030303
1094,2016-04-26,0.8131796887417219
1095,2016-04-27,0.8131796887417219
1096,2016-04-28,0.8982190294117647
1097,2016-04-29,0.8982190294117647
1098,2016-04-30,0.7575485068493151
1099,2016-05-01,0.7575485068493151
1100,2016-05-02,0.7510854713375796
1101,2016-05-03,0.7510854713375796
1102,2016-05-04,0.7087220119047619
1103,2016-05-05,0.7087220119047619
1104,2016-05-06,0.6858892777777778
1105,2016-05-07,0.6858892777777778
1106,2016-05-08,0.5846545950920246
1107,2016-05-09,0.5846545950920246
1108,2016-05-10,0.7269089810126582
1109,2016-05-11,0.7269089810126582
1110,2016-05-12,0.7799939712230216
1111,2016-05-13,0.7799939712230216
1112,2016-05-14,0.8123429305555556
1113,2016-05-15,0.8123429305555556
1114,2016-05-16,0.9067635744680852
1115,2016-05-17,0.9067635744680852
1116,2016-05-18,0.8743317337662337
1117,2016-05-19,0.8743317337662337
1118,2016-05-20,0.781658288590604
1119,2016-05-21,0.781658288590604
1120,2016-05-22,0.6035817880434783
1121,2016-05-23,0.6035817880434783
1122,2016-05-24,0.849967387755102
1123,2016-05-25,0.849967387755102
1124,2016-05-26,0.8230840583941607
1125,2016-05-27,0.8230840583941607
1126,2016-05-28,0.8633647518796992
1127,2016-05-29,0.8633647518796992
1128,2016-05-30,0.8924766137931035
1129,2016-05-31,0.8924766137931035
1130,2016-06-01,0.8404144236111111
1131,2016-06-02,0.8404144236111111
1132,2016-06-03,0.8325584436619718
1133,2016-06-04,0.8325584436619718
1134,2016-06-05,0.6134884678362573
1135,2016-06-06,0.6134884678362573
1136,2016-06-07,0.8027037605633803
1137,2016-06-08,0.8027037605633803
1138,2016-06-09,0.7206210909090909
1139,2016-06-10,0.7206210909090909
1140,2016-06-11,0.6961208012820513
1141,2016-06-12,0.6961208012820513
1142,2016-06-13,0.9156027515527952
1143,2016-06-14,0.9156027515527952
1144,2016-06-15,0.9182022467532468
1145,2016-06-16,0.9182022467532468
1146,2016-06-17,0.9307537382550336
1147,2016-06-18,0.9307537382550336
1148,2016-06-19,0.7231075649717514
1149,2016-06-20,0.7231075649717514
1150,2016-06-21,0.9149100067114094
1151,2016-06-22,0.9149100067114094
1152,2016-06-23,0.9197958571428572
1153,2016-06-24,0.9197958571428572
1154,2016-06-25,0.7974393855421686
1155,2016-06-26,0.7974393855421686
1156,2016-06-27,0.7772074693877551
1157,2016-06-28,0.7772074693877551
1158,2016-06-29,0.7645592260273972
1159,2016-06-30,0.7645592260273972
1160,2016-07-01,0.7517467961783442
1161,2016-07-02,0.7517467961783442
1162,2016-07-03,0.6146488116883118
1163,2016-07-04,0.6146488116883118
1164,2016-07-05,0.7891594413793103
1165,2016-07-06,0.7891594413793103
1166,2016-07-07,0.8223174275362318
1167,2016-07-08,0.8223174275362318
1168,2016-07-09,0.6580531812080537
1169,2016-07-10,0.6580531812080537
1170,2016-07-11,0.7932866923076923
1171,2016-07-12,0.7932866923076923
1172,2016-07-13,0.8186623538461539
1173,2016-07-14,0.8186623538461539
1174,2016-07-15,0.790217274074074
1175,2016-07-16,0.790217274074074
1176,2016-07-17,0.7093562147651007
1177,2016-07-18,0.7093562147651007
1178,2016-07-19,0.860789296875
1179,2016-07-20,0.860789296875
1180,2016-07-21,0.8092726315789475
1181,2016-07-22,0.8092726315789475
1182,2016-07-23,0.8263020381679389
1183,2016-07-24,0.8263020381679389
1184,2016-07-25,0.9106621818181818
1185,2016-07-26,0.9106621818181818
1186,2016-07-27,0.9217874453125
1187,2016-07-28,0.9217874453125
1188,2016-07-29,0.8223719659863945
1189,2016-07-30,0.8223719659863945
1190,2016-07-31,0.7945719350649351
1191,2016-08-01,0.7945719350649351
1192,2016-08-02,0.8602431419354838
1193,2016-08-03,0.8602431419354838
1194,2016-08-04,0.7807426274509803
1195,2016-08-05,0.7807426274509803
1196,2016-08-06,0.6175066107784432
1197,2016-08-07,0.6175066107784432
1198,2016-08-08,0.8403128926174497
1199,2016-08-09,0.8403128926174497
1200,2016-08-10,0.8311269013157895
1201,2016-08-11,0.8311269013157895
1202,2016-08-12,0.8052742214765101
1203,2016-08-13,0.8052742214765101
1204,2016-08-14,0.6369271646341463
1205,2016-08-15,0.6369271646341463
1206,2016-08-16,0.9206494779411764
1207,2016-08-17,0.9206494779411764
1208,2016-08-18,0.798859012987013
1209,2016-08-19,0.798859012987013
1210,2016-08-20,0.7158367307692307
1211,2016-08-21,0.7158367307692307
1212,2016-08-22,0.7862193522012578
1213,2016-08-23,0.7862193522012578
1214,2016-08-24,0.7578695359477123
1215,2016-08-25,0.7578695359477123
1216,2016-08-26,0.8444123409090909
1217,2016-08-27,0.8444123409090909
1218,2016-08-28,0.6085277171052631
1219,2016-08-29,0.6085277171052631
1220,2016-08-30,0.7841255757575757
1221,2016-08-31,0.7841255757575757
1222,2016-09-01,0.8462416595744682
1223,2016-09-02,0.8462416595744682
1224,2016-09-03,0.7699421825396825
1225,2016-09-04,0.7699421825396825
1226,2016-09-05,0.8802988571428572
1227,2016-09-06,0.8802988571428572
1228,2016-09-07,0.8093318355263158
1229,2016-09-08,0.8093318355263158
1230,2016-09-09,0.8143285104895105
1231,2016-09-10,0.8143285104895105
1232,2016-09-11,0.591717
1233,2016-09-12,0.591717
1234,2016-09-13,0.7817094578313253
1235,2016-09-14,0.7817094578313253
1236,2016-09-15,0.7529788116883117
1237,2016-09-16,0.7529788116883117
1238,2016-09-17,0.7543839386503068
1239,2016-09-18,0.7543839386503068
1240,2016-09-19,0.8350412330827068
1241,2016-09-20,0.8350412330827068
1242,2016-09-21,0.7113517951807229
1243,2016-09-22,0.7113517951807229
1244,2016-09-23,0.8052610514705882
1245,2016-09-24,0.8052610514705882
1246,2016-09-25,0.5713854838709678
1247,2016-09-26,0.5713854838709678
1248,2016-09-27,0.7622297100591716
1249,2016-09-28,0.7622297100591716
1250,2016-09-29,0.8328163776223776
1251,2016-09-30,0.8328163776223776
1252,2016-10-01,0.7112770445859873
1253,2016-10-02,0.7112770445859873
1254,2016-10-03,0.8654335197368421
1255,2016-10-04,0.8654335197368421
1256,2016-10-05,0.7889120359281437
1257,2016-10-06,0.7889120359281437
1258,2016-10-07,0.8684020625
1259,2016-10-08,0.8684020625
1260,2016-10-09,0.68225275
1261,2016-10-10,0.68225275
1262,2016-10-11,0.9230886690647482
1263,2016-10-12,0.9230886690647482
1264,2016-10-13,0.9120396875
1265,2016-10-14,0.9120396875
1266,2016-10-15,0.7816515492957746
1267,2016-10-16,0.7816515492957746
1268,2016-10-17,0.929673328
1269,2016-10-18,0.929673328
1270,2016-10-19,0.8089161111111111
1271,2016-10-20,0.8089161111111111
1272,2016-10-21,0.7910859207317072
1273,2016-10-22,0.7910859207317072
1274,2016-10-23,0.7923368958333333
1275,2016-10-24,0.7923368958333333
1276,2016-10-25,0.9439283381294964
1277,2016-10-26,0.9439283381294964
1278,2016-10-27,0.9776256728395062
1279,2016-10-28,0.9776256728395062
1280,2016-10-29,0.7730397046979867
1281,2016-10-30,0.7730397046979867
1282,2016-10-31,0.8109842721088435
1283,2016-11-01,0.8109842721088435
1284,2016-11-02,0.90370907518797
1285,2016-11-03,0.90370907518797
1286,2016-11-04,0.956108198275862
1287,2016-11-05,0.956108198275862
1288,2016-11-06,0.7325246883116883
1289,2016-11-07,0.7325246883116883
1290,2016-11-08,0.8662659408284024
1291,2016-11-09,0.8662659408284024
1292,2016-11-10,0.8045371130952381
1293,2016-11-11,0.8045371130952381
1294,2016-11-12,0.7104031964285714
1295,2016-11-13,0.7104031964285714
1296,2016-11-14,0.7902279941860466
1297,2016-11-15,0.7902279941860466
1298,2016-11-16,0.7912516104651164
1299,2016-11-17,0.7912516104651164
1300,2016-11-18,0.9323926418918921
1301,2016-11-19,0.9323926418918921
1302,2016-11-20,0.903049
1303,2016-11-21,0.903049
1304,2016-11-22,0.9588848134328358
1305,2016-11-23,0.9588848134328358
1306,2016-11-24,0.9522807682926828
1307,2016-11-25,0.9522807682926828
1308,2016-11-26,0.943726090909091
1309,2016-11-27,0.943726090909091
1310,2016-11-28,0.9091113658536586
1311,2016-11-29,0.9091113658536586
1312,2016-11-30,0.9122474647887324
1313,2016-12-01,0.9122474647887324
1314,2016-12-02,0.9767190972222222
1315,2016-12-03,0.9767190972222222
1316,2016-12-04,0.8569991689189189
1317,2016-12-05,0.8569991689189189
1318,2016-12-06,0.9627610933333334
1319,2016-12-07,0.9627610933333334
1320,2016-12-08,0.8501776878980892
1321,2016-12-09,0.8501776878980892
1322,2016-12-10,0.8984817196969697
1323,2016-12-11,0.8984817196969697
1324,2016-12-12,0.8060146410256409
1325,2016-12-13,0.8060146410256409
1326,2016-12-14,0.9016278705035972
1327,2016-12-15,0.9016278705035972
1328,2016-12-16,0.9666167969924812
1329,2016-12-17,0.9666167969924812
1330,2016-12-18,0.8614163758865249
1331,2016-12-19,0.8614163758865249
1332,2016-12-20,0.9703796159420288
1333,2016-12-21,0.9703796159420288
1334,2016-12-22,0.9198361949685534
1335,2016-12-23,0.9198361949685534
1336,2016-12-24,0.854889503649635
1337,2016-12-25,0.854889503649635
1338,2016-12-26,0.8558632816901408
1339,2016-12-27,0.8558632816901408
1340,2016-12-28,0.8684801951219513
1341,2016-12-29,0.8684801951219513
1342,2016-12-30,0.8717078280254776
1343,2016-12-31,0.8717078280254776
1344,2017-01-01,0.6985397692307692
1345,2017-01-02,0.6985397692307692
1346,2017-01-03,0.9065735182926828
1347,2017-01-04,0.9065735182926828
1348,2017-01-05,0.9841968928571428
1349,2017-01-06,0.9841968928571428
1350,2017-01-07,0.9873366330935252
1351,2017-01-08,0.9873366330935252
1352,2017-01-09,0.923003161764706
1353,2017-01-10,0.923003161764706
1354,2017-01-11,0.9230163529411765
1355,2017-01-12,0.9230163529411765
1356,2017-01-13,0.8415314701986755
1357,2017-01-14,0.8415314701986755
1358,2017-01-15,0.6770676586826347
1359,2017-01-16,0.6770676586826347
1360,2017-01-17,0.900242
1361,2017-01-18,0.900242
1362,2017-01-19,0.8343687413793104
1363,2017-01-20,0.8343687413793104
1364,2017-01-21,0.6930888342541436
1365,2017-01-22,0.6930888342541436
1366,2017-01-23,0.9093341007194244
1367,2017-01-24,0.9093341007194244
1368,2017-01-25,0.9879089266666669
1369,2017-01-26,0.9879089266666669
1370,2017-01-27,0.8376798058823529
1371,2017-01-28,0.8376798058823529
1372,2017-01-29,0.8624916467065867
1373,2017-01-30,0.8624916467065867
1374,2017-01-31,0.9595463241379312
1375,2017-02-01,0.9595463241379312
1376,2017-02-02,0.913956592356688
1377,2017-02-03,0.913956592356688
1378,2017-02-04,0.952473055172414
1379,2017-02-05,0.952473055172414
1380,2017-02-06,0.97920132
1381,2017-02-07,0.97920132
1382,2017-02-08,0.9611287191780822
1383,2017-02-09,0.9611287191780822
1384,2017-02-10,0.9677519797297296
1385,2017-02-11,0.9677519797297296
1386,2017-02-12,0.8674449078014184
1387,2017-02-13,0.8674449078014184
1388,2017-02-14,0.8847332662721894
1389,2017-02-15,0.8847332662721894
1390,2017-02-16,0.9741140789473683
1391,2017-02-17,0.9741140789473683
1392,2017-02-18,0.9622173421052632
1393,2017-02-19,0.9622173421052632
1394,2017-02-20,0.9513293851351352
1395,2017-02-21,0.9513293851351352
1396,2017-02-22,0.9773118633093524
1397,2017-02-23,0.9773118633093524
1398,2017-02-24,0.9716721686746989
1399,2017-02-25,0.9716721686746989
1400,2017-02-26,0.9217508539325844
1401,2017-02-27,0.9217508539325844
1402,2017-02-28,0.968234019607843
1403,2017-03-01,0.968234019607843
1404,2017-03-02,0.9556123312101912
1405,2017-03-03,0.9556123312101912
1406,2017-03-04,0.9860852686567164
1407,2017-03-05,0.9860852686567164
1408,2017-03-06,0.9655325633802816
1409,2017-03-07,0.9655325633802816
1410,2017-03-08,0.9794270845070422
1411,2017-03-09,0.9794270845070422
1412,2017-03-10,0.9918213461538462
1413,2017-03-11,0.9918213461538462
1414,2017-03-12,0.9601464645161291
1415,2017-03-13,0.9601464645161291
1416,2017-03-14,0.962449358974359
1417,2017-03-15,0.962449358974359
1418,2017-03-16,0.9882601307189542
1419,2017-03-17,0.9882601307189542
1420,2017-03-18,0.9420463184713376
1421,2017-03-19,0.9420463184713376
1422,2017-03-20,0.9773873529411764
1423,2017-03-21,0.9773873529411764
1424,2017-03-22,0.9823028385093168
1425,2017-03-23,0.9823028385093168
1426,2017-03-24,0.869937534090909
1427,2017-03-25,0.869937534090909
1428,2017-03-26,0.6767430843373494
1429,2017-03-27,0.6767430843373494
1430,2017-03-28,0.9856837225806452
1431,2017-03-29,0.9856837225806452
1432,2017-03-30,0.9625500975609756
1433,2017-03-31,0.9625500975609756
1434,2017-04-01,0.9671549848484848
1435,2017-04-02,0.9671549848484848
1436,2017-04-03,0.8782873409090909
1437,2017-04-04,0.8782873409090909
1438,2017-04-05,0.9668584444444444
1439,2017-04-06,0.9668584444444444
1440,2017-04-07,0.9775861049382716
1441,2017-04-08,0.9775861049382716
1442,2017-04-09,0.925461893081761
1443,2017-04-10,0.925461893081761
1444,2017-04-11,0.9628318922155688
1445,2017-04-12,0.9628318922155688
1446,2017-04-13,0.9729802992125984
1447,2017-04-14,0.9729802992125984
1448,2017-04-15,0.9917443973509932
1449,2017-04-16,0.9917443973509932
1450,2017-04-17,0.9307864855072464
1451,2017-04-18,0.9307864855072464
1452,2017-04-19,0.9842131748251748
1453,2017-04-20,0.9842131748251748
1454,2017-04-21,0.9759393233532934
1455,2017-04-22,0.9759393233532934
1456,2017-04-23,0.947631065359477
1457,2017-04-24,0.947631065359477
1458,2017-04-25,0.9660103243243244
1459,2017-04-26,0.9660103243243244
1460,2017-04-27,0.9676179795918368
1461,2017-04-28,0.9676179795918368
1462,2017-04-29,0.9715703121387282
1463,2017-04-30,0.9715703121387282
1464,2017-05-01,0.9774208933333334
1465,2017-05-02,0.9774208933333334
1466,2017-05-03,0.9952908712121212
1467,2017-05-04,0.9952908712121212
1468,2017-05-05,0.9612458682170544
1469,2017-05-06,0.9612458682170544
1470,2017-05-07,0.9648364431137724
1471,2017-05-08,0.9648364431137724
1472,2017-05-09,0.9877865225806453
1473,2017-05-10,0.9877865225806453
1474,2017-05-11,0.9612426962962964
1475,2017-05-12,0.9612426962962964
1476,2017-05-13,0.9550900253164556
1477,2017-05-14,0.9550900253164556
1478,2017-05-15,0.9707119823529412
1479,2017-05-16,0.9707119823529412
1480,2017-05-17,0.9818819419354838
1481,2017-05-18,0.9818819419354838
1482,2017-05-19,0.9712608170731708
1483,2017-05-20,0.9712608170731708
1484,2017-05-21,0.990363700680272
1485,2017-05-22,0.990363700680272
1486,2017-05-23,0.9786851666666666
1487,2017-05-24,0.9786851666666666
1488,2017-05-25,0.9768757668711656
1489,2017-05-26,0.9768757668711656
1490,2017-05-27,0.9914609166666668
1491,2017-05-28,0.9914609166666668
1492,2017-05-29,0.9779007417218544
1493,2017-05-30,0.9779007417218544
1494,2017-05-31,0.976696451219512
1495,2017-06-01,0.976696451219512
1496,2017-06-02,0.9819886164383562
1497,2017-06-03,0.9819886164383562
1498,2017-06-04,0.9823586708074536
1499,2017-06-05,0.9823586708074536
1500,2017-06-06,0.9900443973509934
1501,2017-06-07,0.9900443973509934
1502,2017-06-08,0.969814206060606
1503,2017-06-09,0.969814206060606
1504,2017-06-10,0.9664552411347516
1505,2017-06-11,0.9664552411347516
1506,2017-06-12,0.9675946734693875
1507,2017-06-13,0.9675946734693875
1508,2017-06-14,0.9693562928571428
1509,2017-06-15,0.9693562928571428
1510,2017-06-16,0.9830880472972972
1511,2017-06-17,0.9830880472972972
1512,2017-06-18,0.9366373586206898
1513,2017-06-19,0.9366373586206898
1514,2017-06-20,0.9656752246376812
1515,2017-06-21,0.9656752246376812
1516,2017-06-22,0.9925778489208632
1517,2017-06-23,0.9925778489208632
1518,2017-06-24,0.9498387534246576
1519,2017-06-25,0.9498387534246576
1520,2017-06-26,0.9872243450704226
1521,2017-06-27,0.9872243450704226
1522,2017-06-28,0.9725872356687896
1523,2017-06-29,0.9725872356687896
1524,2017-06-30,0.9563143831168832
1525,2017-07-01,0.9563143831168832
1526,2017-07-02,0.7795832978723404
1527,2017-07-03,0.7795832978723404
1528,2017-07-04,0.89702977124183
1529,2017-07-05,0.89702977124183
1530,2017-07-06,0.9563046619718312
1531,2017-07-07,0.9563046619718312
1532,2017-07-08,0.858895296969697
1533,2017-07-09,0.858895296969697
1534,2017-07-10,0.7466579086294417
1535,2017-07-11,0.7466579086294417
1536,2017-07-12,0.8815641581920904
1537,2017-07-13,0.8815641581920904
1538,2017-07-14,0.9002089784172662
1539,2017-07-15,0.9002089784172662
1540,2017-07-16,0.8402697177914108
1541,2017-07-17,0.8402697177914108
1542,2017-07-18,0.9594278727272728
1543,2017-07-19,0.9594278727272728
1544,2017-07-20,0.9294561296296296
1545,2017-07-21,0.9294561296296296
1546,2017-07-22,0.92575418125
1547,2017-07-23,0.92575418125
1548,2017-07-24,0.8944241123595505
1549,2017-07-25,0.8944241123595505
1550,2017-07-26,0.9673388231292516
1551,2017-07-27,0.9673388231292516
1552,2017-07-28,0.9168634066666668
1553,2017-07-29,0.9168634066666668
1554,2017-07-30,0.8103373605442177
1555,2017-07-31,0.8103373605442177
1556,2017-08-01,0.7252916308724833
1557,2017-08-02,0.7252916308724833
1558,2017-08-03,0.8688547101449275
1559,2017-08-04,0.8688547101449275
1560,2017-08-05,0.8812315932203392
1561,2017-08-06,0.8812315932203392
1562,2017-08-07,0.9436978235294116
1563,2017-08-08,0.9436978235294116
1564,2017-08-09,0.954165920289855
1565,2017-08-10,0.954165920289855
1566,2017-08-11,0.9671709027777776
1567,2017-08-12,0.9671709027777776
1568,2017-08-13,0.9833201554054054
1569,2017-08-14,0.9833201554054054
1570,2017-08-15,0.9750699013157894
1571,2017-08-16,0.9750699013157894
1572,2017-08-17,0.9786816033519552
1573,2017-08-18,0.9786816033519552
1574,2017-08-19,0.9664551589403974
1575,2017-08-20,0.9664551589403974
1576,2017-08-21,0.9764870000000001
1577,2017-08-22,0.9764870000000001
1578,2017-08-23,0.9865106666666668
1579,2017-08-24,0.9865106666666668
1580,2017-08-25,0.92875899009901
1581,2017-08-26,0.92875899009901
1582,2017-08-27,0.9908020129032258
1583,2017-08-28,0.9908020129032258
1584,2017-08-29,0.9981771140939596
1585,2017-08-30,0.9981771140939596
1586,2017-08-31,0.9816415337423312
1587,2017-09-01,0.9816415337423312
1588,2017-09-02,0.8090010182926829
1589,2017-09-03,0.8090010182926829
1590,2017-09-04,0.9276607771428572
1591,2017-09-05,0.9276607771428572
1592,2017-09-06,0.9041358024691358
1593,2017-09-07,0.9041358024691358
1594,2017-09-08,0.9131877142857144
1595,2017-09-09,0.9131877142857144
1596,2017-09-10,0.7842028550724638
1597,2017-09-11,0.7842028550724638
1598,2017-09-12,0.7112392021276597
1599,2017-09-13,0.7112392021276597
1600,2017-09-14,0.8023505804597701
1601,2017-09-15,0.8023505804597701
1602,2017-09-16,0.7010672307692307
1603,2017-09-17,0.7010672307692307
1604,2017-09-18,0.9119924094488188
1605,2017-09-19,0.9119924094488188
1606,2017-09-20,0.9482453846153848
1607,2017-09-21,0.9482453846153848
1608,2017-09-22,0.8020077482014388
1609,2017-09-23,0.8020077482014388
1610,2017-09-24,0.656781524137931
1611,2017-09-25,0.656781524137931
1612,2017-09-26,0.9622311086956522
1613,2017-09-27,0.9622311086956522
1614,2017-09-28,0.8439419661016948
1615,2017-09-29,0.8439419661016948
1616,2017-09-30,0.7862133985507247
1617,2017-10-01,0.7862133985507247
1618,2017-10-02,1.0015023933333334
1619,2017-10-03,1.0015023933333334
1620,2017-10-04,0.8374743656716418
1621,2017-10-05,0.8374743656716418
1622,2017-10-06,0.92043579245283
1623,2017-10-07,0.92043579245283
1624,2017-10-08,0.7644199010989011
1625,2017-10-09,0.7644199010989011
1626,2017-10-10,0.9642725875
1627,2017-10-11,0.9642725875
1628,2017-10-12,0.9775429869281046
1629,2017-10-13,0.9775429869281046
1630,2017-10-14,1.0232214397163122
1631,2017-10-15,1.0232214397163122
1632,2017-10-16,0.9177636379310344
1633,2017-10-17,0.9177636379310344
1634,2017-10-18,1.0175214900662253
1635,2017-10-19,1.0175214900662253
1636,2017-10-20,0.993012631284916
1637,2017-10-21,0.993012631284916
1638,2017-10-22,1.0052862252747252
1639,2017-10-23,1.0052862252747252
1640,2017-10-24,1.0410116407185628
1641,2017-10-25,1.0410116407185628
1642,2017-10-26,0.7323564888888889
1643,2017-10-27,0.7323564888888889
1644,2017-10-28,1.007806905882353
1645,2017-10-29,1.007806905882353
1646,2017-10-30,1.0285091360544218
1647,2017-10-31,1.0285091360544218
1648,2017-11-01,1.0432853027522937
1649,2017-11-02,1.0432853027522937
1650,2017-11-03,1.046605974789916
1651,2017-11-04,1.046605974789916
1652,2017-11-05,1.0426671631205673
1653,2017-11-06,1.0426671631205673
1654,2017-11-07,1.0263800833333334
1655,2017-11-08,1.0263800833333334
1656,2017-11-09,1.024794026143791
1657,2017-11-10,1.024794026143791
1658,2017-11-11,1.058251325
1659,2017-11-12,1.058251325
1660,2017-11-13,1.0417878
1661,2017-11-14,1.0417878
1662,2017-11-15,1.0459106315789477
1663,2017-11-16,1.0459106315789477
1664,2017-11-17,1.0345285748502993
1665,2017-11-18,1.0345285748502993
1666,2017-11-19,1.042986825
1667,2017-11-20,1.042986825
1668,2017-11-21,1.0558941560693642
1669,2017-11-22,1.0558941560693642
1670,2017-11-23,1.0568942611464969
1671,2017-11-24,1.0568942611464969
1672,2017-11-25,1.0478601025641026
1673,2017-11-26,1.0478601025641026
1674,2017-11-27,1.0473966470588236
1675,2017-11-28,1.0473966470588236
1676,2017-11-29,1.0644090057803468
1677,2017-11-30,1.0644090057803468
1678,2017-12-01,1.0680846666666668
1679,2017-12-02,1.0680846666666668
1680,2017-12-03,1.0473750397727273
1681,2017-12-04,1.0473750397727273
1682,2017-12-05,1.0586585337078651
1683,2017-12-06,1.0586585337078651
1684,2017-12-07,1.045315112582781
1685,2017-12-08,1.045315112582781
1686,2017-12-09,1.051266287356322
1687,2017-12-10,1.051266287356322
1688,2017-12-11,1.060447970760234
1689,2017-12-12,1.060447970760234
1690,2017-12-13,1.0570646720430106
1691,2017-12-14,1.0570646720430106
1692,2017-12-15,1.0579387692307691
1693,2017-12-16,1.0579387692307691
1694,2017-12-17,1.0410744216216217
1695,2017-12-18,1.0410744216216217
1696,2017-12-19,1.0601594
1697,2017-12-20,1.0601594
1698,2017-12-21,1.0386920909090909
1699,2017-12-22,1.0386920909090909
1700,2017-12-23,1.0600379640287771
1701,2017-12-24,1.0600379640287771
1702,2017-12-25,1.0507459555555556
1703,2017-12-26,1.0507459555555556
1704,2017-12-27,1.0675947884615389
1705,2017-12-28,1.0675947884615389
1706,2017-12-29,1.0477537151515153
1707,2017-12-30,1.0477537151515153
1708,2017-12-31,1.0370569693251537
1709,2018-01-01,1.0370569693251537
1710,2018-01-02,1.041367596491228
1711,2018-01-03,1.041367596491228
1712,2018-01-04,1.0658327023809524
1713,2018-01-05,1.0658327023809524
1714,2018-01-06,1.0546091607142858
1715,2018-01-07,1.0546091607142858
1716,2018-01-08,1.0506483373493976
1717,2018-01-09,1.0506483373493976
1718,2018-01-10,1.0581949759036144
1719,2018-01-11,1.0581949759036144
1720,2018-01-12,1.0546687584269665
1721,2018-01-13,1.0546687584269665
1722,2018-01-14,1.0506577677419355
1723,2018-01-15,1.0506577677419355
1724,2018-01-16,1.0500542201257859
1725,2018-01-17,1.0500542201257859
1726,2018-01-18,1.05084887283237
1727,2018-01-19,1.05084887283237
1728,2018-01-20,1.1065685898876405
1729,2018-01-21,1.1065685898876405
1730,2018-01-22,1.0810381017964072
1731,2018-01-23,1.0810381017964072
1732,2018-01-24,1.0699939545454549
1733,2018-01-25,1.0699939545454549
1734,2018-01-26,1.0426272967741936
1735,2018-01-27,1.0426272967741936
1736,2018-01-28,1.0310088417721521
1737,2018-01-29,1.0310088417721521
1738,2018-01-30,0.9875086706586826
1739,2018-01-31,0.9875086706586826
1740,2018-02-01,1.053963175
1741,2018-02-02,1.053963175
1742,2018-02-03,0.9965668607594936
1743,2018-02-04,0.9965668607594936
1744,2018-02-05,1.1027334702702702
1745,2018-02-06,1.1027334702702702
1746,2018-02-07,1.0717223900709218
1747,2018-02-08,1.0717223900709218
1748,2018-02-09,1.076192548148148
1749,2018-02-10,1.076192548148148
1750,2018-02-11,1.0069191523178809
1751,2018-02-12,1.0069191523178809
1752,2018-02-13,1.0329561585365854
1753,2018-02-14,1.0329561585365854
1754,2018-02-15,1.063894961832061
1755,2018-02-16,1.063894961832061
1756,2018-02-17,0.9730171812080536
1757,2018-02-18,0.9730171812080536
1758,2018-02-19,1.006584074074074
1759,2018-02-20,1.006584074074074
1760,2018-02-21,0.985094627218935
1761,2018-02-22,0.985094627218935
1762,2018-02-23,1.006292972972973
1763,2018-02-24,1.006292972972973
1764,2018-02-25,0.7101613157894737
1765,2018-02-26,0.7101613157894737
1766,2018-02-27,1.01619215
1767,2018-02-28,1.01619215
1768,2018-03-01,1.0682405212121209
1769,2018-03-02,1.0682405212121209
1770,2018-03-03,0.9768335166666668
1771,2018-03-04,0.9768335166666668
1772,2018-03-05,1.0160605167785235
1773,2018-03-06,1.0160605167785235
1774,2018-03-07,1.0223219108280257
1775,2018-03-08,1.0223219108280257
1776,2018-03-09,1.0312283424657531
1777,2018-03-10,1.0312283424657531
1778,2018-03-11,1.0131507647058824
1779,2018-03-12,1.0131507647058824
1780,2018-03-13,0.8925809430379747
1781,2018-03-14,0.8925809430379747
1782,2018-03-15,0.7704331319444444
1783,2018-03-16,0.7704331319444444
1784,2018-03-17,0.515427899328859
1785,2018-03-18,0.515427899328859
1786,2018-03-19,0.6780447032258065
1787,2018-03-20,0.6780447032258065
1788,2018-03-21,0.6702691842105263
1789,2018-03-22,0.6702691842105263
1790,2018-03-23,0.8305476766917294
1791,2018-03-24,0.8305476766917294
1792,2018-03-25,0.5687728592592592
1793,2018-03-26,0.5687728592592592
1794,2018-03-27,0.763199125
1795,2018-03-28,0.763199125
1796,2018-03-29,0.679723552631579
1797,2018-03-30,0.679723552631579
1798,2018-03-31,0.6763264765625
1799,2018-04-01,0.6763264765625
1800,2018-04-02,0.5666118653846154
1801,2018-04-03,0.5666118653846154
1802,2018-04-04,0.7233463401360545
1803,2018-04-05,0.7233463401360545
1804,2018-04-06,0.8246476159420291
1805,2018-04-07,0.8246476159420291
1806,2018-04-08,0.4314517639751553
1807,2018-04-09,0.4314517639751553
1808,2018-04-10,0.6831044512195121
1809,2018-04-11,0.6831044512195121
1810,2018-04-12,0.8257664545454546
1811,2018-04-13,0.8257664545454546
1812,2018-04-14,0.7989102700729926
1813,2018-04-15,0.7989102700729926
1814,2018-04-16,0.9675472553191488
1815,2018-04-17,0.9675472553191488
1816,2018-04-18,0.674461025
1817,2018-04-19,0.674461025
1818,2018-04-20,0.8184397883211678
1819,2018-04-21,0.8184397883211678
1820,2018-04-22,0.5588472312499999
1821,2018-04-23,0.5588472312499999
1822,2018-04-24,0.9671785220125786
1823,2018-04-25,0.9671785220125786
1824,2018-04-26,0.8847065106382979
1825,2018-04-27,0.8847065106382979
1826,2018-04-28,0.844274703125
1827,2018-04-29,0.844274703125
1828,2018-04-30,0.748396935483871
1829,2018-05-01,0.748396935483871
1830,2018-05-02,0.8779781357142857
1831,2018-05-03,0.8779781357142857
1832,2018-05-04,0.9738190289855072
1833,2018-05-05,0.9738190289855072
1834,2018-05-06,0.7584010583941605
1835,2018-05-07,0.7584010583941605
1836,2018-05-08,0.9153971294964028
1837,2018-05-09,0.9153971294964028
1838,2018-05-10,0.7333766948051947
1839,2018-05-11,0.7333766948051947
1840,2018-05-12,0.6442366848484848
1841,2018-05-13,0.6442366848484848
1842,2018-05-14,0.8727042727272727
1843,2018-05-15,0.8727042727272727
1844,2018-05-16,0.6065971396648044
1845,2018-05-17,0.6065971396648044
1846,2018-05-18,0.8392801554054055
1847,2018-05-19,0.8392801554054055
1848,2018-05-20,0.5550495555555556
1849,2018-05-21,0.5550495555555556
1850,2018-05-22,0.6977125562913907
1851,2018-05-23,0.6977125562913907
1852,2018-05-24,0.7261731538461538
1853,2018-05-25,0.7261731538461538
1854,2018-05-26,0.4884693827160494
1855,2018-05-27,0.4884693827160494
1856,2018-05-28,0.7101011153846154
1857,2018-05-29,0.7101011153846154
1858,2018-05-30,0.6259900804597701
1859,2018-05-31,0.6259900804597701
1860,2018-06-01,0.7219150843373494
1861,2018-06-02,0.7219150843373494
1862,2018-06-03,0.7712843496932515
1863,2018-06-04,0.7712843496932515
1864,2018-06-05,0.8484794857142858
1865,2018-06-06,0.8484794857142858
1866,2018-06-07,1.0825134895104895
1867,2018-06-08,1.0825134895104895
1868,2018-06-09,0.6309251188811189
1869,2018-06-10,0.6309251188811189
1870,2018-06-11,0.7930756142857143
1871,2018-06-12,0.7930756142857143
1872,2018-06-13,0.9130502657342658
1873,2018-06-14,0.9130502657342658
1874,2018-06-15,0.8013465163398692
1875,2018-06-16,0.8013465163398692
1876,2018-06-17,0.4909802675159236
1877,2018-06-18,0.4909802675159236
1878,2018-06-19,0.9086240838709678
1879,2018-06-20,0.9086240838709678
1880,2018-06-21,0.6167434294117647
1881,2018-06-22,0.6167434294117647
1882,2018-06-23,0.53442266875
1883,2018-06-24,0.53442266875
1884,2018-06-25,0.9209478343949044
1885,2018-06-26,0.9209478343949044
1886,2018-06-27,1.0880430743801652
1887,2018-06-28,1.0880430743801652
1888,2018-06-29,0.7465132980132451
1889,2018-06-30,0.7465132980132451
1890,2018-07-01,0.7052914421768708
1891,2018-07-02,0.7052914421768708
1892,2018-07-03,1.1138170086206898
1893,2018-07-04,1.1138170086206898
1894,2018-07-05,0.7837482189781022
1895,2018-07-06,0.7837482189781022
1896,2018-07-07,0.5372100576923077
1897,2018-07-08,0.5372100576923077
1898,2018-07-09,1.0604153529411764
1899,2018-07-10,1.0604153529411764
1900,2018-07-11,1.006592259259259
1901,2018-07-12,1.006592259259259
1902,2018-07-13,1.1135327062937062
1903,2018-07-14,1.1135327062937062
1904,2018-07-15,0.7739460902255639
1905,2018-07-16,0.7739460902255639
1906,2018-07-17,0.909335534591195
1907,2018-07-18,0.909335534591195
1908,2018-07-19,0.7346288011695907
1909,2018-07-20,0.7346288011695907
1910,2018-07-21,0.7157412262773724
1911,2018-07-22,0.7157412262773724
1912,2018-07-23,0.890057921686747
1913,2018-07-24,0.890057921686747
1914,2018-07-25,0.9650744915254236
1915,2018-07-26,0.9650744915254236
1916,2018-07-27,0.8862760538922156
1917,2018-07-28,0.8862760538922156
1918,2018-07-29,0.5393209235294117
1919,2018-07-30,0.5393209235294117
1920,2018-07-31,0.9502140476190476
1921,2018-08-01,0.9502140476190476
1922,2018-08-02,0.8069384509803922
1923,2018-08-03,0.8069384509803922
1924,2018-08-04,0.5740821761363637
1925,2018-08-05,0.5740821761363637
1926,2018-08-06,1.0509867022900763
1927,2018-08-07,1.0509867022900763
1928,2018-08-08,0.8129577898089171
1929,2018-08-09,0.8129577898089171
1930,2018-08-10,0.7923781193181817
1931,2018-08-11,0.7923781193181817
1932,2018-08-12,0.5845467419354841
1933,2018-08-13,0.5845467419354841
1934,2018-08-14,1.0117929191176471
1935,2018-08-15,1.0117929191176471
1936,2018-08-16,0.7619473164556959
1937,2018-08-17,0.7619473164556959
1938,2018-08-18,0.5900602249999998
1939,2018-08-19,0.5900602249999998
1940,2018-08-20,0.8181815733333333
1941,2018-08-21,0.8181815733333333
1942,2018-08-22,0.7748982625
1943,2018-08-23,0.7748982625
1944,2018-08-24,0.8207105342465751
1945,2018-08-25,0.8207105342465751
1946,2018-08-26,0.5697155028901729
1947,2018-08-27,0.5697155028901729
1948,2018-08-28,0.8798807581699342
1949,2018-08-29,0.8798807581699342
1950,2018-08-30,0.8177508181818182
1951,2018-08-31,0.8177508181818182
1952,2018-09-01,0.7692960529801325
1953,2018-09-02,0.7692960529801325
1954,2018-09-03,0.8467524861111112
1955,2018-09-04,0.8467524861111112
1956,2018-09-05,1.0084439318181817
1957,2018-09-06,1.0084439318181817
1958,2018-09-07,0.8899113355263158
1959,2018-09-08,0.8899113355263158
1960,2018-09-09,0.616029116564417
1961,2018-09-10,0.616029116564417
1962,2018-09-11,0.9418213829787232
