,date,mining_revenue
0,2013-04-28,572109.88793
1,2013-04-29,645240.0912
2,2013-04-30,525692.911
3,2013-05-01,442507.28799999994
4,2013-05-02,383775.10965
5,2013-05-03,346890.6
6,2013-05-04,435864.26268000004
7,2013-05-05,458356.35888
8,2013-05-06,498918.70875
9,2013-05-07,474770.45
10,2013-05-08,469929.84124
11,2013-05-09,462130.57571999996
12,2013-05-10,498374.8
13,2013-05-11,512145.2
14,2013-05-12,515468.88
15,2013-05-13,535813.5888
16,2013-05-14,443751.0
17,2013-05-15,428204.10276
18,2013-05-16,423762.26368000003
19,2013-05-17,512027.37
20,2013-05-18,459607.3143
21,2013-05-19,471151.04176000005
22,2013-05-20,429152.38499
23,2013-05-21,461457.5
24,2013-05-22,515701.2
25,2013-05-23,512482.26
26,2013-05-24,537966.5
27,2013-05-25,577864.95
28,2013-05-26,543560.62555
29,2013-05-27,576455.53959
30,2013-05-28,526629.384
31,2013-05-29,552544.72494
32,2013-05-30,559483.4461899999
33,2013-05-31,598246.70256
34,2013-06-01,644576.05605
35,2013-06-02,620381.4719199999
36,2013-06-03,632880.10548
37,2013-06-04,640691.07182
38,2013-06-05,625490.061
39,2013-06-06,542260.08014
40,2013-06-07,448349.21565
41,2013-06-08,457611.0
42,2013-06-09,414659.06495
43,2013-06-10,475927.22433999996
44,2013-06-11,480276.0
45,2013-06-12,545461.0164300001
46,2013-06-13,530067.0
47,2013-06-14,433800.0
48,2013-06-15,452440.80126000004
49,2013-06-16,470400.0
50,2013-06-17,390540.44085
51,2013-06-18,395839.50314
52,2013-06-19,340866.435
53,2013-06-20,415632.64
54,2013-06-21,486180.0
55,2013-06-22,473996.05
56,2013-06-23,478116.4716
57,2013-06-24,368313.32832
58,2013-06-25,388045.8044
59,2013-06-26,497284.11095
60,2013-06-27,429970.61183
61,2013-06-28,410408.76006
62,2013-06-29,388204.6905
63,2013-06-30,397483.5
64,2013-07-01,350888.28799999994
65,2013-07-02,354797.1
66,2013-07-03,364651.2
67,2013-07-04,340825.8
68,2013-07-05,302512.92552
69,2013-07-06,328076.02061999997
70,2013-07-07,332859.864
71,2013-07-08,363432.84
72,2013-07-09,386219.2246
73,2013-07-10,338011.24599
74,2013-07-11,421195.95
75,2013-07-12,406554.6
76,2013-07-13,364781.0
77,2013-07-14,389043.5
78,2013-07-15,422816.43768000003
79,2013-07-16,401039.34
80,2013-07-17,417156.26
81,2013-07-18,391160.84326999995
82,2013-07-19,397743.27155999996
83,2013-07-20,431456.74
84,2013-07-21,435894.89099
85,2013-07-22,414973.54799999995
86,2013-07-23,348767.776
87,2013-07-24,363439.0512
88,2013-07-25,332755.8
89,2013-07-26,431077.32200000004
90,2013-07-27,395575.15455
91,2013-07-28,439956.04443999997
92,2013-07-29,422355.6436
93,2013-07-30,475057.70676000003
94,2013-07-31,526876.861
95,2013-08-01,485108.64
96,2013-08-02,505450.5
97,2013-08-03,467411.44503
98,2013-08-04,450833.45913000003
99,2013-08-05,513592.8
100,2013-08-06,509301.2117
101,2013-08-07,467808.0
102,2013-08-08,519588.1
103,2013-08-09,536563.5
104,2013-08-10,513500.57208
105,2013-08-11,559024.60383
106,2013-08-12,603616.1400199999
107,2013-08-13,518146.09836000006
108,2013-08-14,389416.79
109,2013-08-15,416608.92
110,2013-08-16,428025.95
111,2013-08-17,462826.56
112,2013-08-18,492030.38
113,2013-08-19,457988.09
114,2013-08-20,477976.3
115,2013-08-21,568944.0
116,2013-08-22,581359.37
117,2013-08-23,581466.8
118,2013-08-24,508919.62
119,2013-08-25,407004.5
120,2013-08-26,458603.6
121,2013-08-27,511329.52
122,2013-08-28,526846.5
123,2013-08-29,596683.12
124,2013-08-30,610597.47
125,2013-08-31,717779.25
126,2013-09-01,729321.5
127,2013-09-02,775828.63
128,2013-09-03,607244.75
129,2013-09-04,554360.76
130,2013-09-05,511611.59
131,2013-09-06,585630.52
132,2013-09-07,492855.3
133,2013-09-08,444056.97
134,2013-09-09,590659.3
135,2013-09-10,577218.42
136,2013-09-11,626456.8
137,2013-09-12,671022.8
138,2013-09-13,676858.04
139,2013-09-14,673938.72
140,2013-09-15,576990.54
141,2013-09-16,536089.08
142,2013-09-17,575933.4
143,2013-09-18,518843.94
144,2013-09-19,618762.6
145,2013-09-20,602542.8
146,2013-09-21,580573.5
147,2013-09-22,635632.06
148,2013-09-23,684114.22
149,2013-09-24,619815.04
150,2013-09-25,668088.4
151,2013-09-26,532926.55
152,2013-09-27,562939.2
153,2013-09-28,544203.0
154,2013-09-29,540453.9
155,2013-09-30,519050.8
156,2013-10-01,627414.96
157,2013-10-02,455489.2
158,2013-10-03,612818.0
159,2013-10-04,546926.0
160,2013-10-05,644124.51
161,2013-10-06,616633.6
162,2013-10-07,476725.2
163,2013-10-08,484957.44
164,2013-10-09,579968.0
165,2013-10-10,620012.72
166,2013-10-11,564818.52
167,2013-10-12,632166.21
168,2013-10-13,746783.44
169,2013-10-14,878457.06
170,2013-10-15,869693.04
171,2013-10-16,781625.13
172,2013-10-17,646991.62
173,2013-10-18,658078.3
174,2013-10-19,909425.5
175,2013-10-20,899308.17
176,2013-10-21,896151.27
177,2013-10-22,1201693.48
178,2013-10-23,1061934.45
179,2013-10-24,1032543.72
180,2013-10-25,1044809.26
181,2013-10-26,903581.88
182,2013-10-27,844909.14
183,2013-10-28,886657.5
184,2013-10-29,798457.59
185,2013-10-30,1004339.82
186,2013-10-31,1059460.55
187,2013-11-01,972503.4
188,2013-11-02,1112209.2
189,2013-11-03,1018529.4
190,2013-11-04,1140581.7
191,2013-11-05,1059769.11
192,2013-11-06,1076302.64
193,2013-11-07,1159633.44
194,2013-11-08,1117647.48
195,2013-11-09,1308087.36
196,2013-11-10,1262461.32
197,2013-11-11,1675519.06
198,2013-11-12,1679492.75
199,2013-11-13,1850107.36
200,2013-11-14,1769292.0
201,2013-11-15,1752786.32
202,2013-11-16,2130799.95
203,2013-11-17,2240920.0
204,2013-11-18,2405535.0
205,2013-11-19,2187880.93
206,2013-11-20,2439500.0
207,2013-11-21,2589383.7
208,2013-11-22,3175653.0
209,2013-11-23,3411457.29
210,2013-11-24,3596751.72
211,2013-11-25,3678466.0
212,2013-11-26,3484367.6
213,2013-11-27,4015058.0
214,2013-11-28,4623238.0
215,2013-11-29,5040135.0
216,2013-11-30,4504479.12
217,2013-12-01,4745240.0
218,2013-12-02,4062353.38
219,2013-12-03,5057260.0
220,2013-12-04,5117346.0
221,2013-12-05,4417748.64
222,2013-12-06,4731942.0
223,2013-12-07,3505537.8
224,2013-12-08,3258515.93
225,2013-12-09,4256577.0
226,2013-12-10,4726127.12
227,2013-12-11,3515555.4
228,2013-12-12,3521703.0
229,2013-12-13,3639336.0
230,2013-12-14,4334741.1
231,2013-12-15,3783686.37
232,2013-12-16,3430851.0
233,2013-12-17,3468829.05
234,2013-12-18,3035210.88
235,2013-12-19,3535995.0
236,2013-12-20,3343560.0
237,2013-12-21,2504512.5
238,2013-12-22,2650557.0
239,2013-12-23,2550641.4
240,2013-12-24,2693937.74
241,2013-12-25,2837597.84
242,2013-12-26,3294608.12
243,2013-12-27,3139657.88
244,2013-12-28,2884318.71
245,2013-12-29,2688325.19
246,2013-12-30,3594982.4
247,2013-12-31,3096516.0
248,2014-01-01,3741222.1
249,2014-01-02,2775832.62
250,2014-01-03,3296592.69
251,2014-01-04,3052674.56
252,2014-01-05,4043648.0
253,2014-01-06,4160971.34
254,2014-01-07,4068012.2
255,2014-01-08,4076107.31
256,2014-01-09,3671204.29
257,2014-01-10,4188602.52
258,2014-01-11,4626025.95
259,2014-01-12,4051611.0
260,2014-01-13,4109431.21
261,2014-01-14,3169736.5
262,2014-01-15,3640023.8
263,2014-01-16,4165301.7
264,2014-01-17,3044327.0
265,2014-01-18,3275853.11
266,2014-01-19,3841796.0
267,2014-01-20,3815931.36
268,2014-01-21,3550168.96
269,2014-01-22,3872557.15
270,2014-01-23,3630947.32
271,2014-01-24,3879215.6
272,2014-01-25,3132922.0
273,2014-01-26,3316174.47
274,2014-01-27,3136749.0
275,2014-01-28,3331232.6
276,2014-01-29,3184666.8
277,2014-01-30,3207871.81
278,2014-01-31,3702735.0
279,2014-02-01,4028542.63
280,2014-02-02,3654462.63
281,2014-02-03,3956695.6
282,2014-02-04,3428753.9
283,2014-02-05,3430400.0
284,2014-02-06,3259042.0
285,2014-02-07,3075109.2
286,2014-02-08,3101609.0
287,2014-02-09,2688060.0
288,2014-02-10,2552270.0
289,2014-02-11,2804620.0
290,2014-02-12,2794771.9
291,2014-02-13,2861830.86
292,2014-02-14,3220703.2
293,2014-02-15,2939858.46
294,2014-02-16,3015246.0
295,2014-02-17,2672004.0
296,2014-02-18,2631807.23
297,2014-02-19,2987376.84
298,2014-02-20,2499200.3
299,2014-02-21,2385798.24
300,2014-02-22,2483565.76
301,2014-02-23,2858697.97
302,2014-02-24,2486835.0
303,2014-02-25,2253504.0
304,2014-02-26,2657039.82
305,2014-02-27,2670130.71
306,2014-02-28,2725128.55
307,2014-03-01,2122551.0
308,2014-03-02,2091711.68
309,2014-03-03,2375406.0
310,2014-03-04,2366891.73
311,2014-03-05,2685329.15
312,2014-03-06,2670129.28
313,2014-03-07,2602004.4
314,2014-03-08,2671683.0
315,2014-03-09,2623414.88
316,2014-03-10,2574416.61
317,2014-03-11,2625523.5
318,2014-03-12,2707735.7
319,2014-03-13,2724023.79
320,2014-03-14,2220643.83
321,2014-03-15,2790767.94
322,2014-03-16,2514362.4
323,2014-03-17,2788660.8
324,2014-03-18,2279145.0
325,2014-03-19,2364889.67
326,2014-03-20,2470920.0
327,2014-03-21,2633154.6
328,2014-03-22,2458598.0
329,2014-03-23,2914481.07
330,2014-03-24,2852564.0
331,2014-03-25,2197695.78
332,2014-03-26,2322300.5
333,2014-03-27,2178597.6
334,2014-03-28,2307261.0
335,2014-03-29,2141742.96
336,2014-03-30,1677089.7
337,2014-03-31,1924427.0
338,2014-04-01,2151561.37
339,2014-04-02,2063910.0
340,2014-04-03,2326614.03
341,2014-04-04,2246998.38
342,2014-04-05,2027406.08
343,2014-04-06,1635965.53
344,2014-04-07,1640071.62
345,2014-04-08,1777684.05
346,2014-04-09,1611997.8
347,2014-04-10,1762796.0
348,2014-04-11,1600254.61
349,2014-04-12,1703744.82
350,2014-04-13,2018520.0
351,2014-04-14,2068130.96
352,2014-04-15,2396149.81
353,2014-04-16,1913010.0
354,2014-04-17,2160675.0
355,2014-04-18,1877681.76
356,2014-04-19,2043591.2
357,2014-04-20,2130809.4
358,2014-04-21,2202474.0
359,2014-04-22,1906720.45
360,2014-04-23,2138759.7
361,2014-04-24,1813512.4
362,2014-04-25,1888943.1
363,2014-04-26,2068904.8
364,2014-04-27,1842258.6
365,2014-04-28,1860414.0
366,2014-04-29,1773787.4
367,2014-04-30,1644238.0
368,2014-05-01,1937562.12
369,2014-05-02,1906840.11
370,2014-05-03,1568979.5
371,2014-05-04,1661523.89
372,2014-05-05,1342102.71
373,2014-05-06,2007489.45
374,2014-05-07,1825905.2
375,2014-05-08,1727589.5
376,2014-05-09,1882663.3
377,2014-05-10,2006482.7
378,2014-05-11,1809165.0
379,2014-05-12,1738185.5
380,2014-05-13,1871243.85
381,2014-05-14,1683457.38
382,2014-05-15,1868696.38
383,2014-05-16,2050664.62
384,2014-05-17,2058582.72
385,2014-05-18,1725066.12
386,2014-05-19,1979872.7
387,2014-05-20,2176239.87
388,2014-05-21,2208604.81
389,2014-05-22,2193318.08
390,2014-05-23,2089836.14
391,2014-05-24,2196642.24
392,2014-05-25,2175800.0
393,2014-05-26,2473824.0
394,2014-05-27,1883513.19
395,2014-05-28,2548876.54
396,2014-05-29,1867016.0
397,2014-05-30,2489105.61
398,2014-05-31,2363294.05
399,2014-06-01,3027285.3
400,2014-06-02,2832232.65
401,2014-06-03,3176090.7
402,2014-06-04,2957055.42
403,2014-06-05,2395764.64
404,2014-06-06,2433488.25
405,2014-06-07,2508586.2
406,2014-06-08,2450216.0
407,2014-06-09,2219671.3
408,2014-06-10,2883561.93
409,2014-06-11,2342363.4
410,2014-06-12,2398279.0
411,2014-06-13,2451384.0
412,2014-06-14,2459869.28
413,2014-06-15,2611322.91
414,2014-06-16,3026170.0
415,2014-06-17,2666116.65
416,2014-06-18,2576805.2
417,2014-06-19,2288559.84
418,2014-06-20,2750677.88
419,2014-06-21,2797746.66
420,2014-06-22,2881450.72
421,2014-06-23,2341748.5
422,2014-06-24,2904863.94
423,2014-06-25,2642787.0
424,2014-06-26,2438734.0
425,2014-06-27,2759324.45
426,2014-06-28,2796722.72
427,2014-06-29,2597368.0
428,2014-06-30,1943700.0
429,2014-07-01,2265705.9
430,2014-07-02,2281152.0
431,2014-07-03,2148517.44
432,2014-07-04,2548314.9
433,2014-07-05,2409626.24
434,2014-07-06,2369185.66
435,2014-07-07,2167600.3
436,2014-07-08,2533469.4
437,2014-07-09,2490612.24
438,2014-07-10,2392970.58
439,2014-07-11,2370595.91
440,2014-07-12,2612605.32
441,2014-07-13,2434643.1
442,2014-07-14,2264500.8
443,2014-07-15,2156791.37
444,2014-07-16,2562788.76
445,2014-07-17,2683662.0
446,2014-07-18,2510621.96
447,2014-07-19,2719265.2
448,2014-07-20,2656636.43
449,2014-07-21,2312487.9
450,2014-07-22,2227013.58
451,2014-07-23,2277178.61
452,2014-07-24,2245407.3
453,2014-07-25,2371191.65
454,2014-07-26,2090942.92
455,2014-07-27,2389592.83
456,2014-07-28,2000946.64
457,2014-07-29,2171902.5
458,2014-07-30,2514709.8
459,2014-07-31,2262546.0
460,2014-08-01,2308439.9
461,2014-08-02,2504792.06
462,2014-08-03,2245920.32
463,2014-08-04,2010486.9
464,2014-08-05,1921655.52
465,2014-08-06,2231599.2
466,2014-08-07,2311376.64
467,2014-08-08,2378414.8
468,2014-08-09,2551035.74
469,2014-08-10,2641031.16
470,2014-08-11,2640682.17
471,2014-08-12,2584002.98
472,2014-08-13,2165901.18
473,2014-08-14,2223314.92
474,2014-08-15,2034983.6
475,2014-08-16,2183101.0
476,2014-08-17,2047204.56
477,2014-08-18,2053013.15
478,2014-08-19,2516475.0
479,2014-08-20,2009922.6
480,2014-08-21,2214059.58
481,2014-08-22,2091138.75
482,2014-08-23,1982263.92
483,2014-08-24,2098161.0
484,2014-08-25,1694749.56
485,2014-08-26,2134744.77
486,2014-08-27,2077894.24
487,2014-08-28,2310083.65
488,2014-08-29,2129878.4
489,2014-08-30,2171218.92
490,2014-08-31,2334454.32
491,2014-09-01,1814538.4
492,2014-09-02,1734368.9
493,2014-09-03,1884421.36
494,2014-09-04,2034396.0
495,2014-09-05,1814873.85
496,2014-09-06,2025388.9
497,2014-09-07,1979673.78
498,2014-09-08,1828275.96
499,2014-09-09,1545448.24
500,2014-09-10,1898407.42
501,2014-09-11,1904140.0
502,2014-09-12,1898185.05
503,2014-09-13,2127699.24
504,2014-09-14,2025587.4
505,2014-09-15,1763838.3
506,2014-09-16,1983852.0
507,2014-09-17,2122176.0
508,2014-09-18,1985517.03
509,2014-09-19,1619892.29
510,2014-09-20,1801037.04
511,2014-09-21,1781219.2
512,2014-09-22,1577856.3
513,2014-09-23,1601478.0
514,2014-09-24,1765648.08
515,2014-09-25,1668231.04
516,2014-09-26,1548445.08
517,2014-09-27,1286776.14
518,2014-09-28,1324680.0
519,2014-09-29,1321894.34
520,2014-09-30,1458738.04
521,2014-10-01,1401226.99
522,2014-10-02,1394779.35
523,2014-10-03,1286220.0
524,2014-10-04,1205568.0
525,2014-10-05,1310061.87
526,2014-10-06,1328774.4
527,2014-10-07,1252691.6
528,2014-10-08,1138502.88
529,2014-10-09,1350163.22
530,2014-10-10,1431572.36
531,2014-10-11,1290564.15
532,2014-10-12,1353884.13
533,2014-10-13,1463662.02
534,2014-10-14,1446969.57
535,2014-10-15,1452678.0
536,2014-10-16,1422111.24
537,2014-10-17,1286691.63
538,2014-10-18,1650684.48
539,2014-10-19,1307006.4
540,2014-10-20,1332696.9
541,2014-10-21,1359144.0
542,2014-10-22,1650923.7
543,2014-10-23,1305632.13
544,2014-10-24,1465384.48
545,2014-10-25,1329619.79
546,2014-10-26,1158701.8
547,2014-10-27,1332240.5
548,2014-10-28,1335639.22
549,2014-10-29,1241173.89
550,2014-10-30,1462243.0
551,2014-10-31,1606897.35
552,2014-11-01,1313816.07
553,2014-11-02,1342197.92
554,2014-11-03,1266423.47
555,2014-11-04,1353011.52
556,2014-11-05,1372405.87
557,2014-11-06,1265878.48
558,2014-11-07,1236927.64
559,2014-11-08,1352580.24
560,2014-11-09,1243626.6
561,2014-11-10,1489196.94
562,2014-11-11,1291511.52
563,2014-11-12,1457077.16
564,2014-11-13,1490042.4
565,2014-11-14,1452599.28
566,2014-11-15,1403379.54
567,2014-11-16,1394951.4
568,2014-11-17,1443522.72
569,2014-11-18,1429601.33
570,2014-11-19,1288459.26
571,2014-11-20,1243162.9
572,2014-11-21,1111029.7
573,2014-11-22,1425167.8
574,2014-11-23,1283532.64
575,2014-11-24,1492608.0
576,2014-11-25,1223868.36
577,2014-11-26,1332726.72
578,2014-11-27,1224429.32
579,2014-11-28,1461602.32
580,2014-11-29,1428154.92
581,2014-11-30,1470379.56
582,2014-12-01,1369993.08
583,2014-12-02,1361198.52
584,2014-12-03,1149123.5
585,2014-12-04,1380382.38
586,2014-12-05,1407286.74
587,2014-12-06,1360045.8
588,2014-12-07,1149733.8
589,2014-12-08,1380691.62
590,2014-12-09,1222161.81
591,2014-12-10,1443188.64
592,2014-12-11,1295135.7
593,2014-12-12,1264439.88
594,2014-12-13,1255861.35
595,2014-12-14,1169356.8
596,2014-12-15,1351903.85
597,2014-12-16,1124341.47
598,2014-12-17,1014421.6
599,2014-12-18,1108773.0
600,2014-12-19,989099.82
601,2014-12-20,1152000.9
602,2014-12-21,1188717.48
603,2014-12-22,1076732.14
604,2014-12-23,1369405.44
605,2014-12-24,1240583.33
606,2014-12-25,1351958.54
607,2014-12-26,1186373.44
608,2014-12-27,1263774.55
609,2014-12-28,1329372.5
610,2014-12-29,1333123.11
611,2014-12-30,1146848.67
612,2014-12-31,1233733.8
613,2015-01-01,1312680.6
614,2015-01-02,1267761.5
615,2015-01-03,1242878.63
616,2015-01-04,1129778.1
617,2015-01-05,1166988.8
618,2015-01-06,1089761.6
619,2015-01-07,1027758.4
620,2015-01-08,938075.2
621,2015-01-09,1056268.8
622,2015-01-10,984120.0
623,2015-01-11,1004330.25
624,2015-01-12,1115640.0
625,2015-01-13,609318.71
626,2015-01-14,668935.0
627,2015-01-15,761422.01
628,2015-01-16,768009.0
629,2015-01-17,677501.44
630,2015-01-18,789179.66
631,2015-01-19,826197.1
632,2015-01-20,641951.86
633,2015-01-21,739857.6
634,2015-01-22,880165.7
635,2015-01-23,725422.39
636,2015-01-24,742971.68
637,2015-01-25,781361.82
638,2015-01-26,866260.77
639,2015-01-27,967817.14
640,2015-01-28,987528.5
641,2015-01-29,993622.59
642,2015-01-30,802163.46
643,2015-01-31,892843.9
644,2015-02-01,940487.92
645,2015-02-02,822201.0
646,2015-02-03,801295.88
647,2015-02-04,898474.72
648,2015-02-05,801443.19
649,2015-02-06,966981.42
650,2015-02-07,970889.92
651,2015-02-08,717658.5
652,2015-02-09,856876.32
653,2015-02-10,828682.24
654,2015-02-11,835570.36
655,2015-02-12,757105.79
656,2015-02-13,843389.1
657,2015-02-14,991297.71
658,2015-02-15,820538.37
659,2015-02-16,935184.9
660,2015-02-17,949160.0
661,2015-02-18,948874.8
662,2015-02-19,993659.67
663,2015-02-20,1013940.28
664,2015-02-21,850966.24
665,2015-02-22,893732.0
666,2015-02-23,815115.42
667,2015-02-24,831706.4
668,2015-02-25,934079.85
669,2015-02-26,858325.0
670,2015-02-27,1006856.0
671,2015-02-28,857096.24
672,2015-03-01,931320.72
673,2015-03-02,993508.46
674,2015-03-03,1065967.0
675,2015-03-04,1109701.0
676,2015-03-05,760764.32
677,2015-03-06,1079500.04
678,2015-03-07,975886.54
679,2015-03-08,1071653.31
680,2015-03-09,952708.72
681,2015-03-10,1114781.46
682,2015-03-11,1221552.85
683,2015-03-12,992985.21
684,2015-03-13,1009810.88
685,2015-03-14,955514.02
686,2015-03-15,1045239.02
687,2015-03-16,956704.32
688,2015-03-17,1030114.78
689,2015-03-18,941109.0
690,2015-03-19,935886.42
691,2015-03-20,919951.8
692,2015-03-21,925351.87
693,2015-03-22,869288.5
694,2015-03-23,1015589.19
695,2015-03-24,1038159.87
696,2015-03-25,1023257.2
697,2015-03-26,942153.22
698,2015-03-27,1072838.45
699,2015-03-28,946218.24
700,2015-03-29,924217.35
701,2015-03-30,873821.52
702,2015-03-31,908277.88
703,2015-04-01,865953.6
704,2015-04-02,931756.04
705,2015-04-03,963883.71
706,2015-04-04,980821.05
707,2015-04-05,973886.67
708,2015-04-06,825228.0
709,2015-04-07,1019620.68
710,2015-04-08,735211.1
711,2015-04-09,879723.18
712,2015-04-10,843606.09
713,2015-04-11,814721.4
714,2015-04-12,808298.64
715,2015-04-13,800004.6
716,2015-04-14,856656.0
717,2015-04-15,676586.4
718,2015-04-16,795633.3
719,2015-04-17,749061.88
720,2015-04-18,742104.16
721,2015-04-19,770156.64
722,2015-04-20,935583.95
723,2015-04-21,897496.08
724,2015-04-22,852287.94
725,2015-04-23,815702.72
726,2015-04-24,696484.88
727,2015-04-25,902741.4
728,2015-04-26,816453.96
729,2015-04-27,771274.35
730,2015-04-28,877280.4
731,2015-04-29,731686.98
732,2015-04-30,785569.33
733,2015-05-01,861356.7
734,2015-05-02,863705.57
735,2015-05-03,832645.62
736,2015-05-04,782431.21
737,2015-05-05,907195.56
738,2015-05-06,846721.89
739,2015-05-07,945553.59
740,2015-05-08,909134.8
741,2015-05-09,762777.12
742,2015-05-10,775494.0
743,2015-05-11,913514.79
744,2015-05-12,957828.66
745,2015-05-13,986656.8
746,2015-05-14,837456.48
747,2015-05-15,983664.0
748,2015-05-16,760292.19
749,2015-05-17,1022577.86
750,2015-05-18,813151.55
751,2015-05-19,792416.6
752,2015-05-20,836349.0
753,2015-05-21,906004.0
754,2015-05-22,857382.5
755,2015-05-23,719414.01
756,2015-05-24,850507.02
757,2015-05-25,851874.75
758,2015-05-26,800308.48
759,2015-05-27,855635.0
760,2015-05-28,784167.68
761,2015-05-29,929799.54
762,2015-05-30,720632.16
763,2015-05-31,855431.6
764,2015-06-01,771728.0
765,2015-06-02,824901.27
766,2015-06-03,807176.43
767,2015-06-04,804501.18
768,2015-06-05,799318.9
769,2015-06-06,906939.6
770,2015-06-07,932248.8
771,2015-06-08,807120.0
772,2015-06-09,935586.6
773,2015-06-10,905199.7
774,2015-06-11,891497.0
775,2015-06-12,786071.64
776,2015-06-13,913282.74
777,2015-06-14,844662.0
778,2015-06-15,890981.28
779,2015-06-16,759112.9
780,2015-06-17,893357.04
781,2015-06-18,960479.25
782,2015-06-19,999108.3
783,2015-06-20,823037.76
784,2015-06-21,742685.61
785,2015-06-22,917161.05
786,2015-06-23,877380.24
787,2015-06-24,912266.24
788,2015-06-25,971550.72
789,2015-06-26,896744.42
790,2015-06-27,799424.5
791,2015-06-28,917924.4
792,2015-06-29,873579.6
793,2015-06-30,945633.06
794,2015-07-01,940636.8
795,2015-07-02,898066.26
796,2015-07-03,1039532.5
797,2015-07-04,1004340.48
798,2015-07-05,986961.56
799,2015-07-06,1169750.23
800,2015-07-07,1000621.44
801,2015-07-08,1051752.0
802,2015-07-09,945214.56
803,2015-07-10,1130127.24
804,2015-07-11,1074503.5
805,2015-07-12,1081003.5
806,2015-07-13,1060744.1
807,2015-07-14,1025923.61
808,2015-07-15,1128304.1
809,2015-07-16,945029.52
810,2015-07-17,1007435.76
811,2015-07-18,1124555.52
812,2015-07-19,991991.37
813,2015-07-20,1011196.84
814,2015-07-21,984206.16
815,2015-07-22,1028008.16
816,2015-07-23,1037676.64
817,2015-07-24,1213267.9
818,2015-07-25,1104263.52
819,2015-07-26,1014092.77
820,2015-07-27,1135825.74
821,2015-07-28,1056073.48
822,2015-07-29,1093613.4
823,2015-07-30,994670.04
824,2015-07-31,999862.58
825,2015-08-01,1160777.2
826,2015-08-02,1108164.12
827,2015-08-03,1051958.61
828,2015-08-04,1035690.0
829,2015-08-05,900084.96
830,2015-08-06,979548.5
831,2015-08-07,999936.81
832,2015-08-08,1065525.72
833,2015-08-09,900570.06
834,2015-08-10,1162172.07
835,2015-08-11,1130128.35
836,2015-08-12,830459.0
837,2015-08-13,997387.5
838,2015-08-14,900557.27
839,2015-08-15,894962.52
840,2015-08-16,950836.71
841,2015-08-17,950836.71
842,2015-08-18,932483.9
843,2015-08-19,926771.5
844,2015-08-20,892100.96
845,2015-08-21,909597.0
846,2015-08-22,904694.07
847,2015-08-23,869575.88
848,2015-08-24,787802.6
849,2015-08-25,842084.76
850,2015-08-26,771519.5
851,2015-08-27,892476.0
852,2015-08-28,855555.96
853,2015-08-29,877903.33
854,2015-08-30,946656.56
855,2015-08-31,819141.99
856,2015-09-01,923760.0
857,2015-09-02,874008.96
858,2015-09-03,898267.92
859,2015-09-04,866697.62
860,2015-09-05,881886.8
861,2015-09-06,893388.69
862,2015-09-07,959839.2
863,2015-09-08,826486.75
864,2015-09-09,851509.24
865,2015-09-10,852524.08
866,2015-09-11,1019359.04
867,2015-09-12,1044415.29
868,2015-09-13,808141.81
869,2015-09-14,810256.5
870,2015-09-15,924674.4
871,2015-09-16,943920.0
872,2015-09-17,854930.72
873,2015-09-18,830934.0
874,2015-09-19,844821.74
875,2015-09-20,766418.62
876,2015-09-21,695204.0
877,2015-09-22,753538.56
878,2015-09-23,923685.18
879,2015-09-24,868521.15
880,2015-09-25,853501.1
881,2015-09-26,961315.83
882,2015-09-27,842917.0
883,2015-09-28,836290.0
884,2015-09-29,1033908.0
885,2015-09-30,928562.73
886,2015-10-01,927003.42
887,2015-10-02,748769.22
888,2015-10-03,914586.08
889,2015-10-04,908309.71
890,2015-10-05,890376.84
891,2015-10-06,924519.16
892,2015-10-07,834095.25
893,2015-10-08,841733.41
894,2015-10-09,819523.44
895,2015-10-10,921712.5
896,2015-10-11,935013.52
897,2015-10-12,868877.49
898,2015-10-13,842332.5
899,2015-10-14,974099.6
900,2015-10-15,1045411.92
901,2015-10-16,1023533.62
902,2015-10-17,888738.21
903,2015-10-18,944259.12
904,2015-10-19,944259.12
905,2015-10-20,1103132.16
906,2015-10-21,864439.2
907,2015-10-22,983560.5
908,2015-10-23,1083198.3
909,2015-10-24,1075873.54
910,2015-10-25,980489.7
911,2015-10-26,1150243.99
912,2015-10-27,1089933.75
913,2015-10-28,1173025.4
914,2015-10-29,1024800.6
915,2015-10-30,1158573.88
916,2015-10-31,1360583.6
917,2015-11-01,1190201.76
918,2015-11-02,1246623.0
919,2015-11-03,1245221.95
920,2015-11-04,1628638.0
921,2015-11-05,1713673.05
922,2015-11-06,1504000.0
923,2015-11-07,1342629.66
924,2015-11-08,1589032.76
925,2015-11-09,1344441.24
926,2015-11-10,1402696.4
927,2015-11-11,1273595.16
928,2015-11-12,1380604.5
929,2015-11-13,1218630.0
930,2015-11-14,1395572.2
931,2015-11-15,1269517.5
932,2015-11-16,1175537.51
933,2015-11-17,1457241.0
934,2015-11-18,1360933.45
935,2015-11-19,1179974.88
936,2015-11-20,1159725.0
937,2015-11-21,1282480.0
938,2015-11-22,1456881.0
939,2015-11-23,1409226.76
940,2015-11-24,1306072.25
941,2015-11-25,1227886.4
942,2015-11-26,1259375.0
943,2015-11-27,1419492.0
944,2015-11-28,1348275.0
945,2015-11-29,1301570.64
946,2015-11-30,1436265.08
947,2015-12-01,1408908.46
948,2015-12-02,1736234.24
949,2015-12-03,1337791.88
950,2015-12-04,1316201.19
951,2015-12-05,1598511.04
952,2015-12-06,1688873.2
953,2015-12-07,1688873.2
954,2015-12-08,1505973.06
955,2015-12-09,1582724.93
956,2015-12-10,1847312.62
957,2015-12-11,2051183.4
958,2015-12-12,1961096.06
959,2015-12-13,1796268.96
960,2015-12-14,1648972.82
961,2015-12-15,1978018.4
962,2015-12-16,2234910.72
963,2015-12-17,1926328.77
964,2015-12-18,1819000.68
965,2015-12-19,1852781.15
966,2015-12-20,1803135.6
967,2015-12-21,1851709.86
968,2015-12-22,1706543.0
969,2015-12-23,1553396.74
970,2015-12-24,1837989.6
971,2015-12-25,1709121.75
972,2015-12-26,1537832.4
973,2015-12-27,1955357.22
974,2015-12-28,2050872.46
975,2015-12-29,1719238.9
976,2015-12-30,1652090.16
977,2015-12-31,1864368.0
978,2016-01-01,1557216.18
979,2016-01-02,1467328.02
980,2016-01-03,1498828.76
981,2016-01-04,1604631.24
982,2016-01-05,1906932.0
983,2016-01-06,1774245.2
984,2016-01-07,1477472.5
985,2016-01-08,1648782.14
986,2016-01-09,1971446.4
987,2016-01-10,1802400.6
988,2016-01-11,1909014.72
989,2016-01-12,1914972.13
990,2016-01-13,1980490.44
991,2016-01-14,1657710.63
992,2016-01-15,1439090.8
993,2016-01-16,1217938.2
994,2016-01-17,1300104.0
995,2016-01-18,1352544.05
996,2016-01-19,1700240.64
997,2016-01-20,1425654.9
998,2016-01-21,1509187.68
999,2016-01-22,1384752.0
1000,2016-01-23,1610297.5
1001,2016-01-24,1754466.0
1002,2016-01-25,1694688.25
1003,2016-01-26,1691196.21
1004,2016-01-27,1634415.64
1005,2016-01-28,1537171.65
1006,2016-01-29,1434150.0
1007,2016-01-30,1620331.7
1008,2016-01-31,1689976.32
1009,2016-02-01,1698131.16
1010,2016-02-02,1655772.0
1011,2016-02-03,1552556.36
1012,2016-02-04,1620135.24
1013,2016-02-05,1796689.96
1014,2016-02-06,1755051.09
1015,2016-02-07,1796933.68
1016,2016-02-08,1714719.12
1017,2016-02-09,1527627.0
1018,2016-02-10,1589926.87
1019,2016-02-11,1617865.62
1020,2016-02-12,1824977.0
1021,2016-02-13,1531180.44
1022,2016-02-14,1500384.6
1023,2016-02-15,1824390.92
1024,2016-02-16,1505873.6
1025,2016-02-17,1531594.54
1026,2016-02-18,1481533.76
1027,2016-02-19,1902961.74
1028,2016-02-20,1471848.42
1029,2016-02-21,1754843.64
1030,2016-02-22,1386597.3
1031,2016-02-23,1443980.5
1032,2016-02-24,1427391.0
1033,2016-02-25,1319648.9
1034,2016-02-26,1547380.8
1035,2016-02-27,1609521.62
1036,2016-02-28,1431216.0
1037,2016-02-29,1632881.49
1038,2016-03-01,1495225.04
1039,2016-03-02,1405736.85
1040,2016-03-03,1720819.98
1041,2016-03-04,1431631.68
1042,2016-03-05,1604280.96
1043,2016-03-06,1619238.0
1044,2016-03-07,1437551.76
1045,2016-03-08,1614392.86
1046,2016-03-09,1399239.27
1047,2016-03-10,1725518.7
1048,2016-03-11,1692288.0
1049,2016-03-12,1733741.52
1050,2016-03-13,1362701.76
1051,2016-03-14,1580232.02
1052,2016-03-15,1593584.76
1053,2016-03-16,1593584.76
1054,2016-03-17,1787925.02
1055,2016-03-18,1432167.44
1056,2016-03-19,1427774.04
1057,2016-03-20,1384278.67
1058,2016-03-21,1563801.39
1059,2016-03-22,1308642.12
1060,2016-03-23,1565038.8
1061,2016-03-24,1593071.4
1062,2016-03-25,1588000.11
1063,2016-03-26,1523337.52
1064,2016-03-27,1541868.39
1065,2016-03-28,1646594.4
1066,2016-03-29,1519272.32
1067,2016-03-30,1780614.0
1068,2016-03-31,1660945.8
1069,2016-04-01,1321282.86
1070,2016-04-02,1444803.75
1071,2016-04-03,1591174.42
1072,2016-04-04,1554802.33
1073,2016-04-05,1735875.57
1074,2016-04-06,1591759.98
1075,2016-04-07,1650251.71
1076,2016-04-08,1558583.64
1077,2016-04-09,1506409.6
1078,2016-04-10,1707680.24
1079,2016-04-11,1848004.29
1080,2016-04-12,1607456.49
1081,2016-04-13,1639676.5
1082,2016-04-14,1685701.7
1083,2016-04-15,1767502.96
1084,2016-04-16,1574760.3
1085,2016-04-17,1550671.73
1086,2016-04-18,1642389.18
1087,2016-04-19,1460870.32
1088,2016-04-20,1629131.43
1089,2016-04-21,1843768.2548200001
1090,2016-04-22,1721837.3624
1091,2016-04-23,1618011.2905700002
1092,2016-04-24,1639604.70135
1093,2016-04-25,1531303.6199
1094,2016-04-26,1492839.92841
1095,2016-04-27,1924687.3534400002
1096,2016-04-28,1463200.88494
1097,2016-04-29,1552496.67705
1098,2016-04-30,1824603.31899
1099,2016-05-01,1650450.46585
1100,2016-05-02,1766704.3203099999
1101,2016-05-03,1762341.41699
1102,2016-05-04,1722607.80088
1103,2016-05-05,1900230.17376
1104,2016-05-06,1769132.6279
1105,2016-05-07,1887205.0067099999
1106,2016-05-08,1738667.632
1107,2016-05-09,1881265.3080400003
1108,2016-05-10,2015490.7189200001
1109,2016-05-11,1799145.8357900002
1110,2016-05-12,1525359.47321
1111,2016-05-13,1601340.81171
1112,2016-05-14,1757652.4864599998
1113,2016-05-15,1662212.6502200002
1114,2016-05-16,1609202.06235
1115,2016-05-17,1630979.37464
1116,2016-05-18,1622904.53679
1117,2016-05-19,1770178.4303
1118,2016-05-20,1361086.73281
1119,2016-05-21,1666418.67319
1120,2016-05-22,1589937.02795
1121,2016-05-23,2033724.97348
1122,2016-05-24,2025077.24076
1123,2016-05-25,1663136.18974
1124,2016-05-26,1583655.90402
1125,2016-05-27,1575322.67973
1126,2016-05-28,1667597.5925399999
1127,2016-05-29,1764424.68141
1128,2016-05-30,1906764.23665
1129,2016-05-31,1934163.22268
1130,2016-06-01,1714201.23967
1131,2016-06-02,1972575.7704599998
1132,2016-06-03,1894573.9211400002
1133,2016-06-04,2047467.65164
1134,2016-06-05,1733523.1157900002
1135,2016-06-06,2479401.3901
1136,2016-06-07,2514600.5756599996
1137,2016-06-08,2169535.0617
1138,2016-06-09,2112419.15447
1139,2016-06-10,2410788.5668200003
1140,2016-06-11,2116658.57487
1141,2016-06-12,2364669.10434
1142,2016-06-13,2467036.73097
1143,2016-06-14,2830943.5
1144,2016-06-15,2277298.22
1145,2016-06-16,2681772.09
1146,2016-06-17,2863856.69
1147,2016-06-18,2779037.6
1148,2016-06-19,3016479.89
1149,2016-06-20,3392968.32
1150,2016-06-21,3057429.0
1151,2016-06-22,2506373.5
1152,2016-06-23,1909240.0
1153,2016-06-24,2193393.94
1154,2016-06-25,2149986.77
1155,2016-06-26,2760622.54
1156,2016-06-27,2297205.75
1157,2016-06-28,2386530.51
1158,2016-06-29,2418860.27
1159,2016-06-30,2340735.09
1160,2016-07-01,2538866.97
1161,2016-07-02,2649743.25
1162,2016-07-03,2625265.08
1163,2016-07-04,2541313.4
1164,2016-07-05,2555599.5
1165,2016-07-06,2420500.04
1166,2016-07-07,2367306.17
1167,2016-07-08,2195264.88
1168,2016-07-09,2401373.19
1169,2016-07-10,2036093.74
1170,2016-07-11,1267110.0
1171,2016-07-12,1162507.11
1172,2016-07-13,1213263.1
1173,2016-07-14,1070321.94
1174,2016-07-15,1175290.03
1175,2016-07-16,1127082.34
1176,2016-07-17,1302095.02
1177,2016-07-18,1266649.0
1178,2016-07-19,1260663.03
1179,2016-07-20,1084448.36
1180,2016-07-21,1253687.59
1181,2016-07-22,1108239.16
1182,2016-07-23,1049710.54
1183,2016-07-24,1073869.3
1184,2016-07-25,1044634.82
1185,2016-07-26,1083868.56
1186,2016-07-27,1058492.0
1187,2016-07-28,1056015.09
1188,2016-07-29,1126800.22
1189,2016-07-30,1216861.96
1190,2016-07-31,979638.82
1191,2016-08-01,1205755.02
1192,2016-08-02,1158954.11
1193,2016-08-03,1174458.55
1194,2016-08-04,1187784.0
1195,2016-08-05,1102137.72
1196,2016-08-06,1223918.39
1197,2016-08-07,1232269.96
1198,2016-08-08,1101643.4
1199,2016-08-09,1137218.25
1200,2016-08-10,949947.25
1201,2016-08-11,1123923.75
1202,2016-08-12,1115316.79
1203,2016-08-13,1093307.25
1204,2016-08-14,1197995.5
1205,2016-08-15,1167746.39
1206,2016-08-16,1035485.42
1207,2016-08-17,984960.0
1208,2016-08-18,883763.26
1209,2016-08-19,1105741.56
1210,2016-08-20,1108626.82
1211,2016-08-21,1134217.5
1212,2016-08-22,1182381.62
1213,2016-08-23,1168789.12
1214,2016-08-24,1074378.36
1215,2016-08-25,1110792.9
1216,2016-08-26,940023.47
1217,2016-08-27,953716.5
1218,2016-08-28,1024500.66
1219,2016-08-29,1091820.34
1220,2016-08-30,1070546.37
1221,2016-08-31,1194622.05
1222,2016-09-01,970161.44
1223,2016-09-02,1008150.0
1224,2016-09-03,1109403.0
1225,2016-09-04,959616.0
1226,2016-09-05,1376331.0
1227,2016-09-06,1072259.87
1228,2016-09-07,1044942.9
1229,2016-09-08,1177623.3
1230,2016-09-09,1134450.0
1231,2016-09-10,1120494.37
1232,2016-09-11,1217738.12
1233,2016-09-12,1251012.5
1234,2016-09-13,1245625.42
1235,2016-09-14,1275111.83
1236,2016-09-15,1197718.89
1237,2016-09-16,1179081.75
1238,2016-09-17,1067815.0
1239,2016-09-18,1239350.12
1240,2016-09-19,1112983.75
1241,2016-09-20,1013869.97
1242,2016-09-21,1166565.27
1243,2016-09-22,1241468.76
1244,2016-09-23,1051860.0
1245,2016-09-24,1027531.44
1246,2016-09-25,1258908.62
1247,2016-09-26,1395674.25
1248,2016-09-27,1165493.71
1249,2016-09-28,1276511.72
1250,2016-09-29,1119367.31
1251,2016-09-30,1083864.35
1252,2016-10-01,1084454.0
1253,2016-10-02,1205132.0
1254,2016-10-03,1074561.0
1255,2016-10-04,1164434.0
1256,2016-10-05,1206349.75
1257,2016-10-06,1281294.75
1258,2016-10-07,1237023.86
1259,2016-10-08,1116457.9
1260,2016-10-09,1311355.5
1261,2016-10-10,1232591.35
1262,2016-10-11,969459.85
1263,2016-10-12,1114413.27
1264,2016-10-13,1156671.17
1265,2016-10-14,1020493.4
1266,2016-10-15,1090902.33
1267,2016-10-16,1135929.6
1268,2016-10-17,1047566.76
1269,2016-10-18,1001040.49
1270,2016-10-19,1239301.7
1271,2016-10-20,998480.54
1272,2016-10-21,1065517.32
1273,2016-10-22,1302488.0
1274,2016-10-23,1237419.9
1275,2016-10-24,1186462.78
1276,2016-10-25,1173414.58
1277,2016-10-26,1158039.29
1278,2016-10-27,1204154.59
1279,2016-10-28,1402328.39
1280,2016-10-29,1318835.89
1281,2016-10-30,1338194.47
1282,2016-10-31,1487565.84
1283,2016-11-01,1298202.25
1284,2016-11-02,1321902.0
1285,2016-11-03,1230807.01
1286,2016-11-04,1348852.25
1287,2016-11-05,1036526.64
1288,2016-11-06,1325997.44
1289,2016-11-07,1379564.0
1290,2016-11-08,1294398.35
1291,2016-11-09,1507321.19
1292,2016-11-10,1334964.94
1293,2016-11-11,1501227.0
1294,2016-11-12,1459015.6
1295,2016-11-13,1478735.97
1296,2016-11-14,1259145.88
1297,2016-11-15,1523261.75
1298,2016-11-16,1389794.85
1299,2016-11-17,1590935.5
1300,2016-11-18,1467356.7
1301,2016-11-19,1385428.0
1302,2016-11-20,1337807.52
1303,2016-11-21,1177092.75
1304,2016-11-22,1300552.0
1305,2016-11-23,1264052.4
1306,2016-11-24,1371590.0
1307,2016-11-25,1540282.37
1308,2016-11-26,1450482.78
1309,2016-11-27,1424452.54
1310,2016-11-28,1303985.32
1311,2016-11-29,1511320.32
1312,2016-11-30,1388629.47
1313,2016-12-01,1321104.2
1314,2016-12-02,1391603.68
1315,2016-12-03,1419702.79
1316,2016-12-04,1648884.64
1317,2016-12-05,1422187.52
1318,2016-12-06,1450084.71
1319,2016-12-07,1435055.31
1320,2016-12-08,1686375.17
1321,2016-12-09,1516416.0
1322,2016-12-10,1312529.71
1323,2016-12-11,1287818.0
1324,2016-12-12,1520295.44
1325,2016-12-13,1520295.44
1326,2016-12-14,1739710.08
1327,2016-12-15,1354213.25
1328,2016-12-16,1249509.75
1329,2016-12-17,1317539.32
1330,2016-12-18,1439997.29
1331,2016-12-19,1398471.23
1332,2016-12-20,1511601.0
1333,2016-12-21,1380945.27
1334,2016-12-22,1659583.37
1335,2016-12-23,1717668.81
1336,2016-12-24,1720367.4
1337,2016-12-25,1540552.32
1338,2016-12-26,1867686.25
1339,2016-12-27,1610869.18
1340,2016-12-28,1828791.58
1341,2016-12-29,2011489.19
1342,2016-12-30,1831153.28
1343,2016-12-31,1880751.85
1344,2017-01-01,1785013.42
1345,2017-01-02,1961202.6
1346,2017-01-03,2060337.5
1347,2017-01-04,2141405.0
1348,2017-01-05,2308231.5
1349,2017-01-06,1773876.0
1350,2017-01-07,1805295.6
1351,2017-01-08,1583004.57
1352,2017-01-09,1915883.44
1353,2017-01-10,1548900.0
1354,2017-01-11,1842810.36
1355,2017-01-12,1522759.63
1356,2017-01-13,1750688.22
1357,2017-01-14,1577154.54
1358,2017-01-15,1759417.39
1359,2017-01-16,1716577.7
1360,2017-01-17,1769358.15
1361,2017-01-18,1808883.98
1362,2017-01-19,1672839.35
1363,2017-01-20,1969902.99
1364,2017-01-21,2134044.0
1365,2017-01-22,2095396.75
1366,2017-01-23,2002158.0
1367,2017-01-24,1639777.0
1368,2017-01-25,1723423.425
1369,2017-01-26,1721632.5
1370,2017-01-27,1834109.775
1371,2017-01-28,1976661.18
1372,2017-01-29,1787595.6
1373,2017-01-30,1944065.475
1374,2017-01-31,1736959.14
1375,2017-02-01,1817471.16
1376,2017-02-02,2400828.5
1377,2017-02-03,2047540.5
1378,2017-02-04,1970791.5
1379,2017-02-05,1935046.35
1380,2017-02-06,2069248.1
1381,2017-02-07,1694793.75
1382,2017-02-08,2077363.75
1383,2017-02-09,2002536.9
1384,2017-02-10,2148177.0
1385,2017-02-11,1914816.0
1386,2017-02-12,1792077.0
1387,2017-02-13,1790373.935
1388,2017-02-14,2090708.955
1389,2017-02-15,2198282.4
1390,2017-02-16,1822485.25
1391,2017-02-17,2071526.4
1392,2017-02-18,2094835.8
1393,2017-02-19,2102643.2
1394,2017-02-20,1835140.5
1395,2017-02-21,2121402.4
1396,2017-02-22,2066770.0
1397,2017-02-23,2084941.35
1398,2017-02-24,2381379.0
1399,2017-02-25,2628973.5
1400,2017-02-26,2521531.75
1401,2017-02-27,2725922.6
1402,2017-02-28,2305227.8
1403,2017-03-01,2451281.25
1404,2017-03-02,2416017.4
1405,2017-03-03,2702443.5
1406,2017-03-04,2670737.95
1407,2017-03-05,2317878.0
1408,2017-03-06,2524232.85
1409,2017-03-07,2484820.8
1410,2017-03-08,2609873.4
1411,2017-03-09,2250201.3
1412,2017-03-10,2399093.4
1413,2017-03-11,2329338.9
1414,2017-03-12,2359087.2
1415,2017-03-13,2509817.7
1416,2017-03-14,2417768.25
1417,2017-03-15,2657111.6
1418,2017-03-16,2446625.6
1419,2017-03-17,2470016.0
1420,2017-03-18,2279486.3
1421,2017-03-19,1983179.8
1422,2017-03-20,2267078.8
1423,2017-03-21,1948540.0
1424,2017-03-22,2188622.5
1425,2017-03-23,2248010.7
1426,2017-03-24,2076531.0
1427,2017-03-25,2189770.8
1428,2017-03-26,1696707.27
1429,2017-03-27,2046573.52
1430,2017-03-28,1848434.4
1431,2017-03-29,2192722.65
1432,2017-03-30,1943117.0
1433,2017-03-31,2262000.0
1434,2017-04-01,1987418.5
1435,2017-04-02,1942180.5
1436,2017-04-03,2296746.6
1437,2017-04-04,2669294.6
1438,2017-04-05,1939250.2
1439,2017-04-06,2485786.8
1440,2017-04-07,2391592.35
1441,2017-04-08,2599338.0
1442,2017-04-09,2143895.6
1443,2017-04-10,2532236.55
1444,2017-04-11,2406320.7
1445,2017-04-12,2769337.4
1446,2017-04-13,2357939.5
1447,2017-04-14,2072006.75
1448,2017-04-15,2292003.0
1449,2017-04-16,2416965.0
1450,2017-04-17,2320594.4
1451,2017-04-18,2278752.4
1452,2017-04-19,2500974.8
1453,2017-04-20,2444373.75
1454,2017-04-21,2456659.0
1455,2017-04-22,2983037.75
1456,2017-04-23,2596344.05
1457,2017-04-24,2732614.9
1458,2017-04-25,2119150.85645
1459,2017-04-26,2615123.62125
1460,2017-04-27,2740621.52331
1461,2017-04-28,2725014.34977
1462,2017-04-29,2501502.23129
1463,2017-04-30,3119178.52112
1464,2017-05-01,2720215.54725
1465,2017-05-02,2878277.9821900004
1466,2017-05-03,3149553.46759
1467,2017-05-04,2760373.22543
1468,2017-05-05,3500746.02212
1469,2017-05-06,2779169.81696
1470,2017-05-07,3610789.2028
1471,2017-05-08,3505619.68821
1472,2017-05-09,4062173.2011
1473,2017-05-10,3715393.61083
1474,2017-05-11,3665040.51375
1475,2017-05-12,3468076.5262800003
1476,2017-05-13,3731717.8665
1477,2017-05-14,3885820.5874099997
1478,2017-05-15,4018027.923
1479,2017-05-16,4090703.3496199995
1480,2017-05-17,3356331.71175
1481,2017-05-18,4241263.69916
1482,2017-05-19,3986174.98086
1483,2017-05-20,4746879.57975
1484,2017-05-21,4862316.83169
1485,2017-05-22,4331490.18988
1486,2017-05-23,4499105.2965
1487,2017-05-24,5668946.09242
1488,2017-05-25,5524488.081
1489,2017-05-26,5871333.8597099995
1490,2017-05-27,5119620.43586
1491,2017-05-28,5121736.68364
1492,2017-05-29,5262057.4296
1493,2017-05-30,5260813.81305
1494,2017-05-31,6132063.83141
1495,2017-06-01,5808558.0762
1496,2017-06-02,6245228.67373
1497,2017-06-03,5437774.58696
1498,2017-06-04,7190853.406160001
1499,2017-06-05,5967104.60829
1500,2017-06-06,6586584.01631
1501,2017-06-07,6705146.00153
1502,2017-06-08,7060707.825189999
1503,2017-06-09,6905690.49109
1504,2017-06-10,6408509.03145
1505,2017-06-11,5916952.856430001
1506,2017-06-12,6255384.1416
1507,2017-06-13,5779114.42341
1508,2017-06-14,5967683.91363
1509,2017-06-15,5217092.61125
1510,2017-06-16,5540766.44712
1511,2017-06-17,5304593.52034
1512,2017-06-18,5461151.4595
1513,2017-06-19,5066179.98396
1514,2017-06-20,5761788.39289
1515,2017-06-21,5639440.47775
1516,2017-06-22,5729387.77125
1517,2017-06-23,5791396.09454
1518,2017-06-24,6125531.76571
1519,2017-06-25,5333679.66825
1520,2017-06-26,4323782.37771
1521,2017-06-27,5067818.19886
1522,2017-06-28,4893544.70261
1523,2017-06-29,5859693.92942
1524,2017-06-30,4529057.7655
1525,2017-07-01,5463199.23188
1526,2017-07-02,6165436.66014
1527,2017-07-03,5975338.92486
1528,2017-07-04,5975338.92486
1529,2017-07-05,5536124.68896
1530,2017-07-06,5284210.78731
1531,2017-07-07,5092047.08025
1532,2017-07-08,5027244.050430001
1533,2017-07-09,5589288.04024
1534,2017-07-10,4618491.1051900005
1535,2017-07-11,6117732.90436
1536,2017-07-12,5418689.75698
1537,2017-07-13,5595773.27429
1538,2017-07-14,4943867.78329
1539,2017-07-15,4133223.0875800005
1540,2017-07-16,3915180.1334
1541,2017-07-17,4114452.06615
1542,2017-07-18,4307537.88176
1543,2017-07-19,5135590.60037
1544,2017-07-20,4503486.59445
1545,2017-07-21,6303559.80625
1546,2017-07-22,5613834.8937099995
1547,2017-07-23,5890365.48029
1548,2017-07-24,5998934.92638
1549,2017-07-25,6381472.96526
1550,2017-07-26,4978579.95
1551,2017-07-27,4829127.82765
1552,2017-07-28,5348202.5
1553,2017-07-29,5563273.166669999
1554,2017-07-30,5536229.74975
1555,2017-07-31,5226926.13562
1556,2017-08-01,5550844.9225
1557,2017-08-02,5102352.598
1558,2017-08-03,5295684.411230001
1559,2017-08-04,5009853.06598
1560,2017-08-05,6553817.39554
1561,2017-08-06,7255240.30508
1562,2017-08-07,5802571.55947
1563,2017-08-08,6700311.56775
1564,2017-08-09,7395323.699
1565,2017-08-10,6117048.54897
1566,2017-08-11,6163927.56
1567,2017-08-12,7130610.58667
1568,2017-08-13,7067966.946260001
1569,2017-08-14,8147957.3395
1570,2017-08-15,7782196.464
1571,2017-08-16,9146734.44467
1572,2017-08-17,8320553.0706899995
1573,2017-08-18,10849951.0088
1574,2017-08-19,8775119.92163
1575,2017-08-20,8768358.087960001
1576,2017-08-21,7392849.38327
1577,2017-08-22,6787387.377
1578,2017-08-23,5749751.915019999
1579,2017-08-24,10230714.975
1580,2017-08-25,6929315.638160001
1581,2017-08-26,7153227.770769999
1582,2017-08-27,7319121.60202
1583,2017-08-28,9642615.80417
1584,2017-08-29,8451775.68283
1585,2017-08-30,10384095.2116
1586,2017-08-31,11046350.7914
1587,2017-09-01,11260486.7325
1588,2017-09-02,12131997.8412
1589,2017-09-03,10374577.6422
1590,2017-09-04,9700709.88522
1591,2017-09-05,10527922.2704
1592,2017-09-06,11928773.7721
1593,2017-09-07,10290919.4109
1594,2017-09-08,11050159.279000001
1595,2017-09-09,10028960.3015
1596,2017-09-10,9554034.21192
1597,2017-09-11,7845878.46
1598,2017-09-12,9592187.25763
1599,2017-09-13,10193192.4659
1600,2017-09-14,9617966.63547
1601,2017-09-15,7489085.28
1602,2017-09-16,8227898.31767
1603,2017-09-17,8161423.06774
1604,2017-09-18,8368699.789969999
1605,2017-09-19,6960684.991669999
1606,2017-09-20,8091884.16
1607,2017-09-21,6147321.55583
1608,2017-09-22,8287404.38525
1609,2017-09-23,6520223.32087
1610,2017-09-24,7983281.9066
1611,2017-09-25,6815446.316330001
1612,2017-09-26,6522957.2475
1613,2017-09-27,7065925.44168
1614,2017-09-28,8033183.85064
1615,2017-09-29,9528010.17087
1616,2017-09-30,9047637.34333
1617,2017-10-01,7690943.39377
1618,2017-10-02,7369621.81367
1619,2017-10-03,8729898.6625
1620,2017-10-04,10134350.2293
1621,2017-10-05,7436308.0
1622,2017-10-06,7204663.746
1623,2017-10-07,8954115.66833
1624,2017-10-08,8787392.86667
1625,2017-10-09,10645075.6832
1626,2017-10-10,9983563.75292
1627,2017-10-11,10009312.04
1628,2017-10-12,8773873.83822
1629,2017-10-13,10754101.415
1630,2017-10-14,10610179.1226
1631,2017-10-15,11022592.0874
1632,2017-10-16,14217107.1208
1633,2017-10-17,13050105.4053
1634,2017-10-18,12204886.7833
1635,2017-10-19,11106217.6403
1636,2017-10-20,13368296.589000002
1637,2017-10-21,13875336.5587
1638,2017-10-22,12037733.1808
1639,2017-10-23,14108349.1689
1640,2017-10-24,13224117.7399
1641,2017-10-25,12165126.4504
1642,2017-10-26,13473857.9505
1643,2017-10-27,13483500.6973
1644,2017-10-28,8162322.04643
1645,2017-10-29,6888711.11288
1646,2017-10-30,13055675.5564
1647,2017-10-31,12373554.1068
1648,2017-11-01,12093705.3005
1649,2017-11-02,10194586.5722
1650,2017-11-03,14715617.8482
1651,2017-11-04,12261316.1222
1652,2017-11-05,13655329.5294
1653,2017-11-06,13953618.8916
1654,2017-11-07,12842419.1875
1655,2017-11-08,15347363.3329
1656,2017-11-09,15069064.604
1657,2017-11-10,15722628.4023
1658,2017-11-11,11846298.4095
1659,2017-11-12,8125360.76957
1660,2017-11-13,8791671.835169999
1661,2017-11-14,16126660.1871
1662,2017-11-15,14299314.2248
1663,2017-11-16,17742474.7056
1664,2017-11-17,18216836.5617
1665,2017-11-18,18692415.9222
1666,2017-11-19,15016726.6764
1667,2017-11-20,17376609.3247
1668,2017-11-21,20065228.0629
1669,2017-11-22,19226652.9
1670,2017-11-23,13902700.8525
1671,2017-11-24,17540614.875
1672,2017-11-25,16712356.6142
1673,2017-11-26,18041747.8565
1674,2017-11-27,18860738.1297
1675,2017-11-28,22128557.8289
1676,2017-11-29,21029651.1367
1677,2017-11-30,23310275.2025
1678,2017-12-01,22988871.266
1679,2017-12-02,26605722.884
1680,2017-12-03,23388265.6042
1681,2017-12-04,26076363.222
1682,2017-12-05,27786214.755
1683,2017-12-06,28080616.4
1684,2017-12-07,34001400.78
1685,2017-12-08,35850533.4458
1686,2017-12-09,40290718.09
1687,2017-12-10,40234510.3422
1688,2017-12-11,36118756.345
1689,2017-12-12,42517108.925
1690,2017-12-13,41532449.5733
1691,2017-12-14,47718952.9667
1692,2017-12-15,47709970.56600001
1693,2017-12-16,46748982.95
1694,2017-12-17,50569835.225
1695,2017-12-18,53191582.1375
1696,2017-12-19,52600190.3933
1697,2017-12-20,41629001.0817
1698,2017-12-21,40786861.3917
1699,2017-12-22,43552942.14
1700,2017-12-23,51049170.6725
1701,2017-12-24,41833672.6492
1702,2017-12-25,37634874.15
1703,2017-12-26,32706729.1342
1704,2017-12-27,38893686.4983
1705,2017-12-28,41529952.92
1706,2017-12-29,37008426.9192
1707,2017-12-30,40531227.59
1708,2017-12-31,33640243.617
1709,2018-01-01,35435185.8625
1710,2018-01-02,32334328.9867
1711,2018-01-03,40553327.6417
1712,2018-01-04,39612658.0758
1713,2018-01-05,42527795.29
1714,2018-01-06,41569957.46
1715,2018-01-07,46900388.18399999
1716,2018-01-08,43826673.4267
1717,2018-01-09,41050023.0267
1718,2018-01-10,39993340.56
1719,2018-01-11,41068171.475
1720,2018-01-12,40136372.689
1721,2018-01-13,38260425.5
1722,2018-01-14,33603224.7
1723,2018-01-15,32575141.38
1724,2018-01-16,32326136.172
1725,2018-01-17,28025172.3225
1726,2018-01-18,29865677.22
1727,2018-01-19,31046750.9517
1728,2018-01-20,28241982.9
1729,2018-01-21,33309440.4533
1730,2018-01-22,29815798.362
1731,2018-01-23,24447639.6433
1732,2018-01-24,27086864.964
1733,2018-01-25,27021008.7083
1734,2018-01-26,23853113.88
1735,2018-01-27,22680092.5125
1736,2018-01-28,23654604.1083
1737,2018-01-29,24143236.92
1738,2018-01-30,21651636.805
1739,2018-01-31,22124873.9708
1740,2018-02-01,15840583.36
1741,2018-02-02,19329173.7333
1742,2018-02-03,20349747.21
1743,2018-02-04,18561807.1917
1744,2018-02-05,19061071.0683
1745,2018-02-06,16457612.3083
1746,2018-02-07,17000620.9333
1747,2018-02-08,14762174.0625
1748,2018-02-09,13782297.575
1749,2018-02-10,14685356.425
1750,2018-02-11,15154655.1653
1751,2018-02-12,15831705.8625
1752,2018-02-13,18398084.88
1753,2018-02-14,17728596.585
1754,2018-02-15,20951584.5167
1755,2018-02-16,16527155.601
1756,2018-02-17,19925190.5792
1757,2018-02-18,20236577.4458
1758,2018-02-19,21269179.125
1759,2018-02-20,22566369.915
1760,2018-02-21,20189469.2292
1761,2018-02-22,22261055.1875
1762,2018-02-23,18506552.0508
1763,2018-02-24,19145427.8
1764,2018-02-25,18033349.182
1765,2018-02-26,20726468.25
1766,2018-02-27,18260110.5817
1767,2018-02-28,21592349.9667
1768,2018-03-01,20144045.5125
1769,2018-03-02,22728868.4508
1770,2018-03-03,21569895.065
1771,2018-03-04,25485633.75
1772,2018-03-05,21145836.0833
1773,2018-03-06,21689457.57
1774,2018-03-07,20998999.9483
1775,2018-03-08,19856688.825
1776,2018-03-09,19122238.46
1777,2018-03-10,16597022.2367
1778,2018-03-11,15401709.522
1779,2018-03-12,18756523.695
1780,2018-03-13,18489655.0517
1781,2018-03-14,18172079.5
1782,2018-03-15,14672757.0
1783,2018-03-16,15044619.0
1784,2018-03-17,16634283.9
1785,2018-03-18,14888219.0238
1786,2018-03-19,15423545.8125
1787,2018-03-20,16306726.6167
1788,2018-03-21,14275767.4275
1789,2018-03-22,17009679.0867
1790,2018-03-23,15534104.8958
1791,2018-03-24,14450536.16
1792,2018-03-25,16891637.75
1793,2018-03-26,14541688.125
1794,2018-03-27,15370403.125
1795,2018-03-28,14964770.5
1796,2018-03-29,13433141.25
1797,2018-03-30,13627332.0
1798,2018-03-31,13937126.625
1799,2018-04-01,11096768.0
1800,2018-04-02,13758062.625
1801,2018-04-03,13719904.25
1802,2018-04-04,15098761.3125
1803,2018-04-05,12472512.0625
1804,2018-04-06,13311694.5
1805,2018-04-07,11431310.51
1806,2018-04-08,15587298.0
1807,2018-04-09,14130051.6983
1808,2018-04-10,12309914.75
1809,2018-04-11,13914521.9167
1810,2018-04-12,13939111.6667
1811,2018-04-13,15107101.625
1812,2018-04-14,16284279.6875
1813,2018-04-15,13762525.1755
1814,2018-04-16,16994274.7292
1815,2018-04-17,14177203.375
1816,2018-04-18,15988219.2751
1817,2018-04-19,16329874.8515
1818,2018-04-20,18366540.625
1819,2018-04-21,15169132.8642
1820,2018-04-22,17521934.3475
1821,2018-04-23,17677096.6667
1822,2018-04-24,17086010.4375
1823,2018-04-25,19144528.397
1824,2018-04-26,14253380.3133
1825,2018-04-27,16429027.8425
1826,2018-04-28,16065400.56
1827,2018-04-29,14931203.5067
1828,2018-04-30,18435206.2917
1829,2018-05-01,17940416.875
1830,2018-05-02,17923394.9167
1831,2018-05-03,16155938.352
1832,2018-05-04,18194118.9792
1833,2018-05-05,16751009.25
1834,2018-05-06,19738957.9733
1835,2018-05-07,16501238.5101
1836,2018-05-08,17532514.44
1837,2018-05-09,16034706.9792
1838,2018-05-10,18644083.3333
1839,2018-05-11,17520355.4167
1840,2018-05-12,13452669.738
1841,2018-05-13,17498965.0
1842,2018-05-14,16146155.5833
1843,2018-05-15,14284515.2883
1844,2018-05-16,15533410.85
1845,2018-05-17,18670664.4117
1846,2018-05-18,13537217.6167
1847,2018-05-19,15433623.015
1848,2018-05-20,15829830.0417
1849,2018-05-21,15313332.0
1850,2018-05-22,16465039.572999999
1851,2018-05-23,15129407.25
1852,2018-05-24,15300373.5
1853,2018-05-25,13524570.5833
1854,2018-05-26,16379524.3333
1855,2018-05-27,14869389.375
1856,2018-05-28,15091754.9167
1857,2018-05-29,13947339.5
1858,2018-05-30,12968995.585
1859,2018-05-31,16063234.125
1860,2018-06-01,15919297.25
1861,2018-06-02,15635429.3333
1862,2018-06-03,14525778.6667
1863,2018-06-04,15688517.725
1864,2018-06-05,17156875.25
1865,2018-06-06,16659392.1858
1866,2018-06-07,14067189.5
1867,2018-06-08,13721335.6042
1868,2018-06-09,13811527.9167
1869,2018-06-10,13551637.5292
1870,2018-06-11,10758310.2292
1871,2018-06-12,12039312.7617
1872,2018-06-13,11844835.5208
1873,2018-06-14,11320892.25
1874,2018-06-15,12712413.0
1875,2018-06-16,12305193.3
1876,2018-06-17,13507060.3333
1877,2018-06-18,12686407.8958
1878,2018-06-19,13762650.4
1879,2018-06-20,13329154.5
1880,2018-06-21,13820511.8025
1881,2018-06-22,14388442.37
1882,2018-06-23,12793132.95
1883,2018-06-24,12098140.0
1884,2018-06-25,13225424.94
1885,2018-06-26,12092548.545
1886,2018-06-27,11395190.5
1887,2018-06-28,9288788.415
1888,2018-06-29,12052693.75
1889,2018-06-30,11236721.625
1890,2018-07-01,10494418.5
1891,2018-07-02,11673361.875
1892,2018-07-03,11271293.25
1893,2018-07-04,9617154.0
1894,2018-07-05,11089706.0
1895,2018-07-06,11467704.875
1896,2018-07-07,13022240.0
1897,2018-07-08,12914635.5
1898,2018-07-09,13062255.0
1899,2018-07-10,11427128.0
1900,2018-07-11,12485753.0
1901,2018-07-12,10811120.625
1902,2018-07-13,11268737.625
1903,2018-07-14,11015182.75
1904,2018-07-15,10322279.625
1905,2018-07-16,10424456.875
1906,2018-07-17,9550007.43
1907,2018-07-18,13252292.25
1908,2018-07-19,16010523.0
1909,2018-07-20,15668190.72
1910,2018-07-21,14443929.5
1911,2018-07-22,12556546.625
1912,2018-07-23,16874334.75
1913,2018-07-24,15381186.5
1914,2018-07-25,15319928.25
1915,2018-07-26,18661751.625
1916,2018-07-27,16911592.5
1917,2018-07-28,16568111.75
1918,2018-07-29,14770485.99
1919,2018-07-30,17431648.02
1920,2018-07-31,13817728.25
1921,2018-08-01,14996021.25
1922,2018-08-02,14445819.08
1923,2018-08-03,14541709.8
1924,2018-08-04,15674653.75
1925,2018-08-05,16381955.16
1926,2018-08-06,14016460.0
1927,2018-08-07,11517945.75
1928,2018-08-08,12988132.875
1929,2018-08-09,12792695.7482
1930,2018-08-10,12046723.138
1931,2018-08-11,14202869.6197
1932,2018-08-12,13261117.577
1933,2018-08-13,12308443.9327
1934,2018-08-14,12027194.9917
1935,2018-08-15,10446684.9281
1936,2018-08-16,12945905.1935
1937,2018-08-17,12679218.3411
1938,2018-08-18,12467282.792000001
1939,2018-08-19,12979347.0715
1940,2018-08-20,11716527.5641
1941,2018-08-21,12251866.1225
1942,2018-08-22,12000750.7951
1943,2018-08-23,13310066.6325
1944,2018-08-24,12109214.1826
1945,2018-08-25,12067487.5609
1946,2018-08-26,11480569.008
1947,2018-08-27,14616492.4672
1948,2018-08-28,15757726.0164
1949,2018-08-29,13704072.5546
1950,2018-08-30,12423621.4581
1951,2018-08-31,13512459.5225
1952,2018-09-01,13703858.6682
1953,2018-09-02,13539458.2481
1954,2018-09-03,13164449.0812
1955,2018-09-04,13214317.5544
1956,2018-09-05,11716417.735
1957,2018-09-06,11962954.2145
1958,2018-09-07,12263681.832999999
1959,2018-09-08,12425079.4152
1960,2018-09-09,12056257.7326
1961,2018-09-10,12924076.0946
1962,2018-09-11,10753469.6136
1963,2018-09-12,11243810.4714
1964,2018-09-13,13323607.1515
1965,2018-09-14,12063757.5583
1966,2018-09-15,10861356.2841
1967,2018-09-16,11509988.8514
1968,2018-09-17,11344822.2447
1969,2018-09-18,10912753.5263
1970,2018-09-19,11296243.3776
1971,2018-09-20,12463162.5358
1972,2018-09-21,12472948.4743
1973,2018-09-22,12176819.2713
1974,2018-09-23,13124461.7112
1975,2018-09-24,12679234.025999999
1976,2018-09-25,12385677.9782
1977,2018-09-26,13676604.3032
