Date,Open,High,Low,Close,Volume (BTC),Volume (USD),Weighted
2010-07-17,$0.04951,$0.04951,$0.04951,$0.04951,20,$0.99,$0.05
2010-07-18,$0.05941,$0.08585,$0.05941,$0.08584,75.01,$5.09,$0.07
2010-07-19,$0.0909,$0.09307,$0.07723,$0.0808,574,$49.66,$0.09
2010-07-20,$0.08181,$0.08181,$0.07426,$0.07474,262,$20.59,$0.08
2010-07-21,$0.07425,$0.07921,$0.06634,$0.07921,575,$42.26,$0.07
2010-07-22,$0.07921,$0.08181,$0.0505,$0.0505,2160,$129.78,$0.06
2010-07-23,$0.0505,$0.06767,$0.0505,$0.06262,2402.5,$141.07,$0.06
2010-07-24,$0.06161,$0.06161,$0.05049,$0.05454,496.32,$26.73,$0.05
2010-07-25,$0.05545,$0.05941,$0.0505,$0.0505,1551.48,$85.06,$0.05
2010-07-26,$0.05,$0.056,$0.05,$0.056,877,$46.91,$0.05
2010-07-27,$0.053,$0.0605,$0.053,$0.06,3373.69,$196.92,$0.06
2010-07-28,$0.06,$0.062,$0.054,$0.0589,4390.29,$255.76,$0.06
2010-07-29,$0.0597,$0.0699,$0.0571,$0.0699,8058.49,$528.32,$0.07
2010-07-30,$0.0698,$0.0698,$0.0582,$0.0627,3020.85,$198.53,$0.07
2010-07-31,$0.065,$0.06889,$0.056,$0.06785,4022.25,$243.9,$0.06
2010-08-01,$0.061,$0.065,$0.06,$0.0611,2601,$162.65,$0.06
2010-08-02,$0.0627,$0.0633,$0.06,$0.06,3599,$221.2,$0.06
2010-08-03,$0.06,$0.065,$0.059,$0.06,9821.46,$606.05,$0.06
2010-08-04,$0.06229,$0.06231,$0.057,$0.057,3494,$210.77,$0.06
2010-08-05,$0.0581,$0.061,$0.058,$0.061,5034.07,$303.61,$0.06
2010-08-06,$0.062,$0.0624,$0.0607,$0.0623,1395,$85.91,$0.06
2010-08-07,$0.0608,$0.0622,$0.059,$0.059,2619,$157.34,$0.06
2010-08-08,$0.059,$0.061,$0.059,$0.0609,2201,$132.6,$0.06
2010-08-09,$0.06091,$0.0735,$0.0593,$0.071,13631.09,$886.93,$0.07
2010-08-10,$0.068,$0.0709,$0.06651,$0.07,1310.39,$88.87,$0.07
2010-08-11,$0.06,$0.07541,$0.06,$0.067,14061.18,$1015.64,$0.07
2010-08-12,$0.068,$0.07,$0.06141,$0.07,2062.31,$134.49,$0.07
2010-08-13,$0.0665,$0.068,$0.0645,$0.0645,3591.77,$233.8,$0.07
2010-08-14,$0.0655,$0.0695,$0.0645,$0.067,4404.2,$295.31,$0.07
2010-08-15,$0.067,$0.067,$0.065,$0.06529,4462.87,$294.95,$0.07
2010-08-16,$0.06319,$0.0679,$0.062,$0.0655,10731.47,$696.8,$0.06
2010-08-17,$0.0655,$0.0769,$0.06243,$0.07,13185.74,$915,$0.07
2010-08-18,$0.06999,$0.0733,$0.067,$0.068,2953.98,$203.83,$0.07
2010-08-19,$0.0679,$0.0679,$0.0667,$0.0667,741.12,$50.04,$0.07
2010-08-20,$0.0667,$0.0667,$0.065,$0.0655,4199.75,$276.41,$0.07
2010-08-21,$0.0655,$0.0669,$0.0644,$0.0664,10443.86,$688.51,$0.07
2010-08-22,$0.065,$0.0664,$0.0612,$0.066,18648.97,$1183.64,$0.06
2010-08-23,$0.066,$0.06689,$0.063,$0.06491,4297.49,$281.88,$0.07
2010-08-24,$0.06491,$0.0665,$0.06491,$0.065,6711.76,$444.66,$0.07
2010-08-25,$0.06499,$0.0665,$0.0641,$0.0648,4228.88,$278.86,$0.07
2010-08-26,$0.06482,$0.0658,$0.064,$0.064,3870.01,$251.56,$0.07
2010-08-27,$0.064,$0.065,$0.063,$0.065,9009.97,$583.71,$0.06
2010-08-28,$0.065,$0.065,$0.0641,$0.0641,6174.01,$399.45,$0.06
2010-08-29,$0.0647,$0.0648,$0.064,$0.064,3173.4,$204.88,$0.06
2010-08-30,$0.0646,$0.069,$0.03211,$0.06497,34193.14,$2135,$0.06
2010-08-31,$0.06411,$0.0649,$0.06,$0.06,14886.91,$933.23,$0.06
2010-09-01,$0.062,$0.0629,$0.05961,$0.0629,7164.72,$436.73,$0.06
2010-09-02,$0.061,$0.0634,$0.0601,$0.0634,8150.73,$498.98,$0.06
2010-09-03,$0.061,$0.063,$0.06085,$0.06085,892,$54.61,$0.06
2010-09-04,$0.06125,$0.06238,$0.0612,$0.06238,3301,$202.27,$0.06
2010-09-05,$0.06245,$0.064,$0.0605,$0.0616,8459.24,$527.97,$0.06
2010-09-06,$0.0627,$0.0627,$0.0616,$0.0616,910,$56.13,$0.06
2010-09-07,$0.0616,$0.06201,$0.0603,$0.061,3457.19,$212.35,$0.06
2010-09-08,$0.061,$0.062,$0.06099,$0.062,2345.41,$143.36,$0.06
2010-09-09,$0.0611,$0.0624,$0.06109,$0.06111,1733.5,$107.68,$0.06
2010-09-10,$0.061,$0.0618,$0.06014,$0.0618,4939.79,$301.8,$0.06
2010-09-11,$0.0619,$0.065,$0.0619,$0.06366,7749.14,$491.19,$0.06
2010-09-12,$0.0621,$0.0621,$0.0615,$0.0615,793.88,$48.99,$0.06
2010-09-13,$0.06199,$0.064,$0.0607,$0.06219,10076.34,$632.2,$0.06
2010-09-14,$0.062,$0.175,$0.061,$0.06199,14014.81,$876.76,$0.06
2010-09-15,$0.0625,$0.0625,$0.0604,$0.0604,3651.85,$223.27,$0.06
2010-09-16,$0.0618,$0.0619,$0.0618,$0.0619,730,$45.17,$0.06
2010-09-17,$0.06089,$0.0609,$0.059,$0.059,7262,$438.94,$0.06
2010-09-18,$0.059,$0.061,$0.05761,$0.061,7092.61,$427.76,$0.06
2010-09-19,$0.06091,$0.0627,$0.06,$0.0627,12852.17,$797.36,$0.06
2010-09-20,$0.0621,$0.0634,$0.062,$0.0621,14307.94,$891.19,$0.06
2010-09-21,$0.06309,$0.0633,$0.0623,$0.06265,5735.95,$359.82,$0.06
2010-09-22,$0.0624,$0.0624,$0.06147,$0.0622,11560.4,$717.33,$0.06
2010-09-23,$0.0621,$0.063,$0.0615,$0.06231,15505.33,$970.09,$0.06
2010-09-24,$0.06209,$0.0624,$0.06209,$0.0622,684.38,$42.66,$0.06
2010-09-25,$0.06222,$0.0624,$0.0617,$0.06202,2152.5,$133.05,$0.06
2010-09-26,$0.06204,$0.06228,$0.06186,$0.062,12058.13,$748.2,$0.06
2010-09-27,$0.06205,$0.06228,$0.0619,$0.0622,10752.25,$668.53,$0.06
2010-09-28,$0.06196,$0.06271,$0.0617,$0.0619,7086.15,$439.05,$0.06
2010-09-29,$0.062,$0.062,$0.0615,$0.06191,23475.64,$1450.79,$0.06
2010-09-30,$0.06174,$0.0619,$0.06155,$0.0619,7917.03,$488.15,$0.06
2010-10-01,$0.06189,$0.062,$0.06189,$0.06197,1717.45,$106.46,$0.06
2010-10-02,$0.06188,$0.06191,$0.06125,$0.0614,13059.74,$802.52,$0.06
2010-10-03,$0.06139,$0.0614,$0.061,$0.06111,7172.63,$439.88,$0.06
2010-10-04,$0.06113,$0.062,$0.06081,$0.0613,33995.37,$2079.89,$0.06
2010-10-05,$0.06132,$0.06301,$0.0609,$0.0614,27526.61,$1699.2,$0.06
2010-10-06,$0.06145,$0.0635,$0.0612,$0.06281,33433.3,$2091.28,$0.06
2010-10-07,$0.06312,$0.067,$0.0628,$0.067,43692.98,$2812.79,$0.06
2010-10-08,$0.067,$0.088,$0.01,$0.08685,139287.29,$10784.23,$0.08
2010-10-09,$0.08411,$0.12001,$0.068,$0.0938,187846.95,$16104.87,$0.09
2010-10-10,$0.093,$0.1301,$0.07999,$0.0965,50684.19,$4889.35,$0.1
2010-10-11,$0.091,$0.103,$0.091,$0.095,14092.91,$1395.23,$0.1
2010-10-12,$0.094,$0.099,$0.082,$0.0949,25660.75,$2396.82,$0.09
2010-10-13,$0.092,$0.105,$0.092,$0.105,47557.27,$4558.52,$0.1
2010-10-14,$0.1045,$0.1045,$0.065,$0.102,37217.28,$3701.65,$0.1
2010-10-15,$0.1,$0.119,$0.092,$0.105,24643.33,$2554.91,$0.1
2010-10-16,$0.1,$0.103,$0.1,$0.101,6284.71,$633.63,$0.1
2010-10-17,$0.102,$0.1045,$0.10001,$0.102,18222.19,$1857.8,$0.1
2010-10-18,$0.103,$0.103,$0.097,$0.1024,25665.09,$2591.64,$0.1
2010-10-19,$0.1,$0.1019,$0.097,$0.097,6235.1,$623.34,$0.1
2010-10-20,$0.1,$0.103,$0.094,$0.099,31855,$3221.08,$0.1
2010-10-21,$0.0972,$0.109,$0.097,$0.107,44867,$4616.85,$0.1
2010-10-22,$0.1015,$0.10901,$0.1015,$0.1025,34603.91,$3665.43,$0.11
2010-10-23,$0.108,$0.109,$0.10449,$0.1055,4423.47,$481.52,$0.11
2010-10-24,$0.108,$0.19,$0.108,$0.11501,13800.23,$1560.61,$0.11
2010-10-25,$0.09009,$0.19,$0.09009,$0.132,30299.64,$4450,$0.15
2010-10-26,$0.133,$0.18,$0.133,$0.1503,19219.13,$2995.09,$0.16
2010-10-27,$0.151,$0.19,$0.151,$0.1877,65605.87,$11594.02,$0.18
2010-10-28,$0.1845,$0.191,$0.1731,$0.1731,21525.04,$4009.67,$0.19
2010-10-29,$0.1799,$0.19,$0.173,$0.19,28686.85,$5380.49,$0.19
2010-10-30,$0.1876,$0.199,$0.1875,$0.1989,26708.94,$5112.03,$0.19
2010-10-31,$0.194,$0.1989,$0.171,$0.1925,40337.76,$7829.46,$0.19
2010-11-01,$0.1925,$0.1955,$0.172,$0.1955,21258.61,$4049.75,$0.19
2010-11-02,$0.192,$0.195,$0.1905,$0.1938,5853.39,$1121.34,$0.19
2010-11-03,$0.1938,$0.275,$0.125,$0.1931,61472.63,$11769.61,$0.19
2010-11-04,$0.1988,$0.23601,$0.1934,$0.23,29698.43,$6229.16,$0.21
2010-11-05,$0.2101,$0.2639,$0.2101,$0.26,36622.07,$8757.15,$0.24
2010-11-06,$0.262,$0.5,$0.2402,$0.39,32756.13,$9396.96,$0.29
2010-11-07,$0.46999,$0.46999,$0.286,$0.34,77218.72,$27937.74,$0.36
2010-11-08,$0.3459,$0.37,$0.2261,$0.243,118203.83,$38339.26,$0.32
2010-11-09,$0.251,$0.323,$0.199,$0.21,47983.39,$12808.3,$0.27
2010-11-10,$0.2101,$0.24,$0.14,$0.24,30387.03,$6110.13,$0.2
2010-11-11,$0.2299,$0.24,$0.21,$0.2231,5031.88,$1111.55,$0.22
2010-11-12,$0.2289,$0.29,$0.223,$0.2682,40720.39,$10494.46,$0.26
2010-11-13,$0.2799,$0.3,$0.2683,$0.276,21915.57,$6351.58,$0.29
2010-11-14,$0.276,$0.299,$0.2702,$0.27904,16844.33,$4793.81,$0.28
2010-11-15,$0.27904,$0.2828,$0.2682,$0.2682,8507.74,$2337.5,$0.27
2010-11-16,$0.2683,$0.275,$0.223,$0.223,33931.01,$8609.67,$0.25
2010-11-17,$0.223,$0.29,$0.2116,$0.2299,32871.6,$8662.61,$0.26
2010-11-18,$0.2221,$0.283,$0.2221,$0.2678,37446.67,$10253.27,$0.27
2010-11-19,$0.2683,$0.28,$0.2682,$0.28,2157.56,$583.45,$0.27
2010-11-20,$0.27999,$0.29,$0.26825,$0.28301,14652.69,$4119.07,$0.28
2010-11-21,$0.27631,$0.282,$0.27631,$0.27675,765,$212.67,$0.28
2010-11-22,$0.27679,$0.2879,$0.269,$0.2879,28205.85,$7818.64,$0.28
2010-11-23,$0.2825,$0.28449,$0.276,$0.28295,4856.92,$1361.82,$0.28
2010-11-24,$0.28295,$0.28299,$0.2761,$0.28299,2514.91,$710.24,$0.28
2010-11-25,$0.2825,$0.2825,$0.278,$0.28,1679.6,$469.99,$0.28
2010-11-26,$0.27899,$0.289,$0.27612,$0.2844,33531.88,$9510.98,$0.28
2010-11-27,$0.2844,$0.2844,$0.28255,$0.283,1825.39,$515.9,$0.28
2010-11-28,$0.283,$0.28461,$0.27,$0.27,20802.13,$5746.3,$0.28
2010-11-29,$0.279,$0.279,$0.2151,$0.2299,35055.4,$8802.06,$0.25
2010-11-30,$0.2299,$0.2299,$0.204,$0.2082,21476.25,$4570.58,$0.21
2010-12-01,$0.2095,$0.2299,$0.2095,$0.2275,8157.89,$1752.72,$0.21
2010-12-02,$0.228,$0.2553,$0.218,$0.255,20312.23,$4800.55,$0.24
2010-12-03,$0.25,$0.2552,$0.243,$0.25105,2570.34,$633.78,$0.25
2010-12-04,$0.255,$0.2589,$0.205,$0.205,28560.72,$6673.4,$0.23
2010-12-05,$0.22,$0.235,$0.19,$0.19,5740.18,$1178.03,$0.21
2010-12-06,$0.225,$0.225,$0.1841,$0.204,4319.26,$863.02,$0.2
2010-12-07,$0.1938,$0.2477,$0.1701,$0.233,24592.92,$5411.8,$0.22
2010-12-08,$0.24,$0.24,$0.22,$0.2388,3430.41,$789.86,$0.23
2010-12-09,$0.226,$0.233,$0.1701,$0.2,21336.33,$4411.94,$0.21
2010-12-10,$0.19999,$0.204,$0.18251,$0.204,1684.25,$328.17,$0.19
2010-12-11,$0.204,$0.228,$0.1907,$0.228,5788.69,$1267.2,$0.22
2010-12-12,$0.208,$0.2279,$0.20676,$0.22,1963.56,$418.8,$0.21
2010-12-13,$0.2101,$0.23,$0.21,$0.2299,6415.59,$1425.92,$0.22
2010-12-14,$0.2289,$0.2468,$0.21,$0.24669,10388.1,$2403.83,$0.23
2010-12-15,$0.245,$0.246,$0.238,$0.23801,3684.68,$901.15,$0.24
2010-12-16,$0.23801,$0.255,$0.22221,$0.24996,14355.33,$3522.62,$0.25
2010-12-17,$0.249,$0.249,$0.24,$0.24,525.51,$130.19,$0.25
2010-12-18,$0.2487,$0.24881,$0.241,$0.241,169.11,$41.67,$0.25
2010-12-19,$0.248,$0.2499,$0.24,$0.2401,2000.76,$487.49,$0.24
2010-12-20,$0.2401,$0.275,$0.24,$0.267,10682.71,$2769.88,$0.26
2010-12-21,$0.26,$0.267,$0.24,$0.24,9225.79,$2291.81,$0.25
2010-12-22,$0.244,$0.25,$0.244,$0.25,3800.46,$949.38,$0.25
2010-12-23,$0.248,$0.25,$0.241,$0.25,8650.15,$2160.74,$0.25
2010-12-24,$0.25,$0.25,$0.242,$0.248,5033.25,$1252.05,$0.25
2010-12-25,$0.2475,$0.25,$0.2475,$0.2499,703,$175.44,$0.25
2010-12-26,$0.2499,$0.27,$0.24639,$0.265,16584.97,$4203.03,$0.25
2010-12-27,$0.251,$0.27,$0.251,$0.265,4935.49,$1270.15,$0.26
2010-12-28,$0.264,$0.281,$0.2612,$0.281,15438.71,$4238.98,$0.27
2010-12-29,$0.271,$0.301,$0.271,$0.3,18609.14,$5363.75,$0.29
2010-12-30,$0.291,$0.3,$0.291,$0.3,2539.87,$759.92,$0.3
2010-12-31,$0.3,$0.3,$0.292,$0.3,1453.72,$428.44,$0.29
2011-01-01,$0.292,$0.3,$0.292,$0.3,2821.24,$841.95,$0.3
2011-01-02,$0.29459,$0.3,$0.289,$0.29997,5352.11,$1584.66,$0.3
2011-01-03,$0.29,$0.2999,$0.29,$0.295,1425.19,$420.85,$0.3
2011-01-04,$0.29601,$0.29987,$0.289,$0.29895,1879,$548.33,$0.29
2011-01-05,$0.29004,$0.299,$0.29004,$0.299,357.16,$106.19,$0.3
2011-01-06,$0.2989,$0.299,$0.29,$0.298,3456.49,$1031.28,$0.3
2011-01-07,$0.2975,$0.322,$0.2975,$0.32,42601.12,$13152.15,$0.31
2011-01-08,$0.3092,$0.3229,$0.309,$0.3229,1629.44,$512.04,$0.31
2011-01-09,$0.32291,$0.323,$0.32291,$0.323,1691.37,$546.18,$0.32
2011-01-10,$0.32291,$0.329,$0.3175,$0.32659,10355.83,$3360.65,$0.32
2011-01-11,$0.32659,$0.32659,$0.31761,$0.32659,4857.8,$1578.66,$0.32
2011-01-12,$0.3265,$0.3557,$0.31799,$0.3188,31359.77,$10508.17,$0.34
2011-01-13,$0.31868,$0.405,$0.3176,$0.3176,20118.9,$7147.03,$0.36
2011-01-14,$0.3176,$0.45,$0.3176,$0.4,27130.96,$10691.11,$0.39
2011-01-15,$0.4,$0.4,$0.385,$0.386,1515.66,$591.15,$0.39
2011-01-16,$0.3994,$0.4,$0.386,$0.38679,2778.71,$1085.16,$0.39
2011-01-17,$0.38679,$0.38679,$0.315,$0.3495,18241.15,$6360.69,$0.35
2011-01-18,$0.3495,$0.3495,$0.305,$0.31299,15671.51,$4950.51,$0.32
2011-01-19,$0.31299,$0.31299,$0.305,$0.31299,7291.63,$2247.62,$0.31
2011-01-20,$0.31299,$0.39,$0.31,$0.39,19881.98,$6900.05,$0.35
2011-01-21,$0.3899,$0.44,$0.368,$0.41991,8477.55,$3351.62,$0.4
2011-01-22,$0.41,$0.4443,$0.39,$0.4443,10534.27,$4513.91,$0.43
2011-01-23,$0.4443,$0.4443,$0.42,$0.4424,1148.4,$505.83,$0.44
2011-01-24,$0.4424,$0.4424,$0.381,$0.4199,11061.94,$4516.68,$0.41
2011-01-25,$0.4199,$0.425,$0.4,$0.41,2163.72,$901.25,$0.42
2011-01-26,$0.41123,$0.42,$0.3904,$0.417,15564.81,$6315.95,$0.41
2011-01-27,$0.4095,$0.45,$0.40851,$0.4212,27708.2,$12086.9,$0.44
2011-01-28,$0.4223,$0.446,$0.4212,$0.446,5324.5,$2301.77,$0.43
2011-01-29,$0.445,$0.445,$0.43,$0.439,1448.38,$643.63,$0.44
2011-01-30,$0.445,$0.48,$0.445,$0.4799,10383.59,$4775.81,$0.46
2011-01-31,$0.47981,$0.95,$0.47,$0.52001,63516.08,$32708.4,$0.51
2011-02-01,$0.5451,$0.85,$0.52011,$0.7,31562.12,$23264.18,$0.74
2011-02-02,$0.71,$0.76001,$0.69,$0.716,5627.48,$4126.02,$0.73
2011-02-03,$0.7218,$0.75,$0.6501,$0.69,8524.5,$6064.12,$0.71
2011-02-04,$0.72,$0.88,$0.67,$0.811,42222.19,$33965.74,$0.8
2011-02-05,$0.839,$0.92,$0.8115,$0.92,15786.81,$13634.2,$0.86
2011-02-06,$0.92,$0.92,$0.83,$0.89968,8744.11,$7608.77,$0.87
2011-02-07,$0.89968,$0.9,$0.83,$0.89,2264.28,$1949.54,$0.86
2011-02-08,$0.89,$0.918,$0.8617,$0.918,7021.29,$6306.77,$0.9
2011-02-09,$0.905,$1.09,$0.82,$1.09,49632.5,$47455.01,$0.96
2011-02-10,$1.08,$1.1,$0.8,$0.98031,26559.64,$25568.81,$0.96
2011-02-11,$0.98,$1.0899,$0.9264,$1.07001,13299.18,$13213.54,$0.99
2011-02-12,$1.01,$1.08,$0.9906,$1.0799,4118.92,$4353.79,$1.06
2011-02-13,$1.0511,$1.08,$1.0201,$1.05,3240.64,$3398.3,$1.05
2011-02-14,$1.04,$1.08,$1.033,$1.07,7096.55,$7532.41,$1.06
2011-02-15,$1.06,$1.085,$1.035,$1.05,8616.58,$9085.5,$1.05
2011-02-16,$1.05,$1.05019,$1.0201,$1.045,7192.38,$7465.03,$1.04
2011-02-17,$1.045,$1.05019,$1.02,$1.04,4009.84,$4184.96,$1.04
2011-02-18,$1.031,$1.04019,$0.78009,$0.8989,36948.16,$32719.75,$0.89
2011-02-19,$0.8376,$0.98,$0.8376,$0.94898,3798.71,$3454.72,$0.91
2011-02-20,$0.94898,$0.94898,$0.83,$0.85,9974.05,$8503.38,$0.85
2011-02-21,$0.8313,$0.8796,$0.8313,$0.8345,1700.12,$1435.86,$0.84
2011-02-22,$0.85,$0.95,$0.8313,$0.87023,12095.26,$10650.29,$0.88
2011-02-23,$0.90999,$0.945,$0.8681,$0.9,6718.87,$6057.77,$0.9
2011-02-24,$0.93,$1,$0.9,$0.99743,13418.69,$12708.12,$0.95
2011-02-25,$0.97,$0.99979,$0.91109,$0.9111,4461.06,$4276.3,$0.96
2011-02-26,$0.9112,$0.97,$0.91061,$0.958,4744.41,$4452.63,$0.94
2011-02-27,$0.958,$0.958,$0.89,$0.89,23268.75,$21576.82,$0.93
2011-02-28,$0.89009,$0.92001,$0.845,$0.86,4651.67,$4108.6,$0.88
2011-03-01,$0.8601,$0.97,$0.8502,$0.92021,22569.78,$21413.43,$0.95
2011-03-02,$0.92021,$0.94,$0.9102,$0.9399,2741.87,$2533.96,$0.92
2011-03-03,$0.9128,$0.9399,$0.91,$0.93909,2746.67,$2520.58,$0.92
2011-03-04,$0.92021,$0.93909,$0.9001,$0.901,2711.89,$2469.56,$0.91
2011-03-05,$0.91,$0.9189,$0.8111,$0.9103,12570.59,$11115.04,$0.88
2011-03-06,$0.9098,$0.9098,$0.81,$0.8999,12626.49,$10775.11,$0.85
2011-03-07,$0.87,$0.909,$0.846,$0.88502,15271.27,$13527.3,$0.89
2011-03-08,$0.88502,$0.88502,$0.84999,$0.86999,4527.85,$3931.42,$0.87
2011-03-09,$0.85132,$0.87,$0.85,$0.86449,4546.05,$3881.22,$0.85
2011-03-10,$0.86449,$0.9329,$0.84965,$0.9329,8869.01,$7895.07,$0.89
2011-03-11,$0.89,$0.925,$0.8601,$0.88,3725.51,$3301.73,$0.89
2011-03-12,$0.88,$0.9197,$0.88,$0.918,4822.83,$4319.6,$0.9
2011-03-13,$0.90501,$0.918,$0.88976,$0.89249,660.31,$595.42,$0.9
2011-03-14,$0.89249,$0.9,$0.88,$0.8949,5269.24,$4676.62,$0.89
2011-03-15,$0.8949,$0.8949,$0.87,$0.87,2732.16,$2405.41,$0.88
2011-03-16,$0.871,$0.88,$0.836,$0.86,7929.62,$6761.32,$0.85
2011-03-17,$0.845,$0.88,$0.81,$0.82542,7159.78,$6042.77,$0.84
2011-03-18,$0.8499,$0.85062,$0.70999,$0.81648,14226.22,$10971.32,$0.77
2011-03-19,$0.78,$0.797,$0.73127,$0.765,9875.04,$7457.83,$0.76
2011-03-20,$0.763,$0.79,$0.7402,$0.74108,5815.32,$4502.62,$0.77
2011-03-21,$0.76145,$0.77241,$0.7405,$0.75897,3695.96,$2780.45,$0.75
2011-03-22,$0.75897,$0.81,$0.7405,$0.80901,12147.72,$9499.24,$0.78
2011-03-23,$0.81,$0.85,$0.78,$0.84971,13262.26,$11029.25,$0.83
2011-03-24,$0.832,$0.9,$0.82659,$0.86688,14009.37,$12259.77,$0.88
2011-03-25,$0.86688,$0.88999,$0.861,$0.88377,4819.42,$4225.53,$0.88
2011-03-26,$0.8837,$0.905,$0.841,$0.8552,11756.42,$10250.98,$0.87
2011-03-27,$0.829,$0.87211,$0.8152,$0.82,5337.15,$4439.07,$0.83
2011-03-28,$0.82,$0.85,$0.76,$0.79898,12565.15,$10141.7,$0.81
2011-03-29,$0.7989,$0.79966,$0.7648,$0.7925,4215.02,$3312.3,$0.79
2011-03-30,$0.7925,$0.795,$0.76599,$0.7897,3218.22,$2532.13,$0.79
2011-03-31,$0.7897,$0.80098,$0.768,$0.78461,6875.08,$5429.16,$0.79
2011-04-01,$0.78461,$0.79697,$0.7741,$0.77411,3186.77,$2483.69,$0.78
2011-04-02,$0.775,$0.7998,$0.7741,$0.78199,2493.59,$1965.23,$0.79
2011-04-03,$0.78199,$0.79487,$0.777,$0.779,3931.39,$3074.76,$0.78
2011-04-04,$0.78,$0.785,$0.5619,$0.68,31155.46,$21652.69,$0.69
2011-04-05,$0.68,$0.74784,$0.58,$0.71,9730.3,$6522.71,$0.67
2011-04-06,$0.7477,$0.75,$0.6902,$0.74,8703.95,$6264.04,$0.72
2011-04-07,$0.748,$0.78491,$0.7205,$0.7538,10832.99,$8178.14,$0.75
2011-04-08,$0.7538,$0.799,$0.7309,$0.74999,18207.3,$13854.66,$0.76
2011-04-09,$0.74999,$0.7676,$0.7205,$0.73,12119.4,$8940.96,$0.74
2011-04-10,$0.75,$0.7589,$0.71,$0.7369,5348.98,$3946.44,$0.74
2011-04-11,$0.7369,$0.799,$0.7103,$0.77,14645.93,$11255.96,$0.77
2011-04-12,$0.7787,$0.899,$0.7703,$0.86,48417.6,$41333.11,$0.85
2011-04-13,$0.86,$1,$0.86,$0.9225,43397.56,$40467.74,$0.93
2011-04-14,$0.939,$1,$0.91,$1,31111.88,$29643.61,$0.95
2011-04-15,$1,$1.08999,$0.911,$0.98991,50304.61,$50488.94,$1
2011-04-16,$0.9841,$1.095,$0.95414,$1.0499,28869.3,$30097.18,$1.04
2011-04-17,$1.048,$1.14,$1.0255,$1.1123,24225.7,$26085.25,$1.08
2011-04-18,$1.13888,$1.1999,$1.1103,$1.16199,27478.69,$31552.55,$1.15
2011-04-19,$1.1618,$1.1979,$1.1436,$1.1979,12556.73,$14782.06,$1.18
2011-04-20,$1.181,$1.1979,$1.13,$1.1421,21344.95,$24691.86,$1.16
2011-04-21,$1.14209,$1.21,$1.14,$1.21,39295.69,$46345.35,$1.18
2011-04-22,$1.21,$1.41,$1.189,$1.40901,39415.39,$50929.92,$1.29
2011-04-23,$1.3911,$1.95,$1.3202,$1.7001,66620.36,$103242.84,$1.55
2011-04-24,$1.7999,$1.95,$1.6,$1.63011,21541.69,$36076.01,$1.67
2011-04-25,$1.631,$1.701,$1.52109,$1.559,13471.6,$21226.89,$1.58
2011-04-26,$1.581,$1.7949,$1.53,$1.7949,24054.31,$40211.17,$1.67
2011-04-27,$1.781,$1.95,$1.72,$1.9,33055.26,$62403.35,$1.89
2011-04-28,$1.892,$2.65,$1.66,$2.21059,100238.23,$203392.46,$2.03
2011-04-29,$2.211,$2.95,$2.21,$2.88,57577.32,$148954.47,$2.59
2011-04-30,$2.879,$4.14996,$2.75,$3.5,65427.8,$214977.24,$3.29
2011-05-01,$3.5,$3.87,$2.5,$3.03311,45772.07,$143521.98,$3.14
2011-05-02,$3.0988,$3.495,$3.029,$3.2,18333.83,$59421.72,$3.24
2011-05-03,$3.2,$3.49,$3.11,$3.41,16919.18,$56187.48,$3.32
2011-05-04,$3.418,$3.58,$3.25,$3.40609,17278.29,$59434.11,$3.44
2011-05-05,$3.4013,$3.4498,$3.333,$3.333,15350.34,$52331.39,$3.41
2011-05-06,$3.333,$3.61001,$3.29,$3.45,23014.7,$80063.98,$3.48
2011-05-07,$3.45,$3.7,$3.425,$3.641,17833.29,$64359.68,$3.61
2011-05-08,$3.641,$3.937,$3.63,$3.8659,21132.51,$79620.81,$3.77
2011-05-09,$3.8696,$3.9,$3.6905,$3.8,11520.93,$43805.92,$3.8
2011-05-10,$3.81,$5.99001,$3.81,$5.81,56217.32,$266466.71,$4.74
2011-05-11,$5.7499,$6.065,$4.6,$5.5,52569.15,$281496.86,$5.35
2011-05-12,$5.4898,$6.49,$5.22,$6.30019,31722.46,$184839.99,$5.83
2011-05-13,$6.3201,$8.45,$6.3201,$8.198,64003.37,$478840.49,$7.48
2011-05-14,$8.12011,$8.9,$5.83,$7.19769,55390.45,$435571.02,$7.86
2011-05-15,$7.0022,$7.78,$6.20001,$6.98701,18294.87,$123255.5,$6.74
2011-05-16,$6.9899,$8.5,$6.75,$8.03388,44141.41,$343050.47,$7.77
2011-05-17,$7.8974,$8.38901,$6.97991,$7.19,35345.46,$265868.95,$7.52
2011-05-18,$7.1911,$7.5,$6.6,$6.88,25403.44,$181331.16,$7.14
2011-05-19,$6.7002,$7.34,$6.60711,$6.805,24436.41,$170134.8,$6.96
2011-05-20,$6.8051,$7.1,$5.5772,$5.59039,44460.44,$278992.34,$6.28
2011-05-21,$5.7999,$6.5199,$5.5772,$6.11971,31111.9,$185640.17,$5.97
2011-05-22,$6.14,$6.7594,$5.99001,$6.6901,23872.15,$154432.52,$6.47
2011-05-23,$6.6901,$7.45,$6.68999,$7.14991,35279.88,$250601.3,$7.1
2011-05-24,$7.1499,$7.51,$6.96,$7.42,29282.48,$211827.28,$7.23
2011-05-25,$7.4899,$9.33,$7.21612,$8.3997,64049.94,$510905.18,$7.98
2011-05-26,$8.2502,$8.9869,$8.01,$8.798,28644.99,$244820.48,$8.55
2011-05-27,$8.7002,$8.83,$8.5002,$8.5002,14431.84,$125149.05,$8.67
2011-05-28,$8.55,$8.7,$8.11,$8.3001,12247.72,$103463.69,$8.45
2011-05-29,$8.3001,$8.49,$8.102,$8.4299,7487.54,$62138.87,$8.3
2011-05-30,$8.4483,$9,$8.25001,$8.8,17680.15,$154258.85,$8.72
2011-05-31,$8.8,$9.4998,$8.1,$8.741,45794.43,$406882.27,$8.88
2011-06-01,$8.741,$9.6987,$8.3,$9.57,43479.96,$400564.35,$9.21
2011-06-02,$9.6,$10.888,$9.5,$10.6,41047.27,$415112.72,$10.11
2011-06-03,$10.6002,$14.499,$10.5752,$14.29,72980.24,$954513.54,$13.08
2011-06-04,$14.27,$18.89,$14.04,$18.89,44475.34,$729670.85,$16.41
2011-06-05,$18.966,$18.998,$16.2,$16.7,24278.97,$420612.47,$17.32
2011-06-06,$16.7,$19.23,$16.4513,$18.5499,55092.47,$1016927.39,$18.46
2011-06-07,$18.2605,$24.32,$18.26,$23.9234,53715.04,$1068903.32,$19.9
2011-06-08,$23.9999,$31.9099,$22.2135,$29.6,104925.16,$2858820.38,$27.25
2011-06-09,$29.91,$31.5,$26.151,$28.919,62933.66,$1861589.64,$29.58
2011-06-10,$28.9191,$29.399,$20.01,$23.9497,92208.2,$2274786.4,$24.67
2011-06-11,$23.93,$23.99,$13,$14.6511,121869.97,$2146587.96,$17.61
2011-06-12,$14.75,$24.99,$10.25,$18.5464,151194.16,$2451134.56,$16.21
2011-06-13,$18.5479,$24.5,$16,$19.84,73421.79,$1476239.59,$20.11
2011-06-14,$19.8,$20.5,$18.001,$19.28,36155.99,$696003.98,$19.25
2011-06-15,$19.2804,$20,$19.022,$19.49,27711.9,$545336.14,$19.68
2011-06-16,$19.5,$19.89,$17,$17,49202.14,$927743.42,$18.86
2011-06-17,$17,$18.34,$13,$15.681,108623.77,$1684353.23,$15.51
2011-06-18,$15.9635,$16.9499,$15.052,$16.89,35536.55,$569949.34,$16.04
2011-06-19,$16.85,$18.8766,$16.85,$17.51,30176.74,$536267.38,$17.77
2011-06-26,$17.51001,$17.51001,$14.01,$16.45001,15053.93,$234621.8,$15.59
2011-06-27,$16.45001,$18,$15,$16.75004,31452.54,$535096.37,$17.01
2011-06-28,$16.75,$17.52,$16.5,$16.9498,24398.15,$413032.22,$16.93
2011-06-29,$16.94991,$17.2,$16.666,$16.845,21043.37,$355303.18,$16.88
2011-06-30,$16.846,$17,$15.73,$16.10098,34961.19,$577145.55,$16.51
2011-07-01,$16.10098,$16.74,$15.26,$15.397,33284.45,$529197.49,$15.9
2011-07-02,$15.3705,$15.8,$15.271,$15.4,19453.24,$302134.7,$15.53
2011-07-03,$15.39981,$15.689,$15.311,$15.44049,16792.29,$259875.51,$15.48
2011-07-04,$15.4407,$15.48988,$13.14,$13.86,52276.99,$756913.59,$14.48
2011-07-05,$13.878,$15,$11,$12.90691,84081.15,$1076305.46,$12.8
2011-07-06,$12.90701,$16.5,$12.67132,$14.78347,111818.32,$1655319.63,$14.8
2011-07-07,$14.78367,$15.9,$14.5,$14.77609,54465.7,$825452.25,$15.16
2011-07-08,$14.77609,$15.64276,$13.90152,$14.31399,34853.42,$500143.38,$14.35
2011-07-09,$14.31399,$14.6999,$14.0201,$14.38,11909.17,$171329.27,$14.39
2011-07-10,$14.375,$15.68,$14.35,$14.9,45284.42,$682903.16,$15.08
2011-07-11,$14.9,$15.1999,$13.8,$14.20912,49160.01,$706457.52,$14.37
2011-07-12,$14.20912,$14.63988,$13.9,$14.00943,26356.51,$372986.55,$14.15
2011-07-13,$14.0276,$14.15,$13.91,$13.95099,10338.15,$145032.07,$14.03
2011-07-14,$13.97,$14.07,$13.7,$13.99,17661.16,$245982.11,$13.93
2011-07-15,$13.99999,$14.09,$13.5021,$13.81,24819.54,$344982.1,$13.9
2011-07-16,$13.81,$13.81,$13.501,$13.7191,17264.49,$235142.97,$13.62
2011-07-17,$13.719,$13.75,$13.021,$13.16,34375.47,$458510.19,$13.34
2011-07-18,$13.16,$13.915,$12.51,$13.48,75896.31,$988903.24,$13.03
2011-07-19,$13.47051,$14.7,$13.44,$13.85024,67575.61,$948485.72,$14.04
2011-07-20,$13.86024,$14,$13.4,$13.68943,23177.9,$317332.3,$13.69
2011-07-21,$13.71982,$13.78,$13.4,$13.61,25018.37,$341665.52,$13.66
2011-07-22,$13.61,$13.81,$13.45,$13.69542,15165.62,$207044.15,$13.65
2011-07-23,$13.69999,$13.7649,$13.51,$13.68,22455.6,$306380.16,$13.64
2011-07-24,$13.6904,$14.1,$13.6,$13.98001,26623.26,$369041.82,$13.86
2011-07-25,$13.98001,$14.72299,$13.76,$14.0478,31577.96,$448277.2,$14.2
2011-07-26,$14.02979,$14.05051,$13.768,$13.88214,16793.86,$233585.08,$13.91
2011-07-27,$13.88214,$14.13,$13.85,$13.9394,11508.66,$160645.54,$13.96
2011-07-28,$13.891,$13.939,$13.312,$13.49011,32738.27,$445690.58,$13.61
2011-07-29,$13.4901,$13.7,$13.3302,$13.49832,7257.51,$98020.73,$13.51
2011-07-30,$13.5015,$13.63,$13.45,$13.53034,6104.38,$82590.44,$13.53
2011-07-31,$13.5365,$14.8999,$12.82922,$13.35,45723.44,$618135.5,$13.52
2011-08-01,$13.3503,$13.5501,$12.85,$13.0946,21748.09,$286373.02,$13.17
2011-08-02,$13.09628,$13.1,$11.5,$12.05,57242.69,$709463.16,$12.39
2011-08-03,$12.05,$12.16,$8.7,$9.26,90287.33,$943628.17,$10.45
2011-08-04,$9.287,$11.15,$9.26999,$10.75,50094.1,$529876.35,$10.58
2011-08-05,$10.7106,$10.99,$9.5,$9.7999,30765.69,$315866.93,$10.27
2011-08-06,$9.7403,$9.95,$5.742,$6.55,102411.73,$801213.08,$7.82
2011-08-07,$6.5317,$9.47,$6.01,$7.9,89830.96,$693796.98,$7.72
2011-08-08,$7.9,$8.15998,$7.055,$7.79991,34042.22,$263570.19,$7.74
2011-08-09,$7.79996,$12.1,$7.671,$9.99,114472.78,$1112123.77,$9.72
2011-08-10,$9.95017,$10.40001,$9.5,$9.98,24254.45,$242598.48,$10
2011-08-11,$10.08821,$10.4959,$8.45099,$9.46248,58114.56,$550577.88,$9.47
2011-08-12,$9.46268,$9.8,$8.91,$9.46051,41592.12,$387476.18,$9.32
2011-08-13,$9.47024,$10.25041,$9.28,$10.131,29759.76,$291543.08,$9.8
2011-08-14,$10.1302,$11.24,$9.62,$10.7957,44125.5,$468353.91,$10.61
2011-08-15,$10.7921,$11.89,$10.72151,$11.14979,38155.54,$431203.74,$11.3
2011-08-16,$11.1548,$11.32,$10.8109,$10.96409,15325.44,$169357.89,$11.05
2011-08-17,$10.92339,$11.1,$10.661,$10.94555,22898.69,$249104.68,$10.88
2011-08-18,$10.97792,$11.04999,$10.81,$10.83001,8210.38,$89515.28,$10.9
2011-08-19,$10.83001,$11.81,$10.83001,$11.65,33721.05,$384289.87,$11.4
2011-08-20,$11.65638,$11.69001,$11.4,$11.453,9915,$113880.29,$11.49
2011-08-21,$11.453,$11.51,$11.31,$11.31125,8720.35,$99220.98,$11.38
2011-08-22,$11.31125,$11.501,$10.51,$10.895,36996.14,$407895.13,$11.03
2011-08-23,$10.909,$11.3,$10.809,$10.94001,12779.51,$141019.11,$11.03
2011-08-24,$10.94001,$11.083,$10.8309,$10.8506,7815.83,$85516.17,$10.94
2011-08-25,$10.8506,$10.891,$9.1,$9.65702,55485.39,$555232.04,$10.01
2011-08-26,$9.65702,$9.889,$7.642,$8.17939,83004.37,$718309.63,$8.65
2011-08-27,$8.17939,$9.11,$8.12082,$8.5902,21998.79,$189777.37,$8.63
2011-08-28,$8.5911,$9.4811,$8.44758,$9.07011,24155.28,$216706.8,$8.97
2011-08-29,$9.07021,$9.27027,$8.65,$8.969,21651.28,$193411.57,$8.93
2011-08-30,$8.969,$9,$8.55,$8.79134,11773.82,$103338.65,$8.78
2011-08-31,$8.79,$8.79,$8.01001,$8.19951,19648.24,$164091.75,$8.35
2011-09-01,$8.19951,$8.35994,$8.1,$8.21,11903.53,$97874.33,$8.22
2011-09-02,$8.25,$8.7138,$8.23,$8.64,16814.55,$141975.28,$8.44
2011-09-03,$8.6,$8.69,$8.36307,$8.48,6944.99,$59247.47,$8.53
2011-09-04,$8.4632,$8.49,$7.85,$8.17798,19673.49,$160817.86,$8.17
2011-09-05,$8.12796,$8.19142,$7.25,$7.61101,30798.75,$234672.8,$7.62
2011-09-06,$7.61101,$7.65713,$6.122,$6.8628,82496.05,$555289.16,$6.73
2011-09-07,$6.8628,$7.59916,$6.53001,$7.1864,49642.1,$348836.44,$7.03
2011-09-08,$7.19786,$7.19786,$6.51235,$6.53,31886.33,$216888.79,$6.8
2011-09-09,$6.5299,$6.57686,$4.18,$5.03,217433.29,$1154613.99,$5.31
2011-09-10,$5.019,$5.49,$4.63,$4.7739,44484.53,$223562.81,$5.03
2011-09-11,$4.7739,$7.4,$4.6,$5.86435,143792.58,$873010.64,$6.07
2011-09-12,$5.94,$6.58212,$5.4121,$6.078,63864.04,$385739.55,$6.04
2011-09-13,$6.05,$6.085,$5.7,$5.8,23759.28,$138683.87,$5.84
2011-09-14,$5.8199,$5.84731,$5.32488,$5.61932,43768.26,$243197.97,$5.56
2011-09-15,$5.61932,$5.61932,$4.44,$4.84,86220.92,$429502.83,$4.98
2011-09-16,$4.84,$4.99,$4.61,$4.82,31651.09,$152408.87,$4.82
2011-09-17,$4.82,$4.93,$4.7,$4.77,20303.08,$97582.47,$4.81
2011-09-18,$4.7604,$5.6,$4.72134,$5.2,44623.9,$229468.54,$5.14
2011-09-19,$5.2021,$5.64399,$4.9,$5.46001,49836.79,$263597.81,$5.29
2011-09-20,$5.46203,$6.795,$5.4511,$6.11191,116750.98,$713430.51,$6.11
2011-09-21,$6.11191,$6.28664,$5.06,$5.6114,68164.47,$383918.85,$5.63
2011-09-22,$5.64335,$5.83001,$5.29,$5.42781,31651,$175258.58,$5.54
2011-09-23,$5.43,$5.70653,$5.4145,$5.54514,55667.98,$312415.09,$5.61
2011-09-24,$5.54514,$5.641,$5.3201,$5.46829,17944.23,$97847.53,$5.45
2011-09-25,$5.44406,$5.49,$5.32199,$5.33,9487.26,$51288.09,$5.41
2011-09-26,$5.32999,$5.4,$4.721,$4.86969,56072.39,$277987.41,$4.96
2011-09-27,$4.86969,$5.13018,$4.781,$4.9156,24645.37,$121363.66,$4.92
2011-09-28,$4.91563,$4.969,$4.625,$4.77247,30625.21,$146110.79,$4.77
2011-09-29,$4.77985,$4.8,$4.6742,$4.77935,14092.89,$66817.43,$4.74
2011-09-30,$4.7567,$5.35,$4.743,$5.14009,41459.07,$208038.79,$5.02
2011-10-01,$5.16699,$5.24919,$4.86125,$5.03241,23460.74,$118531.63,$5.05
2011-10-02,$5.03241,$5.1,$4.91,$5.02701,10457.31,$52128.13,$4.98
2011-10-03,$5.02701,$5.0399,$4.88889,$5.02401,17289.25,$85880.89,$4.97
2011-10-04,$5.02401,$5.025,$4.9193,$4.96,15793.44,$78377.78,$4.96
2011-10-05,$4.96,$5.025,$4.8312,$4.87,17586.46,$86107.56,$4.9
2011-10-06,$4.87002,$4.9,$4.4989,$4.73443,54773.49,$256723.57,$4.69
2011-10-07,$4.74688,$4.7958,$3.7819,$4.2728,97547.35,$418394.5,$4.29
2011-10-08,$4.30281,$4.3399,$3.825,$4.00753,39611.94,$159656.31,$4.03
2011-10-09,$4.00757,$4.389,$4.00757,$4.10288,37920.06,$158762.15,$4.19
2011-10-10,$4.1,$4.2,$4.0104,$4.1,16858.24,$69188.53,$4.1
2011-10-11,$4.06084,$4.10001,$3.84962,$3.9308,41104.08,$162268.54,$3.95
2011-10-12,$3.92982,$4.45,$3.901,$4.15,69399.53,$282490.41,$4.07
2011-10-13,$4.16,$4.2,$4.002,$4.04615,19706.17,$80377.3,$4.08
2011-10-14,$4.05644,$4.11455,$3.9481,$3.98791,20054.55,$80464.14,$4.01
2011-10-15,$3.9873,$4.05,$3.70888,$3.84214,42092.42,$163851.32,$3.89
2011-10-16,$3.84214,$3.8975,$3.4,$3.55701,36200.88,$131714.03,$3.64
2011-10-17,$3.55711,$3.74,$2.26,$2.55998,207426.66,$591902.27,$2.85
2011-10-18,$2.54127,$2.9,$2.31,$2.41901,87859.09,$229826.44,$2.62
2011-10-19,$2.41901,$2.536,$2.0401,$2.27,101864.85,$232324.75,$2.28
2011-10-20,$2.25031,$2.39082,$2.22,$2.34801,48859.48,$113046.14,$2.31
2011-10-21,$2.35,$2.72002,$2.32699,$2.57,72971.11,$185287.39,$2.54
2011-10-22,$2.57562,$3.3,$2.5515,$3.1588,120163.91,$361119.44,$3.01
2011-10-23,$3.12002,$3.2,$2.95,$3.17,37044.29,$114141.14,$3.08
2011-10-24,$3.127,$3.1948,$2.481,$2.545,92232.43,$258830.28,$2.81
2011-10-25,$2.523,$3.04,$2.44034,$2.77,101412.11,$278159.07,$2.74
2011-10-26,$2.77,$2.8485,$2.6502,$2.77302,29400.74,$80877.1,$2.75
2011-10-27,$2.773,$3.09,$2.7311,$3.04001,58696.1,$171312.37,$2.92
2011-10-28,$3.04001,$3.255,$2.90501,$3.18999,52365.19,$162799.02,$3.11
2011-10-29,$3.18431,$3.82717,$3.14,$3.58113,79542.9,$281957.99,$3.54
2011-10-30,$3.58103,$3.65026,$3.2,$3.27,50686.73,$171427.93,$3.38
2011-10-31,$3.275,$3.31589,$3.066,$3.24801,30980.52,$98715.6,$3.19
2011-11-01,$3.25617,$3.35,$3.07001,$3.15,37893.47,$120727.9,$3.19
2011-11-02,$3.15009,$3.44,$3.141,$3.25429,32311.05,$104522.19,$3.23
2011-11-03,$3.2524,$3.28,$3.1,$3.152,24520.65,$78756.92,$3.21
2011-11-04,$3.1696,$3.21,$3.01111,$3.109,39513.13,$123573.79,$3.13
2011-11-05,$3.109,$3.14999,$2.85,$2.97002,52964.48,$159571.85,$3.01
2011-11-06,$2.97002,$2.9999,$2.92,$2.95959,17232.27,$51037.09,$2.96
2011-11-07,$2.95913,$3.03248,$2.95,$3.00677,23992.23,$71961.1,$3
2011-11-08,$3.00677,$3.21,$3.00579,$3.03501,60336.67,$186440.21,$3.09
2011-11-09,$3.071,$3.11,$2.88655,$2.95001,52195.11,$156655.47,$3
2011-11-10,$2.95001,$2.969,$2.80011,$2.83993,33928.76,$97395.49,$2.87
2011-11-11,$2.8401,$3.10998,$2.823,$3.08001,44853.17,$133312.05,$2.97
2011-11-12,$3.08001,$3.11,$3.01,$3.03099,20383.26,$62326.05,$3.06
2011-11-13,$3.03097,$3.04998,$2.951,$2.99686,9625,$28888.03,$3
2011-11-14,$2.99573,$2.99573,$2.09995,$2.22,382186.83,$957693.93,$2.51
2011-11-15,$2.2199,$2.49,$2.11,$2.32896,76420.88,$175520.98,$2.3
2011-11-16,$2.33,$2.60031,$2.301,$2.56035,44208.85,$108654.69,$2.46
2011-11-17,$2.56,$2.58852,$1.994,$2.25,117276.75,$261039.94,$2.23
2011-11-18,$2.25938,$2.38998,$2,$2.04999,98135.59,$210125.46,$2.14
2011-11-19,$2.05069,$2.26,$1.99998,$2.19585,78301.16,$169806.11,$2.17
2011-11-20,$2.1994,$2.499,$2.15,$2.2,79731.04,$182015.99,$2.28
2011-11-21,$2.2,$2.31125,$2.17,$2.294,41727.08,$93197.44,$2.23
2011-11-22,$2.28797,$2.35,$2.25,$2.3289,34208.37,$78934.49,$2.31
2011-11-23,$2.32889,$2.38,$2.27,$2.33209,39998.19,$92955.46,$2.32
2011-11-24,$2.33209,$2.56,$2.30526,$2.4321,87264.6,$211558.58,$2.42
2011-11-25,$2.439,$2.52779,$2.374,$2.50612,44404.7,$109592.19,$2.47
2011-11-26,$2.46606,$2.53125,$2.41041,$2.47003,36118.53,$89621.87,$2.48
2011-11-27,$2.4701,$2.49,$2.42331,$2.47991,22727.06,$55832.77,$2.46
2011-11-28,$2.47991,$2.55,$2.44,$2.55,41261.74,$103409.13,$2.51
2011-11-29,$2.54998,$2.981,$2.54028,$2.75019,180531.08,$503908.53,$2.79
2011-11-30,$2.75009,$3.09,$2.73225,$2.9701,120145.34,$349861.49,$2.91
2011-12-01,$2.99,$3.14,$2.92894,$3.06,63864.09,$195016.15,$3.05
2011-12-02,$3.058,$3.138,$3.03498,$3.1151,57494.9,$178018,$3.1
2011-12-03,$3.11228,$3.125,$2.75,$2.794,123022.09,$360981.81,$2.93
2011-12-04,$2.792,$2.89998,$2.61,$2.82809,95222.47,$261745.73,$2.75
2011-12-05,$2.82806,$2.93,$2.7807,$2.8798,30884.98,$88678.38,$2.87
2011-12-06,$2.88,$3.05,$2.8701,$3.03,55599.98,$165517.79,$2.98
2011-12-07,$3.027,$3.082,$2.93241,$2.99001,58122.19,$174201.54,$3
2011-12-08,$2.98996,$3.00634,$2.88421,$2.98,39933.69,$117824.45,$2.95
2011-12-09,$2.98,$3.039,$2.93471,$2.96999,34385.44,$102810.85,$2.99
2011-12-10,$2.96999,$3.1332,$2.93471,$3.05,74305.72,$225642.57,$3.04
2011-12-11,$3.06,$3.38,$2.99,$3.2511,108223.27,$346453.23,$3.2
2011-12-12,$3.25001,$3.2901,$3.08414,$3.135,39900,$126940.32,$3.18
2011-12-13,$3.17321,$3.25,$3.141,$3.2499,32658.54,$104930.82,$3.21
2011-12-14,$3.229,$3.24805,$2.99401,$3.15,72477.69,$225975.05,$3.12
2011-12-15,$3.13921,$3.21445,$3.11001,$3.2,30094.23,$95417.41,$3.17
2011-12-16,$3.1959,$3.22,$3.15,$3.2,29868.63,$95114.72,$3.18
2011-12-17,$3.2,$3.2299,$3.15526,$3.2001,16479.96,$52586.17,$3.19
2011-12-18,$3.18191,$3.2189,$3.1751,$3.193,10793.72,$34542.59,$3.2
2011-12-19,$3.193,$3.70036,$3.18933,$3.5202,139986.97,$476965.51,$3.41
2011-12-20,$3.5202,$4.5,$3.483,$3.95,186409.95,$739231.72,$3.97
2011-12-21,$3.92,$4.04,$3.81,$3.89,48793.69,$191659.23,$3.93
2011-12-22,$3.8753,$3.99199,$3.509,$3.8901,57206.32,$216558.95,$3.79
2011-12-23,$3.89009,$3.95,$3.815,$3.94678,20496.54,$80030.54,$3.9
2011-12-24,$3.94678,$3.969,$3.855,$3.94,14933.59,$58567.87,$3.92
2011-12-25,$3.94,$4.3897,$3.7807,$4.225,80800.44,$334511.38,$4.14
2011-12-26,$4.225,$4.31259,$3.81,$4.018,88825.75,$358539.93,$4.04
2011-12-27,$4.018,$4.0998,$3.962,$4.06997,30159.46,$121501.17,$4.03
2011-12-28,$4.07,$4.25,$3.99,$4.18552,33837.22,$140029.63,$4.14
2011-12-29,$4.2,$4.33,$4.116,$4.166,53069.29,$223710.01,$4.22
2011-12-30,$4.166,$4.3,$4.06334,$4.248,41068.6,$172118.96,$4.19
2011-12-31,$4.2481,$4.995,$4.2,$4.72202,129730.72,$596240.41,$4.6
2012-01-01,$4.70785,$5.4999,$4.615,$5.26766,108509.23,$553045.14,$5.1
2012-01-02,$5.26346,$5.47,$4.8,$5.21678,69150.93,$360357.28,$5.21
2012-01-03,$5.21588,$5.29,$4.65,$4.8808,125170.25,$619170.54,$4.95
2012-01-04,$4.8808,$5.7,$4.751,$5.57383,131170.86,$688717.86,$5.25
2012-01-05,$5.57402,$7.22,$5.57401,$6.9476,182328.19,$1130623.29,$6.2
2012-01-06,$6.94758,$7.21,$6.1261,$6.69693,218077.48,$1481327.88,$6.79
2012-01-07,$6.69683,$7.01556,$6.38,$6.81,48387.58,$325053.98,$6.72
2012-01-08,$6.7866,$7.2,$6.73357,$7.11358,57193.53,$403151.44,$7.05
2012-01-09,$7.08362,$7.191,$5.81,$6.3257,148406.85,$960592.31,$6.47
2012-01-10,$6.32687,$6.89,$6.001,$6.36,110210.25,$705056.48,$6.4
2012-01-11,$6.44904,$7.138,$6.41266,$6.9,99442.07,$677642.84,$6.81
2012-01-12,$6.9,$6.997,$6.337,$6.79999,140116.52,$944165.94,$6.74
2012-01-13,$6.78211,$6.804,$6.4,$6.41,60228.77,$398312.18,$6.61
2012-01-14,$6.42,$6.95039,$6.2201,$6.75001,141896.32,$935192.51,$6.59
2012-01-15,$6.74991,$7.08,$6.74115,$7.00177,62233.33,$429700.86,$6.9
2012-01-16,$7.00177,$7.18888,$6.511,$6.68254,122666.57,$837413.61,$6.83
2012-01-17,$6.67479,$6.95,$4.64,$5.59998,213409.8,$1288538.97,$6.04
2012-01-18,$5.5503,$6.95,$5.09999,$5.92,226680.97,$1354753.44,$5.98
2012-01-19,$5.91998,$6.36077,$5.87284,$6.35979,114820.45,$709705.27,$6.18
2012-01-20,$6.352,$6.58,$6.258,$6.48979,66786.48,$429803.56,$6.44
2012-01-21,$6.4979,$6.548,$6.1,$6.18,64761.69,$407116.4,$6.29
2012-01-22,$6.18409,$6.45485,$6.1,$6.3097,44890.65,$282233.76,$6.29
2012-01-23,$6.3096,$6.389,$6.212,$6.356,17693.05,$111630.55,$6.31
2012-01-24,$6.356,$6.39397,$6.219,$6.28978,35663.08,$224665.59,$6.3
2012-01-25,$6.28958,$6.322,$5.502,$5.75,133115.25,$782053.65,$5.88
2012-01-26,$5.8,$5.92,$5.3,$5.34,123954.11,$692624.73,$5.59
2012-01-27,$5.34999,$5.51,$5.05,$5.29199,115567.83,$611581.18,$5.29
2012-01-28,$5.29199,$5.76,$5.26,$5.62667,89708.02,$499881.49,$5.57
2012-01-29,$5.62572,$5.69999,$5.32766,$5.3809,46430.45,$254457.17,$5.48
2012-01-30,$5.38,$5.6,$5.36694,$5.49048,42303.14,$233179.7,$5.51
2012-01-31,$5.49096,$5.65,$5.426,$5.48379,48296.66,$267099.31,$5.53
2012-02-01,$5.53423,$6.2,$5.4678,$6.07561,115523.96,$672632.58,$5.82
2012-02-02,$6.0687,$6.199,$5.823,$6.1,54546.27,$328716.58,$6.03
2012-02-03,$6.1,$6.1401,$5.71872,$5.9593,59279.85,$350818.69,$5.92
2012-02-04,$5.96,$5.987,$5.84,$5.87343,20619.6,$122071.46,$5.92
2012-02-05,$5.87352,$5.8848,$5.45,$5.68881,120336.02,$683010.86,$5.68
2012-02-06,$5.659,$5.72,$5.45,$5.45345,90258.84,$500693.58,$5.55
2012-02-07,$5.48299,$5.78,$5.45,$5.69,72748.36,$408854.24,$5.62
2012-02-08,$5.69,$5.8494,$5.3,$5.59998,237943.12,$1342007.99,$5.64
2012-02-09,$5.59998,$5.91502,$5.5,$5.83,89946.12,$516915.55,$5.75
2012-02-10,$5.83,$5.985,$5.80119,$5.9126,39304.91,$230967.96,$5.88
2012-02-11,$5.90665,$6,$5.541,$5.6005,69711.29,$397688.29,$5.7
2012-02-12,$5.63,$5.85,$5.43,$5.51468,81917.16,$459004.75,$5.6
2012-02-13,$5.51468,$5.72,$5.2,$5.26,170210.59,$909500.32,$5.34
2012-02-14,$5.26,$5.45126,$4.21211,$4.46292,297572.02,$1399443.95,$4.7
2012-02-15,$4.46302,$4.88,$4.2001,$4.3251,161800.56,$741639.35,$4.58
2012-02-16,$4.3052,$4.444,$3.878,$4.2739,166594.52,$697818.37,$4.19
2012-02-17,$4.24185,$4.76998,$4.2281,$4.41,135949.41,$606244.08,$4.46
2012-02-18,$4.39175,$4.49675,$4.12,$4.22201,70406.17,$300903.53,$4.27
2012-02-19,$4.22201,$4.52,$4.181,$4.38669,62365.41,$271300.43,$4.35
2012-02-20,$4.36102,$4.47,$4.29017,$4.36146,37299.13,$162939.76,$4.37
2012-02-21,$4.37896,$4.3975,$4.212,$4.272,51784.83,$222970.81,$4.31
2012-02-22,$4.272,$4.54,$4.27102,$4.42474,103836.79,$460671.29,$4.44
2012-02-23,$4.455,$5.19778,$4.42,$5.015,164308.47,$792557.08,$4.82
2012-02-24,$5.01499,$5.1,$4.825,$5.0288,89828.05,$446896.98,$4.98
2012-02-25,$5.02879,$5.07,$4.65,$4.77302,86163.6,$420213.07,$4.88
2012-02-26,$4.77303,$5.1,$4.77303,$4.922,70034.61,$347092.76,$4.96
2012-02-27,$4.922,$4.99,$4.89,$4.95598,29371.64,$145288.76,$4.95
2012-02-28,$4.95,$5,$4.735,$4.86798,62691.08,$305075.07,$4.87
2012-02-29,$4.86798,$4.9,$4.8,$4.86001,26539.25,$129089.93,$4.86
2012-03-01,$4.86,$4.98888,$4.86,$4.9213,44183.64,$218150.92,$4.94
2012-03-02,$4.9213,$4.95,$4.51,$4.70499,130764.74,$613272.66,$4.69
2012-03-03,$4.705,$4.77995,$4.51,$4.61436,40075.06,$187646.64,$4.68
2012-03-04,$4.61439,$4.94999,$4.612,$4.82001,58826.16,$283142.41,$4.81
2012-03-05,$4.82003,$5.05,$4.82001,$4.98427,65828.18,$325526.7,$4.95
2012-03-06,$4.9888,$5.07,$4.9,$4.9901,44532.27,$221579.34,$4.98
2012-03-07,$4.9901,$5.05,$4.84,$4.93752,46167.56,$227645.86,$4.93
2012-03-08,$4.93752,$5,$4.7551,$4.93016,58089.4,$283093.81,$4.87
2012-03-09,$4.93044,$4.949,$4.821,$4.86112,32723.03,$160227.85,$4.9
2012-03-10,$4.86113,$4.91309,$4.753,$4.83315,28070.74,$135426.18,$4.82
2012-03-11,$4.83316,$4.99,$4.8111,$4.91,42442.93,$208576.68,$4.91
2012-03-12,$4.90891,$4.95,$4.8561,$4.89005,22048.15,$108198.98,$4.91
2012-03-13,$4.89006,$5.41,$4.86511,$5.27,127325.05,$656673.85,$5.16
2012-03-14,$5.27185,$5.45,$5.25173,$5.38,62889.72,$337721.85,$5.37
2012-03-15,$5.39298,$5.445,$5.25501,$5.32656,41077.61,$219063.81,$5.33
2012-03-16,$5.3479,$5.4,$5.3,$5.34388,32718.79,$174983.16,$5.35
2012-03-17,$5.34388,$5.3998,$5.21212,$5.2159,39100.23,$207915.56,$5.32
2012-03-18,$5.216,$5.34,$5.211,$5.27943,22857.01,$120310.25,$5.26
2012-03-19,$5.2553,$5.3099,$4.5,$4.6939,188889.07,$922722.01,$4.88
2012-03-20,$4.67216,$4.89999,$4.58778,$4.8379,66343.85,$318065.31,$4.79
2012-03-21,$4.83692,$4.87,$4.75,$4.81488,46436.88,$223605.57,$4.82
2012-03-22,$4.79439,$4.88,$4.59768,$4.7043,58069.92,$276226.9,$4.76
2012-03-23,$4.73593,$4.79,$4.6,$4.68596,54129.94,$254329.72,$4.7
2012-03-24,$4.68607,$4.72899,$4.59595,$4.676,39068.59,$181738.16,$4.65
2012-03-25,$4.676,$4.68294,$4.3,$4.55001,71556.26,$322035.23,$4.5
2012-03-26,$4.55001,$4.73793,$4.51588,$4.61911,69838.07,$324896.28,$4.65
2012-03-27,$4.625,$4.84592,$4.49,$4.81125,73431.76,$342922.08,$4.67
2012-03-28,$4.824,$4.8365,$4.72102,$4.788,38017.12,$182050.5,$4.79
2012-03-29,$4.76102,$4.86092,$4.71001,$4.80838,37974.76,$180963.57,$4.77
2012-03-30,$4.8084,$4.88,$4.71699,$4.86,39071.84,$187496.45,$4.8
2012-03-31,$4.848,$4.95,$4.82011,$4.90873,35529.09,$173670.93,$4.89
2012-04-01,$4.88002,$4.92,$4.73,$4.827,35950.6,$172377.67,$4.79
2012-04-02,$4.78207,$5.08,$4.76,$4.974,80663.98,$398480.61,$4.94
2012-04-03,$4.974,$4.99499,$4.81,$4.952,78481.21,$384710.33,$4.9
2012-04-04,$4.9496,$4.97,$4.89,$4.91008,51040.82,$251784.97,$4.93
2012-04-05,$4.92469,$4.93495,$4.87,$4.919,33807.18,$165880.2,$4.91
2012-04-06,$4.9189,$4.98,$4.88001,$4.94991,58211.45,$287735.13,$4.94
2012-04-07,$4.94991,$4.95002,$4.68715,$4.68715,80945.75,$388783.68,$4.8
2012-04-08,$4.68717,$4.8,$4.62,$4.79252,41972.77,$197917.32,$4.72
2012-04-09,$4.7899,$4.87899,$4.73155,$4.87191,39243.69,$187709.3,$4.78
2012-04-10,$4.87178,$4.9,$4.76391,$4.83668,53101.77,$256671.37,$4.83
2012-04-11,$4.83641,$4.98,$4.79111,$4.9279,67035.83,$327827.09,$4.89
2012-04-12,$4.9277,$4.946,$4.84272,$4.91968,46368.68,$226872.24,$4.89
2012-04-13,$4.89102,$4.94464,$4.73001,$4.93999,93111.86,$452385.87,$4.86
2012-04-14,$4.93989,$5.03,$4.90001,$4.9597,63887.71,$317996.1,$4.98
2012-04-15,$4.9597,$4.98,$4.86,$4.96892,33343.95,$163921.54,$4.92
2012-04-16,$4.969,$4.979,$4.90988,$4.93201,31159.52,$154236.34,$4.95
2012-04-17,$4.95914,$5.02207,$4.925,$4.97587,30645.71,$151983.96,$4.96
2012-04-18,$4.97587,$5.1782,$4.96,$5.1178,79130.2,$401659.4,$5.08
2012-04-19,$5.1176,$5.19,$5.1,$5.13766,46675.15,$240310.56,$5.15
2012-04-20,$5.13755,$5.48,$5.10103,$5.35,104068.95,$544263.48,$5.23
2012-04-21,$5.39771,$5.479,$5.11,$5.26008,60922.26,$321118.73,$5.27
2012-04-22,$5.26,$5.32498,$5.101,$5.20352,37109.4,$192195.87,$5.18
2012-04-23,$5.20406,$5.21799,$4.95999,$4.95999,49367.94,$252978.56,$5.12
2012-04-24,$4.95999,$5.2,$4.952,$5.09822,70989.7,$360126.6,$5.07
2012-04-25,$5.09998,$5.18,$5.03575,$5.13182,35642.73,$182736.86,$5.13
2012-04-26,$5.13183,$5.1749,$4.99,$5.09762,57360.76,$291333.8,$5.08
2012-04-27,$5.09762,$5.124,$5.0321,$5.10947,25868.39,$131461.84,$5.08
2012-04-28,$5.1,$5.10947,$4.84634,$4.9794,91591.47,$453939.59,$4.96
2012-04-29,$4.9789,$5.0184,$4.88,$4.90441,22226.6,$109717.97,$4.94
2012-04-30,$4.9138,$5,$4.87003,$4.9491,55767.57,$275744.99,$4.94
2012-05-01,$4.9491,$5,$4.91602,$5,36680.85,$181986.6,$4.96
2012-05-02,$5,$5.1789,$4.97,$5.07367,95963.31,$487937.82,$5.08
2012-05-03,$5.07359,$5.184,$5.02,$5.13438,35421.07,$180427.18,$5.09
2012-05-04,$5.10926,$5.15,$5.067,$5.067,43629.49,$223210.23,$5.12
2012-05-05,$5.06712,$5.1198,$5.02932,$5.077,18841.29,$95532.52,$5.07
2012-05-06,$5.07739,$5.099,$5.01378,$5.04991,19299.91,$97474.41,$5.05
2012-05-07,$5.05,$5.09569,$4.97111,$5.06002,46182.84,$232779.55,$5.04
2012-05-08,$5.08738,$5.1,$4.96,$5.04997,68203.82,$342801.15,$5.03
2012-05-09,$5.04988,$5.09609,$5,$5.0437,38921.3,$196640.97,$5.05
2012-05-10,$5.0597,$5.125,$4.80284,$4.85,69983.5,$347144.1,$4.96
2012-05-11,$4.85,$5,$4.801,$4.96,63129.79,$311100.91,$4.93
2012-05-12,$4.95001,$4.9988,$4.915,$4.94619,20875.34,$103382.07,$4.95
2012-05-13,$4.94976,$4.99888,$4.92,$4.92996,14046.31,$69673.16,$4.96
2012-05-14,$4.95089,$5.036,$4.9,$5.00594,52846.55,$263695.58,$4.99
2012-05-15,$5.02269,$5.04,$4.95123,$5.035,44144.38,$220957.66,$5.01
2012-05-16,$5.03824,$5.1345,$5,$5.0887,69369.57,$351814.07,$5.07
2012-05-17,$5.08879,$5.1,$5.0515,$5.0998,26622.33,$135248.36,$5.08
2012-05-18,$5.09979,$5.13,$5.0615,$5.11801,52580.56,$268289.56,$5.1
2012-05-19,$5.1245,$5.14291,$5.07,$5.0995,23155.3,$118319.57,$5.11
2012-05-20,$5.11817,$5.15,$5.0855,$5.09002,18690.61,$95644.05,$5.12
2012-05-21,$5.1,$5.12999,$5.0623,$5.09977,33623.96,$171340.69,$5.1
2012-05-22,$5.09966,$5.115,$5.04951,$5.09877,46681.9,$237263.34,$5.08
2012-05-23,$5.09857,$5.165,$5.06502,$5.1397,52958.35,$271619.69,$5.13
2012-05-24,$5.13959,$5.14889,$5.0701,$5.11904,28916.46,$148029.4,$5.12
2012-05-25,$5.11904,$5.15,$5.102,$5.14546,23075.73,$118398.28,$5.13
2012-05-26,$5.11561,$5.145,$5.10011,$5.10324,16592.65,$84985.05,$5.12
2012-05-27,$5.10302,$5.148,$5.10011,$5.13896,15751.21,$80709.32,$5.12
2012-05-28,$5.13,$5.16,$5.11,$5.1358,27560.81,$141508.49,$5.13
2012-05-29,$5.13999,$5.15889,$5.015,$5.14997,61267.06,$313167.67,$5.11
2012-05-30,$5.14997,$5.1725,$5.1,$5.135,39944.18,$205489.48,$5.14
2012-05-31,$5.135,$5.2,$5.1121,$5.18011,39476.52,$203750.19,$5.16
2012-06-01,$5.19957,$5.279,$5.18111,$5.27481,44689.12,$234080.46,$5.24
2012-06-02,$5.27481,$5.27488,$5.2133,$5.24898,15168.98,$79520.99,$5.24
2012-06-03,$5.24799,$5.2543,$5.2051,$5.2051,12679.13,$66238.34,$5.22
2012-06-04,$5.21999,$5.2785,$5.18001,$5.26599,51239.53,$268035.7,$5.23
2012-06-05,$5.26588,$5.5,$5.22354,$5.44001,83934.15,$452286,$5.39
2012-06-06,$5.44607,$5.49,$5.38945,$5.46001,40678.15,$221376.21,$5.44
2012-06-07,$5.46799,$5.59357,$5.41,$5.591,48065.8,$264420.4,$5.5
2012-06-08,$5.59087,$5.66,$5.5599,$5.633,53841.11,$302527.61,$5.62
2012-06-09,$5.6329,$5.69999,$5.46177,$5.55997,37122.48,$206719.45,$5.57
2012-06-10,$5.55997,$5.577,$5.4267,$5.46829,24397.29,$134034.65,$5.49
2012-06-11,$5.46829,$5.59997,$5.4324,$5.57471,40263.97,$221882.17,$5.51
2012-06-12,$5.595,$5.74999,$5.5,$5.70003,78982.6,$442662.49,$5.6
2012-06-13,$5.73,$5.96,$5.66,$5.929,57237.87,$335216.88,$5.86
2012-06-14,$5.9288,$5.97422,$5.808,$5.9541,35039.35,$206567.62,$5.9
2012-06-15,$5.95411,$6.587,$5.883,$6.5,65639.16,$401826.99,$6.12
2012-06-16,$6.5,$6.599,$6.261,$6.4,78196.08,$505216.48,$6.46
2012-06-17,$6.4487,$6.52999,$6.1027,$6.16382,48800.26,$308913.52,$6.33
2012-06-18,$6.2,$6.36,$6.03,$6.30998,46832.28,$293446.76,$6.27
2012-06-19,$6.30998,$6.53294,$6.281,$6.49876,43883.52,$282752.04,$6.44
2012-06-20,$6.49876,$6.71031,$6.45,$6.67,64069.27,$423271.21,$6.61
2012-06-21,$6.67001,$6.8,$6.561,$6.68008,51943.25,$347681.68,$6.69
2012-06-22,$6.68009,$6.79962,$6.42771,$6.54781,56823.03,$374175.12,$6.58
2012-06-23,$6.54783,$6.65062,$6.4,$6.4285,20122.22,$130792.6,$6.5
2012-06-24,$6.4285,$6.47,$6.35,$6.35002,33945.3,$217549.23,$6.41
2012-06-25,$6.35002,$6.4455,$6.21748,$6.30482,62638.91,$395654.82,$6.32
2012-06-26,$6.32969,$6.47,$6.28888,$6.4195,48736.67,$311935.52,$6.4
2012-06-27,$6.45887,$6.65,$6.4,$6.647,41979.59,$274046.64,$6.53
2012-06-28,$6.6469,$6.66897,$6.49,$6.60588,42818.4,$282297.48,$6.59
2012-06-29,$6.6059,$6.67921,$6.542,$6.65,26298.8,$174369.86,$6.63
2012-06-30,$6.65,$6.694,$6.60201,$6.68999,20591.63,$137136.1,$6.66
2012-07-01,$6.68998,$6.69399,$6.5351,$6.62898,20577.6,$135823.9,$6.6
2012-07-02,$6.6001,$6.765,$6.5778,$6.75999,32364.2,$217005.56,$6.71
2012-07-03,$6.75998,$6.76,$6.4,$6.44993,71068.52,$465280.45,$6.55
2012-07-04,$6.44994,$6.55,$6.44991,$6.5101,33478.79,$217804.23,$6.51
2012-07-05,$6.51,$6.77,$6.48101,$6.67,45344.7,$301701.76,$6.65
2012-07-06,$6.67,$6.72,$6.55,$6.64811,43191.39,$286978.88,$6.64
2012-07-07,$6.69997,$6.87,$6.63,$6.76207,37987.95,$257213.27,$6.77
2012-07-08,$6.76207,$6.86,$6.7235,$6.79898,18219.93,$123756.04,$6.79
2012-07-09,$6.7915,$7.1,$6.74257,$7.0215,61644.1,$425223.11,$6.9
2012-07-10,$7.0215,$7.25,$6.96,$7.1999,70065.8,$497668.82,$7.1
2012-07-11,$7.1997,$7.257,$7.01777,$7.15,41891.36,$297644.88,$7.11
2012-07-12,$7.17,$7.9,$7.1,$7.76437,64616.6,$471834.37,$7.3
2012-07-13,$7.68749,$7.81639,$7.4201,$7.6651,65465.74,$499441.51,$7.63
2012-07-14,$7.60011,$7.665,$7.51563,$7.5421,16007.1,$121635.99,$7.6
2012-07-15,$7.54211,$7.7,$7.45,$7.62101,26978.3,$204616.5,$7.58
2012-07-16,$7.62277,$8.65,$7.6178,$8.4996,103400.11,$835550.27,$8.08
2012-07-17,$8.5,$9.49,$7.3215,$8.80001,210804.47,$1757815.81,$8.34
2012-07-18,$8.80002,$9.39899,$8.5,$9.10977,105945.9,$955210.08,$9.02
2012-07-19,$9.10977,$9.23355,$8.8183,$8.86999,48249.66,$438703.58,$9.09
2012-07-20,$8.86998,$8.86998,$7.6,$8.52,154661.12,$1267523.74,$8.2
2012-07-21,$8.52001,$9.7,$7.96,$8.84553,139906.9,$1242153.88,$8.88
2012-07-22,$8.85841,$8.97,$8.2712,$8.4096,30070.67,$259113.81,$8.62
2012-07-23,$8.4321,$9.2,$7.75,$8.44565,146396.18,$1238579.49,$8.46
2012-07-24,$8.4456,$8.8499,$8.34,$8.6,40946.86,$353506.54,$8.63
2012-07-25,$8.549,$8.9,$8.3688,$8.8,64720.95,$555883.85,$8.59
2012-07-26,$8.8,$8.901,$8.6,$8.9,32379.65,$283993.34,$8.77
2012-07-27,$8.9,$8.95,$8.81415,$8.9,26673.61,$237223.99,$8.89
2012-07-28,$8.9,$8.93,$8.71,$8.8881,16164.58,$143179.47,$8.86
2012-07-29,$8.88809,$8.8881,$8.7,$8.71027,11462.59,$100508.03,$8.77
2012-07-30,$8.71027,$9.15,$8.7,$9.098,51254.5,$458873.3,$8.95
2012-07-31,$9.07881,$9.44,$9.07881,$9.35,70173.63,$648746.34,$9.24
2012-08-01,$9.35,$9.65,$9.111,$9.5503,68695.7,$647522.58,$9.43
2012-08-02,$9.55439,$11,$9.412,$10.53,126685.69,$1283817.64,$10.13
2012-08-03,$10.62468,$11.12,$10.3,$10.97,61643.28,$661588.16,$10.73
2012-08-04,$10.9797,$11.3,$10.5307,$10.98398,52321.31,$575464.3,$11
2012-08-05,$10.98398,$11.29112,$10.10986,$10.86998,67280.25,$714863.7,$10.63
2012-08-06,$10.86987,$11.19,$10.63539,$10.85517,51637.91,$562801.91,$10.9
2012-08-07,$10.91,$11.10002,$10.651,$11.1,41653.59,$451978.45,$10.85
2012-08-08,$11.10001,$11.14999,$10.85,$11.0553,31322.91,$345666.89,$11.04
2012-08-09,$11.0987,$12,$10.8,$11.0611,101880.31,$1153809.11,$11.33
2012-08-10,$11.06111,$11.6,$11.01,$11.38637,63597.01,$725605.06,$11.41
2012-08-11,$11.4699,$11.59788,$11.38751,$11.5102,21791.03,$250620.15,$11.5
2012-08-12,$11.5102,$11.765,$11.45,$11.62399,30340.95,$353092.67,$11.64
2012-08-13,$11.6239,$12.05007,$11.4919,$12.03749,54035.66,$637059.69,$11.79
2012-08-14,$12.03749,$12.34,$11.89499,$12.19,44014.86,$532302.32,$12.09
2012-08-15,$12.19,$13.25,$12.16138,$13.25,57562.75,$725834.14,$12.61
2012-08-16,$13.24999,$13.84119,$12.5,$13.5,96604.12,$1277714.19,$13.23
2012-08-17,$13.44,$15.4,$10.6,$11.5836,221033.9,$2930580.33,$13.26
2012-08-18,$11.80915,$12.89592,$11.02009,$11.61,88047.77,$1045361.51,$11.87
2012-08-19,$11.57935,$11.61538,$7.58,$8,238860.32,$2170411.03,$9.09
2012-08-20,$7.99999,$10.5,$7.81011,$10.1,192502.76,$1835053.01,$9.53
2012-08-21,$10.061,$10.29999,$9.69876,$9.91502,72082.69,$722740.27,$10.03
2012-08-22,$9.91503,$10.09999,$9.5714,$9.80679,67513.56,$665544.84,$9.86
2012-08-23,$9.72,$10.25,$9.705,$10.09997,56015.67,$560012.6,$10
2012-08-24,$10.09996,$10.6188,$9.852,$10.6,92077.75,$945182.94,$10.27
2012-08-25,$10.6,$10.62611,$10.2,$10.5239,40232.49,$420388.01,$10.45
2012-08-26,$10.6,$10.61913,$10.446,$10.61,26331.03,$277773.75,$10.55
2012-08-27,$10.59,$12.14999,$10.54441,$10.95,175117.56,$1957673.34,$11.18
2012-08-28,$10.96,$11.20999,$10.5,$10.94,54875.36,$598168.05,$10.9
2012-08-29,$10.93,$11.134,$10.55,$10.9169,53647.72,$581687.69,$10.84
2012-08-30,$10.80405,$10.93199,$10.6,$10.77699,30868.5,$332208.84,$10.76
2012-08-31,$10.77699,$10.8285,$9.66,$10.16,67791.34,$690452.97,$10.18
2012-09-01,$10.15,$10.3,$9.77635,$9.96544,23376.24,$233777.63,$10
2012-09-02,$10,$10.35579,$9.71922,$10.2041,25055.74,$251932.43,$10.05
2012-09-03,$10.21,$10.5934,$10.08889,$10.53,22925.32,$237264.68,$10.35
2012-09-04,$10.53,$10.53,$10.15,$10.38471,34878.49,$359404.18,$10.3
2012-09-05,$10.38471,$11.17,$10.261,$10.99971,60767.24,$653374.16,$10.75
2012-09-06,$11,$11.29,$10.64,$11.181,67054.06,$733288.22,$10.94
2012-09-07,$11.19686,$11.21,$10.9544,$11,35535.72,$394463.57,$11.1
2012-09-08,$11.09792,$11.14177,$10.765,$11.037,24253.64,$266231.48,$10.98
2012-09-09,$11.05,$11.14288,$10.92452,$11.02,14033.42,$155002.6,$11.05
2012-09-10,$11.02,$11.192,$10.8745,$11.17,42288.41,$467067.67,$11.04
2012-09-11,$11.1511,$11.35,$10.878,$11.33081,64954.44,$721708.44,$11.11
2012-09-12,$11.33081,$11.39,$10.78,$11.36489,58628,$657004.1,$11.21
2012-09-13,$11.22854,$11.399,$11.2201,$11.399,20574.32,$233401.71,$11.34
2012-09-14,$11.399,$11.799,$11.32103,$11.67,43259.7,$500768.38,$11.58
2012-09-15,$11.74999,$11.789,$11.6,$11.75,16272.52,$190511.93,$11.71
2012-09-16,$11.75,$11.99,$11.722,$11.87,30297.22,$359833.88,$11.88
2012-09-17,$11.87,$11.9625,$11.7655,$11.89,26612.48,$316662.26,$11.9
2012-09-18,$11.9325,$12.3456,$11.8402,$12.25,40949.28,$494030.03,$12.06
2012-09-19,$12.2345,$12.68666,$12.1501,$12.5725,41883,$519593.55,$12.41
2012-09-20,$12.572,$12.66,$12.25,$12.28253,32567.34,$406467.47,$12.48
2012-09-21,$12.3998,$12.49998,$12.011,$12.368,35834.78,$439674.22,$12.27
2012-09-22,$12.27319,$12.39999,$12.14,$12.23781,14986.56,$183186.34,$12.22
2012-09-23,$12.23781,$12.27,$11.6304,$12.19331,39920.72,$479223.21,$12
2012-09-24,$12.151,$12.29888,$11.95105,$12.1,27291.83,$330885.09,$12.12
2012-09-25,$12.1,$12.22909,$12.008,$12.197,21228.61,$257174.51,$12.11
2012-09-26,$12.196,$12.46,$12.02,$12.27,23495.18,$287416.94,$12.23
2012-09-27,$12.37,$12.395,$12.207,$12.30889,19326.69,$238051.35,$12.32
2012-09-28,$12.27,$12.44998,$12.12,$12.39101,26674.78,$329436.52,$12.35
2012-09-29,$12.44,$12.49,$12.21111,$12.36309,17061.66,$211507.34,$12.4
2012-09-30,$12.363,$12.44889,$12.301,$12.4,7793.91,$96462.09,$12.38
2012-10-01,$12.35,$12.481,$12.321,$12.4,24826.69,$307618.78,$12.39
2012-10-02,$12.4299,$12.88,$12.3435,$12.84,50833.35,$642027.91,$12.63
2012-10-03,$12.84,$12.99,$12.68001,$12.89,32955.07,$422995.61,$12.84
2012-10-04,$12.88351,$13.0899,$12.6,$12.85,37945.15,$488811.23,$12.88
2012-10-05,$12.8001,$12.97,$12.51,$12.688,31258.44,$398427.1,$12.75
2012-10-06,$12.78998,$12.85999,$12.35,$12.505,24673.41,$310513.02,$12.58
2012-10-07,$12.505,$12.6185,$11.7,$11.80001,63512.03,$762812.96,$12.01
2012-10-08,$11.89901,$11.95198,$10.621,$11.77809,97938.4,$1102329.22,$11.26
2012-10-09,$11.7381,$12.35,$11.5711,$11.895,46768.8,$559694.91,$11.97
2012-10-10,$11.895,$12.19,$11.767,$12.12,27722.07,$333351.59,$12.02
2012-10-11,$12.13,$12.151,$11.85788,$12.03,19831.64,$238483.07,$12.03
2012-10-12,$12.11751,$12.15,$11.92,$12,21538.03,$259522.53,$12.05
2012-10-13,$12,$12.11,$11.85,$11.86101,11861.68,$141870.31,$11.96
2012-10-14,$11.86101,$12.03,$11.496,$11.7389,22891.1,$271135.83,$11.84
2012-10-15,$11.57621,$11.98863,$11.43,$11.83807,27101.72,$317633.19,$11.72
2012-10-16,$11.83807,$11.99,$11.5,$11.8499,41184.66,$485720.72,$11.79
2012-10-17,$11.82461,$11.95998,$11.7,$11.81,23553.36,$279774.85,$11.88
2012-10-18,$11.81,$11.9599,$11.75,$11.93977,21880.84,$259855.62,$11.88
2012-10-19,$11.9349,$11.967,$11.619,$11.74012,23177.45,$272640.88,$11.76
2012-10-20,$11.74013,$11.85,$11.56025,$11.73991,22110.92,$259113.16,$11.72
2012-10-21,$11.73991,$11.76528,$11.61,$11.63107,9375.52,$109479.89,$11.68
2012-10-22,$11.63108,$11.81,$11.4711,$11.71012,37622.03,$440140.37,$11.7
2012-10-23,$11.71014,$12,$11.41,$11.65,54344.49,$637306,$11.73
2012-10-24,$11.65001,$11.79,$11.591,$11.64999,21764.66,$254132.03,$11.68
2012-10-25,$11.64999,$11.6989,$10.52,$10.86158,84704.86,$934190.95,$11.03
2012-10-26,$10.85369,$10.95,$9.74,$10.17061,98994.7,$1020616.67,$10.31
2012-10-27,$10.17065,$10.83883,$9.82207,$10.26051,47869.83,$496747.54,$10.38
2012-10-28,$10.2603,$10.95,$10.24998,$10.69998,22389.59,$236640.5,$10.57
2012-10-29,$10.69998,$10.93979,$10.3209,$10.59999,37574.81,$400173.5,$10.65
2012-10-30,$10.59,$10.89,$10.58,$10.88753,26023.32,$279843.08,$10.75
2012-10-31,$10.881,$11.21,$10.70543,$11.201,40673.45,$448359.79,$11.02
2012-11-01,$11.17963,$11.279,$10.4,$10.57,50362.1,$550327.49,$10.93
2012-11-02,$10.57,$10.8,$10.33,$10.46877,24485.26,$258957.79,$10.58
2012-11-03,$10.46876,$10.65,$10.4,$10.6425,16732.94,$176345.08,$10.54
2012-11-04,$10.6425,$10.9,$10.51002,$10.80011,16750.34,$178761.66,$10.67
2012-11-05,$10.80011,$10.88,$10.61,$10.748,21776.74,$233650.36,$10.73
2012-11-06,$10.748,$10.9,$10.6667,$10.89899,26995.3,$291515.94,$10.8
2012-11-07,$10.89898,$11.21603,$10.8,$10.92,31733.85,$348474.7,$10.98
2012-11-08,$10.92011,$11.07,$10.75,$10.925,26058.85,$284556.11,$10.92
2012-11-09,$10.925,$10.98497,$10.79,$10.815,14727.12,$159984.85,$10.86
2012-11-10,$10.815,$10.95899,$10.75,$10.88999,13490.45,$146349.26,$10.85
2012-11-11,$10.88999,$10.939,$10.7,$10.8687,12625.48,$136448.09,$10.81
2012-11-12,$10.84001,$11.18,$10.76666,$11.00801,39217.17,$431080.47,$10.99
2012-11-13,$11.00801,$11.129,$10.9215,$10.9512,16757.51,$184368.79,$11
2012-11-14,$11,$11.05,$10.82011,$10.95,24543.09,$268636.84,$10.95
2012-11-15,$10.98748,$11.3,$10.86,$11.19771,31901.17,$353356.16,$11.08
2012-11-16,$11.20192,$11.8,$11.17214,$11.74889,58253.16,$669422.19,$11.49
2012-11-17,$11.74879,$11.8,$11.52,$11.78889,19105.45,$223039.47,$11.67
2012-11-18,$11.78879,$11.832,$11.616,$11.65152,15514.15,$181716.98,$11.71
2012-11-19,$11.66468,$11.84,$11.6,$11.7999,25197.92,$295260.75,$11.72
2012-11-20,$11.69276,$11.799,$11.57297,$11.73281,27220.18,$318291.25,$11.69
2012-11-21,$11.7,$11.784,$11.6435,$11.76999,19227.8,$225308.73,$11.72
2012-11-22,$11.74978,$12.43,$11.67,$12.42191,58301.3,$703582.88,$12.07
2012-11-23,$12.36969,$12.40999,$12.132,$12.34501,18967.9,$233370.93,$12.3
2012-11-24,$12.38548,$12.4756,$12.25,$12.41153,19570.39,$242058.59,$12.37
2012-11-25,$12.41153,$12.6,$12.3125,$12.4821,24023.69,$299989.4,$12.49
2012-11-26,$12.48211,$12.6515,$11.89,$12.24546,35913.82,$443753.07,$12.36
2012-11-27,$12.24546,$12.339,$11.9,$12.2,33194.69,$401692.08,$12.1
2012-11-28,$12.2,$12.40712,$12.1,$12.34769,30688.21,$376900.98,$12.28
2012-11-29,$12.34768,$12.599,$12.15,$12.45,26505.34,$329552.64,$12.43
2012-11-30,$12.539,$12.65,$12.42423,$12.565,24350.31,$305812.61,$12.56
2012-12-01,$12.565,$12.68778,$12.4625,$12.56201,14696.42,$184860.98,$12.58
2012-12-02,$12.57216,$12.68,$12.434,$12.50004,14011.93,$176013.47,$12.56
2012-12-03,$12.50202,$12.67901,$12.4755,$12.67899,26759.6,$336294.7,$12.57
2012-12-04,$12.65004,$13.5,$12.62,$13.41,63245.72,$823838.19,$13.03
2012-12-05,$13.4,$13.42025,$13.15,$13.38,29794.93,$395716.07,$13.28
2012-12-06,$13.30001,$13.6888,$12.9,$13.29899,46562.54,$623136.59,$13.38
2012-12-07,$13.29899,$13.549,$12.975,$13.4999,32799.57,$437726.61,$13.35
2012-12-08,$13.4998,$13.55,$13.3545,$13.42007,13171.51,$177338.38,$13.46
2012-12-09,$13.42007,$13.53,$13.021,$13.388,28166.62,$372655.91,$13.23
2012-12-10,$13.388,$13.55,$13.26911,$13.43335,24664.9,$331115.25,$13.42
2012-12-11,$13.5,$13.67,$13.3,$13.55703,28045.88,$378671.69,$13.5
2012-12-12,$13.67,$13.79989,$13.3,$13.6989,37679.23,$512418.01,$13.6
2012-12-13,$13.699,$13.8,$13.46777,$13.7001,24197.68,$331480.86,$13.7
2012-12-14,$13.70635,$13.90119,$13,$13.60004,70143.98,$951046.01,$13.56
2012-12-15,$13.60005,$13.64,$13.44216,$13.49011,15187.66,$205671.39,$13.54
2012-12-16,$13.49012,$13.66548,$13.13111,$13.30002,42760.55,$570895.78,$13.35
2012-12-17,$13.3,$13.485,$12.74919,$13.25005,63631.25,$839092.63,$13.19
2012-12-18,$13.25005,$13.39807,$13.11,$13.29899,23220.51,$307326.85,$13.24
2012-12-19,$13.29899,$13.601,$13.2,$13.599,38807.1,$520163.02,$13.4
2012-12-20,$13.595,$13.72,$13.32591,$13.52463,32980.36,$446364.01,$13.53
2012-12-21,$13.57999,$13.6,$13.41999,$13.49998,25330.45,$342557.95,$13.52
2012-12-22,$13.5,$13.58996,$13.3213,$13.37136,14783.4,$198463.8,$13.42
2012-12-23,$13.47221,$13.47222,$13.01,$13.31202,23978.22,$316965.89,$13.22
2012-12-24,$13.3718,$13.45,$13.2105,$13.38001,16692.15,$223315.17,$13.38
2012-12-25,$13.4198,$13.43,$13.14,$13.35001,13165.69,$175265.29,$13.31
2012-12-26,$13.35001,$13.46997,$13.20001,$13.46786,15840.13,$211349.14,$13.34
2012-12-27,$13.46332,$13.47,$13.25,$13.42174,19822.05,$265311.8,$13.38
2012-12-28,$13.43998,$13.6499,$13.34201,$13.42119,23813.01,$320223.37,$13.45
2012-12-29,$13.4999,$13.67,$13.27,$13.4,26149.14,$352722.29,$13.49
2012-12-30,$13.41197,$13.59,$13.35,$13.45001,11764.2,$158277.2,$13.45
2012-12-31,$13.39112,$13.561,$13.36634,$13.51001,15049.79,$202798.91,$13.48
2013-01-01,$13.51001,$13.56,$13.16123,$13.30413,28406.21,$378879.35,$13.34
2013-01-02,$13.35574,$13.4,$13.16382,$13.27999,17966.81,$239156.18,$13.31
2013-01-03,$13.28306,$13.464,$13.24897,$13.39786,18032.25,$240845.86,$13.36
2013-01-04,$13.4265,$13.52,$13.27311,$13.5,29641.92,$397884.35,$13.42
2013-01-05,$13.50001,$13.548,$13.314,$13.44,21329.93,$286932.51,$13.45
2013-01-06,$13.44884,$13.521,$13.356,$13.45395,12741.13,$171497.01,$13.46
2013-01-07,$13.51394,$13.59,$13.404,$13.58755,25477.72,$344083.33,$13.51
2013-01-08,$13.55376,$13.87998,$13.5,$13.74275,42798.37,$587223.86,$13.72
2013-01-09,$13.79904,$13.86225,$13.62,$13.77001,28606.38,$393192.24,$13.74
2013-01-10,$13.77001,$14.32,$13.77,$14.13999,51811.03,$727790.48,$14.05
2013-01-11,$14.13,$14.34999,$13.91001,$14.13701,40434.54,$570677.27,$14.11
2013-01-12,$14.25664,$14.338,$13.975,$14.23699,26931.84,$381546.96,$14.17
2013-01-13,$14.237,$14.3148,$13.94896,$14.11601,38330.15,$540759.58,$14.11
2013-01-14,$14.19,$14.35,$14.11,$14.30002,22096.95,$315016.66,$14.26
2013-01-15,$14.35,$14.47899,$13.99178,$14.25003,51573.23,$732428.4,$14.2
2013-01-16,$14.3,$14.73,$14.21001,$14.73,45532.49,$660929.7,$14.52
2013-01-17,$14.73,$15.69999,$14.63,$15.50001,65489.44,$993185.63,$15.17
2013-01-18,$15.59897,$15.985,$15.41,$15.70499,56097.55,$879655.99,$15.68
2013-01-19,$15.6843,$15.77272,$15.25,$15.615,34588.82,$534667.03,$15.46
2013-01-20,$15.615,$15.89,$15.51,$15.7,25982.13,$408455.8,$15.72
2013-01-21,$15.7,$16.98,$15.63412,$16.8,61502.1,$1007686.44,$16.38
2013-01-22,$16.8,$17.59,$16.65,$17.26142,60975.24,$1045898.98,$17.15
2013-01-23,$17.26142,$17.5855,$16.80155,$17.50004,49439.37,$851188.37,$17.22
2013-01-24,$17.52899,$19.18999,$15.6101,$16.89596,172009.1,$3053222.09,$17.75
2013-01-25,$16.76002,$17.797,$15.38613,$17.40001,80767.49,$1345890.12,$16.66
2013-01-26,$17.4511,$17.88,$16.54001,$17.88,34810.6,$597064.17,$17.15
2013-01-27,$17.81,$17.99999,$17.21,$17.81821,23766.82,$419571.12,$17.65
2013-01-28,$17.81821,$18.88,$17.75,$18.72101,57669.44,$1057611.3,$18.34
2013-01-29,$18.8,$19.8,$18.7,$19.52538,86082.08,$1650126.18,$19.17
2013-01-30,$19.53999,$19.7989,$19.14901,$19.70001,45064.83,$877863.5,$19.48
2013-01-31,$19.70001,$21.43,$19.51123,$20.41001,99226.7,$2042238.64,$20.58
2013-02-01,$20.50879,$21.13,$20.301,$20.49897,49917.48,$1034619.16,$20.73
2013-02-02,$20.3611,$20.5,$18,$19.63001,80501.65,$1567325.27,$19.47
2013-02-03,$19.7,$20.9,$19.42,$20.59,34244.3,$693849.61,$20.26
2013-02-04,$20.59999,$21.05,$19.85502,$20.43005,52219.14,$1066570.21,$20.42
2013-02-05,$20.43006,$20.79,$20.2,$20.60001,29212.44,$600949.67,$20.57
2013-02-06,$20.65999,$21.3339,$20.60001,$21.18,51989.6,$1096396.16,$21.09
2013-02-07,$21.11121,$22.21999,$20.77002,$22.15,64263.77,$1388465.81,$21.61
2013-02-08,$22.11001,$22.77219,$22,$22.66,48649.93,$1090678.48,$22.42
2013-02-09,$22.66,$23.98961,$22.57541,$23.65,38133.01,$886034.01,$23.24
2013-02-10,$23.8,$24.11,$22.67,$23.96975,56426.07,$1321513.68,$23.42
2013-02-11,$23.96975,$24.67503,$23.6456,$24.65,29526.73,$712458.7,$24.13
2013-02-12,$24.38651,$25.82767,$24.3001,$25.16975,74239.93,$1862561.32,$25.09
2013-02-13,$25.19,$26.3,$24.19491,$24.2,90150.21,$2296830.8,$25.48
2013-02-14,$24.2,$27.5969,$21.721,$27.2205,145734.74,$3710262.51,$25.46
2013-02-15,$27.24997,$27.50617,$26.103,$27.1,51714.15,$1396017.97,$26.99
2013-02-16,$27.1,$27.49989,$26.8075,$27.21584,18826.94,$511421.92,$27.16
2013-02-17,$27.386,$27.39989,$25,$26.8146,77042.22,$2033614.64,$26.4
2013-02-18,$26.89999,$27.148,$26.36268,$26.95,29744.27,$795866.42,$26.76
2013-02-19,$26.95,$29.65,$26.8,$29.41759,99699.25,$2810076.61,$28.19
2013-02-20,$29.41759,$29.87035,$28.98839,$29.64501,37209.36,$1096641.18,$29.47
2013-02-21,$29.64501,$29.978,$29.311,$29.74768,34730.51,$1030860.6,$29.68
2013-02-22,$29.75,$31.3,$29.67001,$30.24539,66951.69,$2039411.78,$30.46
2013-02-23,$30.24539,$30.6899,$28,$29.79999,72278.17,$2099763.39,$29.05
2013-02-24,$29.79999,$30.39877,$29.20123,$29.88999,24274.89,$722940.53,$29.78
2013-02-25,$29.89,$30.4,$29.55,$30.39999,26778.95,$805270.53,$30.07
2013-02-26,$30.39991,$31.699,$30.1171,$31.1,42864.33,$1329295.41,$31.01
2013-02-27,$31.19999,$31.65,$30.7901,$30.9012,30472.78,$951289.24,$31.22
2013-02-28,$31.25997,$34.51541,$30.902,$33.38,126517.41,$4136416.34,$32.69
2013-03-01,$33.37999,$34.9,$32.92,$34.5,39786.14,$1362290.79,$34.24
2013-03-02,$34.5,$34.808,$33.15,$34.25,36662.49,$1241775.93,$33.87
2013-03-03,$34.2489,$34.5,$33.8,$34.49999,12524.59,$427480.57,$34.13
2013-03-04,$34.49999,$36.7,$34.19,$36.152,46771.49,$1659027.49,$35.47
2013-03-05,$36.152,$40.64625,$36.15,$40.33,85425.52,$3361374.96,$39.35
2013-03-06,$40.22994,$49.099,$40.1446,$41.0201,126451.72,$5712472.93,$45.18
2013-03-07,$41.0201,$45.5,$33.3,$41.99999,157316.08,$6439707.76,$40.93
2013-03-08,$41.99999,$44.5,$41.02,$44.17999,47095.97,$2032649.25,$43.16
2013-03-09,$44.17999,$46.99,$43.411,$46.85,44475.89,$2020839.64,$45.44
2013-03-10,$46.61,$47.95,$45.471,$46,36363.25,$1703124.85,$46.84
2013-03-11,$46,$48.469,$45.54,$48.39999,41390.18,$1970814.35,$47.62
2013-03-12,$48.39999,$48.39999,$36.65,$44.28994,183404.75,$8014406.02,$43.7
2013-03-13,$44.33,$47.295,$43.7508,$46.92002,49497.44,$2297381.06,$46.41
2013-03-14,$46.92006,$47.99,$46.05,$47.1696,37034.85,$1752253.49,$47.31
2013-03-15,$47.0333,$47.44999,$46.4,$46.95,20223.95,$951174.39,$47.03
2013-03-16,$46.86012,$47.3599,$46.2707,$47.00019,16288.51,$763344.96,$46.86
2013-03-17,$47.00019,$47.74,$46.8,$47.4,13902.62,$658983.36,$47.4
2013-03-18,$47.4,$52.875,$47.12009,$51.60001,65199.79,$3193717.3,$48.98
2013-03-19,$51.60001,$62,$50,$59.14001,111627.22,$6182806.06,$55.39
2013-03-20,$59.14001,$66,$57.702,$64.4888,93128.83,$5776100.55,$62.02
2013-03-21,$64.4888,$74.9,$63.101,$70.85,94225.81,$6508438.17,$69.07
2013-03-22,$70.84,$73.74999,$65,$69.86501,73168.07,$5169041.03,$70.65
2013-03-23,$70.28001,$70.5025,$52.3456,$64.35,150462.18,$9429342.99,$62.67
2013-03-24,$64.35001,$72.49999,$62.7,$71.5,42006.36,$2895161.77,$68.92
2013-03-25,$71.50001,$78,$69.51777,$73.6,79730.06,$5920116.46,$74.25
2013-03-26,$73.58561,$79.72001,$73.11,$78.5,56654.33,$4376373.47,$77.25
2013-03-27,$78.74999,$89.49999,$78.4,$88.92,72182.81,$6126022.75,$84.87
2013-03-28,$88.8,$95.7,$75.00111,$86.18,140226.88,$12257633.95,$87.41
2013-03-29,$86.18,$93.06,$83.01,$90.5,83152.75,$7382080.86,$88.78
2013-03-30,$90.46598,$94.98,$87,$92.19003,37270.51,$3418588.27,$91.72
2013-03-31,$92.19003,$93.8,$91,$93.03001,21092.38,$1955242.2,$92.7
2013-04-01,$93.25,$106,$92.2361,$104,90527.29,$9055970,$100.04
2013-04-02,$104.00001,$118.36,$99,$117.98,81260.8,$8744282.1,$107.61
2013-04-03,$118,$147,$110,$135,152624.24,$19519658.71,$127.89
2013-04-04,$135,$142.12,$116.39063,$132.12001,88124.78,$11598387.76,$131.61
2013-04-05,$132.79998,$144.94,$130.24303,$142.32356,68557.5,$9544390.16,$139.22
2013-04-06,$142.05001,$143.9,$139.54,$142.63112,18273.09,$2597665.45,$142.16
2013-04-07,$142.63113,$164.9,$142.63113,$162.30102,60947.52,$9401468.33,$154.26
2013-04-08,$163.83899,$194.9,$162.59806,$187.5,114126.51,$20713163.11,$181.49
2013-04-09,$186.5,$240.111,$186.5,$230,105724.64,$22696282.53,$214.67
2013-04-10,$230.04359,$266,$105,$165,190141.86,$35109363.41,$184.65
2013-04-11,$166.48159,$188.7,$110.20003,$124.9,118645.43,$18855846.81,$158.93
2013-04-12,$124.9,$140,$54.25,$117,556289.1,$47600783.3,$85.57
2013-04-13,$117,$130,$85.5,$93,238226.32,$26254439.22,$110.21
2013-04-14,$93,$109.998,$84.43689,$89.99999,166267.46,$16195892.56,$97.41
2013-04-15,$90,$102,$71.51,$82.38601,236632.26,$20602989.31,$87.07
2013-04-16,$82.5,$84.5,$50.01,$68.35568,572185.69,$37382133.29,$65.33
2013-04-17,$68.49,$98.77799,$63.3,$93.07,327596.55,$27933826.14,$85.27
2013-04-18,$93.07,$112.99999,$86,$109.01,172934.67,$16840477.58,$97.38
2013-04-19,$109.15263,$136.4321,$105.54,$118.48,257118.56,$30707765.35,$119.43
2013-04-20,$118.48001,$132,$115,$126.61552,74351.51,$9221372.14,$124.02
2013-04-21,$126.61553,$130.49979,$110,$119.2,99128.56,$12043904.1,$121.5
2013-04-22,$118.5,$127.39999,$118.5,$127.39999,59118.35,$7285334.39,$123.23
2013-04-23,$127.39999,$144.019,$124.97,$143.475,116098.21,$15630270.39,$134.63
2013-04-24,$143.476,$166.43438,$140.96635,$154.2,225857.24,$34345816.98,$152.07
2013-04-25,$154.9,$162,$120.089,$141.71002,187632.74,$26844741.74,$143.07
2013-04-26,$141.71001,$144.987,$121.45164,$136.90001,128988.67,$17058551.43,$132.25
2013-04-27,$136.89,$139.88,$122.71,$128.00011,59870.79,$7853806.49,$131.18
2013-04-28,$128.00011,$136.68,$127.5,$134.44444,27503.11,$3662548.48,$133.17
2013-04-29,$134.4,$149.08,$133,$143.99991,70186.33,$9983975.08,$142.25
2013-04-30,$143.80001,$146.93,$134,$139.2269,65198.58,$9119200.99,$139.87
2013-05-01,$139.00004,$140.06,$104,$116.37999,179988.85,$21787942.86,$121.05
2013-05-02,$116.37999,$126.9,$91.11,$106.25,234129.17,$24932099.53,$106.49
2013-05-03,$106.5,$109,$79,$98.1,246411.17,$22496255.33,$91.3
2013-05-04,$98.10246,$116.3,$92,$112.9,132582.59,$14143158.98,$106.67
2013-05-05,$112.9,$118.85,$107,$115.98,84177.84,$9553872.26,$113.5
2013-05-06,$115.9372,$124.9,$106.01,$112.25,150048.99,$17604384.72,$117.32
2013-05-07,$112.245,$114,$97.52,$109.60013,139626.72,$14898971.67,$106.71
2013-05-08,$109.69773,$116.777,$109.5,$113.2,61680.32,$6990518.96,$113.33
2013-05-09,$113.48999,$113.71852,$108.8,$112.799,26894.46,$3003068.41,$111.66
2013-05-10,$112.799,$122.5,$111.54,$117.7,77443.67,$9140709.08,$118.03
2013-05-11,$117.59001,$118.74,$113,$115.64,28023.47,$3238018.29,$115.55
2013-05-12,$115.65,$117.47,$112.4,$114.82002,20575.19,$2357929.41,$114.6
2013-05-13,$114.82,$118.88,$114.5002,$117.97968,26134.01,$3058207.49,$117.02
2013-05-14,$117.97968,$119.80002,$109.42198,$111.4,87726.09,$10075279.73,$114.85
2013-05-15,$111.29998,$116.44,$103.01847,$114.22,117898.23,$12997994.8,$110.25
2013-05-16,$114.22,$118.96999,$112.1,$118.21,45071.68,$5202992.37,$115.44
2013-05-17,$118.21,$125.5555,$116.5712,$123.49997,79063.33,$9600699.71,$121.43
2013-05-18,$123.5,$125.31189,$122.25,$123.211,22615.72,$2800255.89,$123.82
2013-05-19,$123.25,$124.50101,$119.5,$122.5,20478.43,$2495650.34,$121.87
2013-05-20,$122.5,$123.69,$120.1,$122.02,17238.12,$2108418.94,$122.31
2013-05-21,$121.99999,$123.08085,$121.1,$122.89001,13313.67,$1628026.67,$122.28
2013-05-22,$122.89001,$124.5,$122,$123.8,18198.48,$2238395.81,$123
2013-05-23,$123.80001,$126.93446,$123,$126.3,22045.5,$2762861.55,$125.33
2013-05-24,$126.3,$133.98,$125.35502,$133.1,48649.99,$6317090.66,$129.85
2013-05-25,$133.4,$133.5,$128.2,$131.986,16816.58,$2200845.29,$130.87
2013-05-26,$131.986,$136,$130.61,$133.5,23327.21,$3126240.29,$134.02
2013-05-27,$133.5,$135.47,$124,$129.76999,46796.59,$6052716.47,$129.34
2013-05-28,$129.76994,$130.62998,$125.4,$128.99996,22748.7,$2911329.39,$127.98
2013-05-29,$128.99901,$132.71988,$127.6,$132.25,19177.31,$2500237.39,$130.37
2013-05-30,$132.25,$132.4,$126.5,$128.79901,24566.45,$3179031.6,$129.41
2013-05-31,$128.8,$130,$126.33,$128.81505,16466.87,$2110227.34,$128.15
2013-06-01,$128.82506,$129.78999,$127.10001,$129.3,6309.92,$810240.48,$128.41
2013-06-02,$129.2981,$130.1,$115,$122.5,101114.74,$12332357.62,$121.96
2013-06-03,$122.49962,$122.78483,$115.111,$120.73716,28795.29,$3426873.4,$119.01
2013-06-04,$121.21357,$123.99,$118.78525,$121.39997,21749.73,$2633256.94,$121.07
2013-06-05,$121.39997,$123.5,$119.5,$121.90001,16591.69,$2015275.84,$121.46
2013-06-06,$121.9,$123.29999,$117,$118.9699,21921.97,$2623564.82,$119.68
2013-06-07,$118.02768,$119.13333,$106.15,$111,65643.28,$7357062.32,$112.08
2013-06-08,$112.12,$113.1862,$107,$107.89242,17113.57,$1862090.61,$108.81
2013-06-09,$107.89611,$108.99,$88,$100.43743,149250.92,$14628128.89,$98.01
2013-06-10,$101,$110.63051,$95,$106.35001,64125.61,$6764668.73,$105.49
2013-06-11,$106.10002,$109.6,$103.23021,$109,15933.45,$1704624.52,$106.98
2013-06-12,$109,$112.25,$106,$108.77592,17540.54,$1916593.99,$109.27
2013-06-13,$109.14444,$110.3,$100.3,$103.949,30276.66,$3186391.58,$105.24
2013-06-14,$103.94895,$104.7,$97.1,$100,35923.53,$3615245.12,$100.64
2013-06-15,$99.99999,$103.7,$97.5,$99.8,22476.84,$2257850.79,$100.45
2013-06-16,$99.79,$101.7499,$98.90017,$99.9,8619.58,$861313.23,$99.93
2013-06-17,$99.9,$102.4,$98.9,$101.95,15024.77,$1516435.36,$100.93
2013-06-18,$101.95,$113.3,$101.03311,$107.34998,60446.31,$6491826.47,$107.4
2013-06-19,$107.05,$110.9863,$104.6603,$108.251,17421,$1879212.32,$107.87
2013-06-20,$108.25,$114.48,$107.12222,$111.29,42909.53,$4774161.1,$111.26
2013-06-21,$111.09999,$115.005,$107.56,$109.5,37916.61,$4221551.74,$111.34
2013-06-22,$108.9,$109.95653,$107.5111,$108.2,7196.65,$781056.97,$108.53
2013-06-23,$108.00003,$109,$106.19675,$107.90001,10974.21,$1179572.74,$107.49
2013-06-24,$107.60002,$108.334,$100.761,$102.09,28755.72,$2970209.43,$103.29
2013-06-25,$102.97996,$109.98,$100,$103.32933,93495.87,$9737161.74,$104.15
2013-06-26,$103.84,$105.4899,$101.8322,$104,13074.01,$1361155.01,$104.11
2013-06-27,$103.99999,$104,$100.055,$101.73678,14516.46,$1481838.89,$102.08
2013-06-28,$101.60626,$101.78799,$92.25,$94.66,47455.09,$4594020.57,$96.81
2013-06-29,$94.7,$100.4398,$93,$94.999,25419.63,$2457873.24,$96.69
2013-06-30,$94.999,$98.12228,$93.85,$97.51,8488.32,$822038.9,$96.84
2013-07-01,$97.50888,$98.1801,$86.011,$88.05,52796.2,$4817325.36,$91.24
2013-07-02,$88.04,$92.57,$87.51,$90.40502,27396.38,$2466507.43,$90.03
2013-07-03,$90.04007,$91.2,$76,$78.89,73017.06,$6073317.69,$83.18
2013-07-04,$78.20001,$84.27001,$72,$80.03565,63440.37,$4966499.64,$78.29
2013-07-05,$80.04214,$80.60299,$65.42448,$68.50001,90767.53,$6454413.42,$71.11
2013-07-06,$68.88997,$74.99997,$66.8119,$69.655,40793.42,$2866037.15,$70.26
2013-07-07,$69.66206,$77,$66.60001,$76.5,42847.02,$3032307.79,$70.77
2013-07-08,$76.5,$80,$72.46,$76.00003,58514.64,$4503253.45,$76.96
2013-07-09,$76.00101,$78.3,$72.51,$76.7,32217.4,$2437106.04,$75.65
2013-07-10,$76.7,$89.84,$75.53,$88,59672.71,$4916740.89,$82.4
2013-07-11,$87.94636,$90.7,$85.00001,$88.97901,35244.01,$3084484.64,$87.52
2013-07-12,$88.97901,$104.17188,$88,$93.98994,101213.45,$9759561.48,$96.43
2013-07-13,$93.98994,$98.32,$87.76404,$98.32,34261.15,$3186590.74,$93.01
2013-07-14,$98.32,$99,$92.86,$94.41986,12218.47,$1171458.48,$95.88
2013-07-15,$94.33999,$101.94,$93.11,$98.89028,34121.74,$3366165.02,$98.65
2013-07-16,$98.89999,$100.7319,$96,$97.1,15900.43,$1560692.7,$98.15
2013-07-17,$96.97,$100,$96.18,$98.50001,16680.42,$1642097.6,$98.44
2013-07-18,$98.50002,$98.8,$86.2,$90.06889,58919.25,$5358091.05,$90.94
2013-07-19,$90.08,$95.2001,$87.6,$92,26957.55,$2474448.15,$91.79
2013-07-20,$92,$93.10072,$89.27,$89.82138,9066,$829452.96,$91.49
2013-07-21,$89.94998,$92,$88,$91.998,8614.05,$769333.68,$89.31
2013-07-22,$91.98,$92,$89.8,$91.601,8215.9,$751344.12,$91.45
2013-07-23,$91.601,$97.13124,$91.60001,$95.55851,23790.42,$2251574.55,$94.64
2013-07-24,$95.61155,$95.99,$92.3,$95.08999,13827.2,$1304035.34,$94.31
2013-07-25,$95.09,$97.4767,$93.57,$96.95,21666.37,$2086771.46,$96.31
2013-07-26,$96.99997,$97.476,$96,$96.02015,10435.8,$1004832.58,$96.29
2013-07-27,$96.02015,$97,$93,$94.4,14637.48,$1383243.82,$94.5
2013-07-28,$94.2,$100.5771,$94,$98.78002,42022.37,$4137932.56,$98.47
2013-07-29,$98.78009,$102.85,$98.45,$101.484,23930.02,$2412405.74,$100.81
2013-07-30,$101.21001,$107.99,$100.47,$107.96,26911.77,$2793637.02,$103.81
2013-07-31,$107.26367,$111.65202,$103.55,$106.21188,44785.6,$4838033.8,$108.03
2013-08-01,$106.22691,$108,$103,$104,13994.49,$1473502.4,$105.29
2013-08-02,$104.62049,$108,$101.21111,$104.50102,26584.85,$2793208.56,$105.07
2013-08-03,$104.6,$105.8852,$102,$104.95,8342.92,$866021.18,$103.8
2013-08-04,$104.9,$106,$103.50108,$105.12,6101.21,$639772.27,$104.86
2013-08-05,$105.12,$107.77,$105,$106.72001,14507.93,$1543737.67,$106.41
2013-08-06,$106.22002,$107.5,$105.11111,$106.55641,12234.57,$1301008.13,$106.34
2013-08-07,$106.5564,$106.96,$105.22,$105.98993,6791.45,$719935.22,$106.01
2013-08-08,$105.98992,$106.65,$100.95969,$103.05,23221.29,$2397802.03,$103.26
2013-08-09,$103.07,$105.78999,$101.935,$102.8,10979.39,$1133150.53,$103.21
2013-08-10,$102.38002,$103.89999,$102.38001,$102.99999,3411.33,$351636.37,$103.08
2013-08-11,$102.99999,$105.19,$102.7,$105,7870.9,$820721.72,$104.27
2013-08-12,$105,$108.121,$103.5,$106.81349,19141.6,$2030771.27,$106.09
2013-08-13,$106.98999,$109.64,$104.5,$109.6,17808.47,$1912320.25,$107.38
2013-08-14,$109.42519,$115,$108,$112.56205,49406.68,$5567652.07,$112.69
2013-08-15,$112.56206,$113.321,$108.78,$109.99497,14794.82,$1643457.67,$111.08
2013-08-16,$109.10523,$112.3,$108.21,$108.99438,12567.48,$1378751.98,$109.71
2013-08-17,$108.99499,$114,$108.225,$112.75,12258.66,$1373044.65,$112.01
2013-08-18,$112.76,$114.69,$112,$113.38,9324.88,$1059845.23,$113.66
2013-08-19,$113.395,$123.74518,$111.771,$118.50203,51420.13,$6088398.47,$118.4
2013-08-20,$119,$123.01111,$116.817,$121.20001,23213.86,$2803868.53,$120.78
2013-08-21,$121.20003,$125,$119.68162,$123.30002,29616.91,$3637947.82,$122.83
2013-08-22,$123.13496,$124.49,$120.54,$121.99994,12815.39,$1563933.74,$122.04
2013-08-23,$121.99993,$122,$118.444,$118.51002,18231.25,$2180668.6,$119.61
2013-08-24,$118.51003,$121.39,$118.02,$119.60255,8370.82,$1001638.16,$119.66
2013-08-25,$119.60255,$122.99,$119.14,$122.11102,7101.52,$864221.29,$121.7
2013-08-26,$122.111,$122.96996,$119.91611,$120.07,10115.28,$1226894.28,$121.29
2013-08-27,$120.1,$133,$120,$131.295,52815.73,$6753064.35,$127.86
2013-08-28,$130.20501,$131.72442,$128.02,$128.76,11556.09,$1498911.33,$129.71
2013-08-29,$128.57206,$131.2,$128.18,$129.30034,7362.92,$950327.42,$129.07
2013-08-30,$129.30033,$142.76173,$128.56,$138.03002,44989.75,$6130666.31,$136.27
2013-08-31,$138.03002,$148.7,$135.89,$141,30617.8,$4379539.86,$143.04
2013-09-01,$141,$147.29,$141,$146.01003,13933.38,$2012831.97,$144.46
2013-09-02,$146.01005,$148.5,$142.11,$144,10444.51,$1515953.55,$145.14
2013-09-03,$144,$148.90893,$142.2,$144,15761.47,$2289067.06,$145.23
2013-09-04,$144,$145.8,$130.08998,$132.51,27617.96,$3789771.82,$137.22
2013-09-05,$132.51,$137.97,$127.24164,$130.20002,25687.39,$3388171.05,$131.9
2013-09-06,$131.65,$133.99999,$121.9,$121.9,18159.82,$2306510.21,$127.01
2013-09-07,$122.41,$131.02499,$121.25,$128.99496,13551.3,$1711444.13,$126.29
2013-09-08,$128.5,$129.86999,$124.06,$126.31501,7127.43,$898013.73,$125.99
2013-09-09,$126.31502,$137.48007,$124,$133.1,28172.62,$3713063.37,$131.8
2013-09-10,$133.1,$136.02,$131.375,$132.61636,7833.1,$1046934.17,$133.66
2013-09-11,$132.61636,$145.9,$127.5,$142.1,40468.78,$5561047.26,$137.42
2013-09-12,$142.1,$145.51679,$137.51,$139.35499,19360.48,$2726354.36,$140.82
2013-09-13,$138.37013,$145.60414,$137.82,$140.66,18892.27,$2701141.02,$142.98
2013-09-14,$140.66,$142,$136.5,$136.7149,8361.6,$1162873.31,$139.07
2013-09-15,$136.71627,$141,$135.04,$138.3002,6197.92,$852533.92,$137.55
2013-09-16,$138.4,$142.23,$137.9,$139.41938,9267.74,$1295814.54,$139.82
2013-09-17,$139.01,$141.37,$138,$139.15001,8242.27,$1149306.12,$139.44
2013-09-18,$139.15002,$142,$139.01001,$140.41238,8189.61,$1148501.39,$140.24
2013-09-19,$140.41234,$141.2,$131.14,$135.05037,19769.45,$2695293.89,$136.34
2013-09-20,$135.89477,$137.28,$131,$133.80726,9923.67,$1334825.55,$134.51
2013-09-21,$133.80726,$135.99,$132,$134.38,4441.25,$594385.99,$133.83
2013-09-22,$134.33795,$135,$131,$134.00001,5570.74,$739648.9,$132.77
2013-09-23,$134.9,$135,$132,$133.4,4464.49,$596235.7,$133.55
2013-09-24,$133.4,$136.59141,$132.5,$134.7788,6929.87,$932097.52,$134.5
2013-09-25,$134.77898,$138,$134.7,$135,8243.79,$1122963.75,$136.22
2013-09-26,$135.00135,$139,$134.71,$137.10002,5222.84,$712709.65,$136.46
2013-09-27,$135.85005,$142.66,$134.82811,$138.93,25900.19,$3593626.81,$138.75
2013-09-28,$138.93,$143,$138.02021,$142.5,12989.28,$1827958.48,$140.73
2013-09-29,$142.49,$145.81,$141.36005,$143.88402,17790.6,$2567567.39,$144.32
2013-09-30,$143.89402,$145.81,$138.12,$141.8965,12845.12,$1825855.17,$142.14
2013-10-01,$143.28122,$144.44,$139.41,$140.3,7709.57,$1092164.83,$141.66
2013-10-02,$140.30001,$141.92999,$109.7,$123,110147.64,$13742025.51,$124.76
2013-10-03,$123,$132,$120.1,$130.98925,34445.57,$4386579.6,$127.35
2013-10-04,$130.97902,$139.8,$128.5,$136.82222,17710.25,$2387682.76,$134.82
2013-10-05,$136.82222,$138,$135.3,$136.69511,4479.67,$611381.98,$136.48
2013-10-06,$136.73026,$138,$134.1,$137.8,4660.13,$634031,$136.05
2013-10-07,$137.01002,$139,$135.12,$135.80001,6405.78,$878670.99,$137.17
2013-10-08,$136.82274,$137.79499,$135.66,$136.50002,4157.41,$568230.67,$136.68
2013-10-09,$136.50998,$142.1,$135.8,$139.5,16615.18,$2314148.32,$139.28
2013-10-10,$139.42001,$141.69,$138.51,$140.41013,10157.64,$1428027.92,$140.59
2013-10-11,$141.41,$141.85,$138.87001,$140.1,6280.51,$883230.52,$140.63
2013-10-12,$141.7929,$143.0571,$139.4,$142.89995,10622.03,$1504393.7,$141.63
2013-10-13,$142.61096,$147.65,$141.50021,$147.53,15998.51,$2317585.06,$144.86
2013-10-14,$147.53,$153.69902,$146.03267,$151.38003,29438.93,$4432598.32,$150.57
2013-10-15,$150.6295,$158.1,$150.628,$158.1,14282.45,$2204254.58,$154.33
2013-10-16,$158.1,$163,$144.20004,$152.83,41433.58,$6434985.71,$155.31
2013-10-17,$151.645,$159.95,$150.75471,$157.60001,15093.85,$2350949.12,$155.76
2013-10-18,$158.25323,$168.3,$156.5,$168.3,24861.11,$4061489.24,$163.37
2013-10-19,$168.2,$195.83267,$167.1,$183.17999,54485.2,$9865972.88,$181.08
2013-10-20,$180.80004,$186.12,$177.25,$186.12,11174.87,$2043935.17,$182.9
2013-10-21,$186.12,$197.39005,$183.2,$192.795,22991.33,$4406343.31,$191.65
2013-10-22,$192.795,$205.5,$192.795,$203,32953.99,$6582493.65,$199.75
2013-10-23,$203.99829,$228,$200.75,$228,38958.66,$8332514.78,$213.88
2013-10-24,$227.99997,$233.4,$175.30001,$206.995,95972.97,$19489369.74,$203.07
2013-10-25,$206.985,$209,$176.60399,$197.90999,35744.04,$6740413.02,$188.57
2013-10-26,$197.19879,$198.42679,$187,$188.56002,11593.23,$2227101.45,$192.1
2013-10-27,$189.92363,$207.9,$189,$207.0001,12904.93,$2578681.55,$199.82
2013-10-28,$207.5,$209.79,$200.42,$206.9,10041.16,$2072651.32,$206.42
2013-10-29,$207.5,$216.5,$204.20001,$216,8958.39,$1892602.51,$211.27
2013-10-30,$215.502,$216.5,$204,$208,12582.47,$2654807.1,$210.99
2013-10-31,$206,$215,$205.43565,$211.1714,4608.29,$976625.58,$211.93
2013-11-01,$211.20177,$215,$209.76,$213.5,4884.45,$1039764.67,$212.87
2013-11-02,$213.50003,$214.87996,$211.02,$211.70001,4375.23,$932092.25,$213.04
2013-11-03,$212.2,$226.959,$212.105,$224.01001,12032.84,$2641482.54,$219.52
2013-11-04,$224.7,$239.02,$222,$238.19039,16899.84,$3895904.69,$230.53
2013-11-05,$238.19039,$258.87626,$229,$251.3,44067.26,$10833235.33,$245.83
2013-11-06,$251.4134,$272.52,$251.4134,$264.1,37807.24,$9944331.96,$263.03
2013-11-07,$264.11,$324.198,$263.60001,$309.659,85178.59,$25293726.93,$296.95
2013-11-08,$309.99999,$358,$308.01001,$355,43831.61,$14805767.39,$337.79
2013-11-09,$355.06361,$395,$340,$367.8,49272.46,$18199556.28,$369.37
2013-11-10,$365.12,$372.5,$290,$336.33101,74095.68,$24174067.08,$326.25
2013-11-11,$341.0302,$376,$321.41,$363,17785.25,$6255033.51,$351.7
2013-11-12,$362.99999,$391.52574,$359.02,$380.1,21029.65,$7937468.75,$377.44
2013-11-13,$380.25003,$445,$372.183,$434.87999,35274.27,$14480339.54,$410.51
2013-11-14,$434.87499,$447.49999,$402.54,$433.4,30773.28,$13184591.73,$428.44
2013-11-15,$433.4,$458,$413.05,$434,27269.09,$11898612.6,$436.34
2013-11-16,$434,$477,$428.01172,$461.9999,18664.14,$8527635.05,$456.9
2013-11-17,$458.95149,$536.777,$457,$528.31991,26509.66,$13242526.69,$499.54
2013-11-18,$528,$788,$522,$785.50007,71436.42,$45079283.98,$631.04
2013-11-19,$785.50007,$900.97998,$502.6212,$645.71675,98637.13,$68768815.23,$697.19
2013-11-20,$643.00001,$650,$453.29,$638,91019.97,$50391282.67,$553.63
2013-11-21,$630.12001,$784.4444,$595.21,$765.10001,38191.57,$26748978.88,$700.39
2013-11-22,$768.99999,$821.999,$682.3,$802,29655.73,$22307022.39,$752.2
2013-11-23,$802,$889.99999,$799.60484,$832.524,20952.76,$17609317.85,$840.43
2013-11-24,$839.99,$855,$745.2,$795,25843.73,$20686216.59,$800.43
2013-11-25,$795.00166,$850,$758.95852,$830,25978.29,$21099945.05,$812.21
2013-11-26,$829.995,$975,$825.1,$970,31183.08,$27905311.15,$894.89
2013-11-27,$970,$1094.794,$914.31556,$1080,37306.24,$37321053.75,$1000.4
2013-11-28,$1087.94315,$1224.59998,$1032.15,$1101.47497,37215.12,$42727152.2,$1148.11
2013-11-29,$1101.42,$1242,$1050,$1206.97761,38295.2,$44555938.94,$1163.49
2013-11-30,$1205,$1233,$1150.25,$1205.8,14782.96,$17886454.2,$1209.94
2013-12-01,$1206.00001,$1216.9,$840.32,$1004.42392,79772.7,$83086786.68,$1041.54
2013-12-02,$1005,$1117.79999,$975,$1096.63251,36675.47,$38845192.51,$1059.16
2013-12-03,$1099.9,$1185.77338,$1065,$1155,18945.16,$21435545.47,$1131.45
2013-12-04,$1155,$1240,$1131.72718,$1237.955,15885.31,$18947255.39,$1192.75
2013-12-05,$1230.005,$1240,$870.001,$1106.4345,57982.86,$61804648.25,$1065.91
2013-12-06,$1106.899,$1118.989,$800,$845,53161.11,$50399613.13,$948.05
2013-12-07,$846,$895.89,$576,$696.99999,97325.91,$70458455.47,$723.94
2013-12-08,$693.25256,$829,$653.0001,$804.00001,31105.78,$22961371.65,$738.17
2013-12-09,$810.98,$980.17661,$787.75,$918.99,27227,$24179362.99,$888.07
2013-12-10,$915.935,$1067.99999,$912,$1033.975,21706.67,$21340424.33,$983.13
2013-12-11,$1026.00001,$1056.9,$856.123,$920,23949.51,$22661100.57,$946.2
2013-12-12,$908.00003,$941,$839.5,$899.9999,9649.93,$8553071.81,$886.34
2013-12-13,$899.9999,$990,$882.15864,$936.87547,17088.92,$15910804.5,$931.06
2013-12-14,$943.39623,$948,$875.13535,$908.98998,11406.79,$10359533.49,$908.19
2013-12-15,$900.005,$928,$838.0201,$920,15038.57,$13186844.81,$876.87
2013-12-16,$916,$925,$714.11,$760,40795.65,$32476301.78,$796.07
2013-12-17,$760,$780,$678.8904,$715,31284.06,$22608843.58,$722.7
2013-12-18,$715,$717.015,$455,$541.00001,109722.89,$62048984.58,$565.51
2013-12-19,$541.21,$746,$522.44,$731.98999,45305.81,$29663995.69,$654.75
2013-12-20,$730,$774.47,$621.25001,$650,34364.27,$23999605.66,$698.39
2013-12-21,$649.393,$689.99,$610,$640.5,14441.48,$9356525.82,$647.89
2013-12-22,$636.09001,$700,$615,$639.48,11501.33,$7603966.93,$661.14
2013-12-23,$639.47998,$725,$631.00001,$713.34506,14666.9,$9934026.93,$677.31
2013-12-24,$716.99999,$729.99174,$666.01,$702.8,10677.15,$7460474.08,$698.73
2013-12-25,$696.86,$710,$674,$707.3,5270.7,$3669393.68,$696.19
2013-12-26,$707.3,$829.8,$707.3,$802.11,23193.34,$17954026.6,$774.1
2013-12-27,$807,$837,$768,$803.23,13466.88,$10752491.64,$798.44
2013-12-28,$803.23,$806,$715.6,$762.005,13149.18,$9976713.28,$758.73
2013-12-29,$767,$804,$735,$785.00501,6940.14,$5370367.6,$773.81
2013-12-30,$789.995,$818.888,$781,$804.87996,10027.39,$8054469.04,$803.25
2013-12-31,$804.87492,$813.99999,$777,$806.00503,8836.73,$7037218.27,$796.36
2014-01-01,$806.01002,$830,$771,$815.995,10688.03,$8607372.98,$805.33
2014-01-02,$812.58795,$886.31309,$810.5601,$857,12414.27,$10505152.34,$846.22
2014-01-03,$859,$888.8,$840,$884.888,9294.23,$8061999,$867.42
2014-01-04,$884.88299,$932.37989,$848.47873,$924.92499,13956.51,$12544052.76,$898.8
2014-01-05,$929.89997,$1029.98765,$911.58,$1015,21223.75,$20650812.94,$973
2014-01-06,$1015,$1093.68199,$965,$1012.89899,22630.17,$23190399.38,$1024.76
2014-01-07,$1012.88,$1044.2,$880,$880,22263.98,$21388990.09,$960.7
2014-01-08,$884,$966.9963,$859,$939,13749.64,$12643822.27,$919.57
2014-01-09,$933.015,$964.69663,$866.58247,$937,14051.54,$12889230.7,$917.28
2014-01-10,$935,$964.99,$906,$957.89998,6000.45,$5605099.47,$934.11
2014-01-11,$957.573,$1011,$935.13,$1005.5,10919.53,$10706210.18,$980.46
2014-01-12,$1005.50001,$1022.99,$922.3,$940,9818.82,$9515044.43,$969.06
2014-01-13,$940,$949.47573,$880.11,$923.1001,9667.14,$8815713.47,$911.93
2014-01-14,$925.9,$943,$905,$920,3891.44,$3591968.04,$923.04
2014-01-15,$920,$973.2,$915.15,$941.31001,6443.14,$6109243.93,$948.18
2014-01-16,$948.995,$956.06,$911.01001,$914,4702.8,$4367877.78,$928.78
2014-01-17,$914,$930,$867.43,$894.4,9858.98,$8822154.68,$894.83
2014-01-18,$894.9191,$925,$885,$906.005,5755.52,$5247377.79,$911.71
2014-01-19,$906,$958.24,$902.01,$954.995,7460.05,$6969555.38,$934.25
2014-01-20,$954.99999,$980.59324,$926,$956.00002,10274.06,$9858099.85,$959.51
2014-01-21,$959.49999,$974.4,$943.32,$962.36655,5988.52,$5766197.52,$962.88
2014-01-22,$970.57947,$974,$935,$951,4322.79,$4103109.17,$949.18
2014-01-23,$951.00001,$958.99999,$937.12135,$945,1562.13,$1481268.01,$948.23
2014-01-24,$943.50294,$950,$903.4,$917.05879,5810.19,$5354994.03,$921.66
2014-01-25,$924.97987,$978.6,$916.01,$961.23871,7830.78,$7495981.7,$957.25
2014-01-26,$963.93,$1038.15894,$950.73,$1007.09456,12962.01,$12955209.15,$999.48
2014-01-27,$1007.09456,$1022,$937.67,$944,7932.2,$7715077.06,$972.63
2014-01-28,$944,$973,$912.02001,$933.00003,10017.57,$9431740.02,$941.52
2014-01-29,$933.5,$950.99999,$919.3,$926.13124,5339.1,$4967492.73,$930.4
2014-01-30,$931.99954,$953.97898,$910.11,$942.10001,5072.14,$4727314.3,$932.02
2014-01-31,$942.10001,$955.183,$925,$939.27508,3852.39,$3633672.17,$943.23
2014-02-01,$949.98,$969.3999,$928,$940.6,4055.92,$3850636.1,$949.39
2014-02-02,$949.46534,$960,$935.0001,$954,1458.55,$1379138.93,$945.56
2014-02-03,$954,$960,$932.05,$932.05,2423.29,$2283360.99,$942.26
2014-02-04,$933.85401,$949.457,$901.0321,$926.97999,4188.17,$3888307.87,$928.4
2014-02-05,$926.97999,$939.93,$890.1731,$904.67,7160.25,$6528503.21,$911.77
2014-02-06,$904.70001,$909,$801,$828.99999,18128.68,$15330817.41,$845.67
2014-02-07,$827,$833.14499,$651.70976,$695.61818,49457.28,$36058821.97,$729.09
2014-02-08,$685.22,$719.24999,$632.01101,$648.71427,22512.95,$15206971.62,$675.48
2014-02-09,$658.81324,$693.99999,$622.4189,$659.49776,19589.19,$12910231.22,$659.05
2014-02-10,$663.29499,$700,$500,$582.54,39694.48,$24006451.29,$604.78
2014-02-11,$582.54,$609.4949,$550,$578.78,16337.05,$9326077.01,$570.85
2014-02-12,$578,$585,$511.77,$531,20943.57,$11359447.4,$542.38
2014-02-13,$540.03697,$549,$451.1,$451.17,28603.73,$14149784.32,$494.68
2014-02-14,$451.121,$499.89,$302,$427.52,65440.58,$24812117.2,$379.15
2014-02-15,$427.52,$447.87999,$310,$371,50382.78,$18126549.12,$359.78
2014-02-16,$371,$540,$220.29327,$299.72277,86061.35,$26181409.74,$304.22
2014-02-17,$299.72277,$411,$263.101,$272,51184.49,$16346874.53,$319.37
2014-02-18,$280,$370,$248.14826,$293.8,48454.96,$13829969.71,$285.42
2014-02-19,$293.6,$308.49,$257.10001,$261.37833,31104.87,$8336909.84,$268.03
2014-02-20,$264.328,$271.43,$109,$111.697,101724.17,$16298837.38,$160.23
2014-02-21,$111.61995,$160,$91.5,$111.4,82102.93,$9798282.7,$119.34
2014-02-22,$111,$290.52557,$96.6345,$255.53,71861.29,$11632970.19,$161.88
2014-02-23,$260.70495,$348.98,$220.1,$309.99971,38395.1,$11051773.35,$287.84
2014-02-24,$314.99996,$316.78999,$131.72093,$173.871,94594.02,$17590531.01,$185.96
2014-02-25,$173.2,$173.84343,$101.62872,$135,29886.75,$3667985.4,$122.73
satoshi.camp,,,,,,,
