,date,dj_close
0,2018-09-23,26743.5
1,2018-09-22,26743.5
2,2018-09-21,26743.5
3,2018-09-20,26656.98046875
4,2018-09-19,26405.759765625
5,2018-09-18,26246.9609375
6,2018-09-17,26062.119140625
7,2018-09-16,26154.669921875
8,2018-09-15,26154.669921875
9,2018-09-14,26154.669921875
10,2018-09-13,26145.990234375
11,2018-09-12,25998.919921875
12,2018-09-11,25971.060546875
13,2018-09-10,25857.0703125
14,2018-09-09,25916.5390625
15,2018-09-08,25916.5390625
16,2018-09-07,25916.5390625
17,2018-09-06,25995.869140625
18,2018-09-05,25974.990234375
19,2018-09-04,25952.48046875
20,2018-09-03,25964.8203125
21,2018-09-02,25964.8203125
22,2018-09-01,25964.8203125
23,2018-08-31,25964.8203125
24,2018-08-30,25986.919921875
25,2018-08-29,26124.5703125
26,2018-08-28,26064.01953125
27,2018-08-27,26049.640625
28,2018-08-26,25790.349609375
29,2018-08-25,25790.349609375
30,2018-08-24,25790.349609375
31,2018-08-23,25656.98046875
32,2018-08-22,25733.599609375
33,2018-08-21,25822.2890625
34,2018-08-20,25758.689453125
35,2018-08-19,25669.3203125
36,2018-08-18,25669.3203125
37,2018-08-17,25669.3203125
38,2018-08-16,25558.73046875
39,2018-08-15,25162.41015625
40,2018-08-14,25299.919921875
41,2018-08-13,25187.69921875
42,2018-08-12,25313.140625
43,2018-08-11,25313.140625
44,2018-08-10,25313.140625
45,2018-08-09,25509.23046875
46,2018-08-08,25583.75
47,2018-08-07,25628.91015625
48,2018-08-06,25502.1796875
49,2018-08-05,25462.580078125
50,2018-08-04,25462.580078125
51,2018-08-03,25462.580078125
52,2018-08-02,25326.16015625
53,2018-08-01,25333.8203125
54,2018-07-31,25415.189453125
55,2018-07-30,25306.830078125
56,2018-07-29,25451.060546875
57,2018-07-28,25451.060546875
58,2018-07-27,25451.060546875
59,2018-07-26,25527.0703125
60,2018-07-25,25414.099609375
61,2018-07-24,25241.939453125
62,2018-07-23,25044.2890625
63,2018-07-22,25058.119140625
64,2018-07-21,25058.119140625
65,2018-07-20,25058.119140625
66,2018-07-19,25064.5
67,2018-07-18,25199.2890625
68,2018-07-17,25119.890625
69,2018-07-16,25064.359375
70,2018-07-15,25019.41015625
71,2018-07-14,25019.41015625
72,2018-07-13,25019.41015625
73,2018-07-12,24924.890625
74,2018-07-11,24700.44921875
75,2018-07-10,24919.66015625
76,2018-07-09,24776.58984375
77,2018-07-08,24456.48046875
78,2018-07-07,24456.48046875
79,2018-07-06,24456.48046875
80,2018-07-05,24356.740234375
81,2018-07-04,24174.8203125
82,2018-07-03,24174.8203125
83,2018-07-02,24307.1796875
84,2018-07-01,24271.41015625
85,2018-06-30,24271.41015625
86,2018-06-29,24271.41015625
87,2018-06-28,24216.05078125
88,2018-06-27,24117.58984375
89,2018-06-26,24283.109375
90,2018-06-25,24252.80078125
91,2018-06-24,24580.890625
92,2018-06-23,24580.890625
93,2018-06-22,24580.890625
94,2018-06-21,24461.69921875
95,2018-06-20,24657.80078125
96,2018-06-19,24700.2109375
97,2018-06-18,24987.470703125
98,2018-06-17,25090.48046875
99,2018-06-16,25090.48046875
100,2018-06-15,25090.48046875
101,2018-06-14,25175.310546875
102,2018-06-13,25201.19921875
103,2018-06-12,25320.73046875
104,2018-06-11,25322.310546875
105,2018-06-10,25316.529296875
106,2018-06-09,25316.529296875
107,2018-06-08,25316.529296875
108,2018-06-07,25241.41015625
109,2018-06-06,25146.390625
110,2018-06-05,24799.98046875
111,2018-06-04,24813.689453125
112,2018-06-03,24635.2109375
113,2018-06-02,24635.2109375
114,2018-06-01,24635.2109375
115,2018-05-31,24415.83984375
116,2018-05-30,24667.779296875
117,2018-05-29,24361.44921875
118,2018-05-28,24753.08984375
119,2018-05-27,24753.08984375
120,2018-05-26,24753.08984375
121,2018-05-25,24753.08984375
122,2018-05-24,24811.759765625
123,2018-05-23,24886.810546875
124,2018-05-22,24834.41015625
125,2018-05-21,25013.2890625
126,2018-05-20,24715.08984375
127,2018-05-19,24715.08984375
128,2018-05-18,24715.08984375
129,2018-05-17,24713.98046875
130,2018-05-16,24768.9296875
131,2018-05-15,24706.41015625
132,2018-05-14,24899.41015625
133,2018-05-13,24831.169921875
134,2018-05-12,24831.169921875
135,2018-05-11,24831.169921875
136,2018-05-10,24739.529296875
137,2018-05-09,24542.5390625
138,2018-05-08,24360.2109375
139,2018-05-07,24357.3203125
140,2018-05-06,24262.509765625
141,2018-05-05,24262.509765625
142,2018-05-04,24262.509765625
143,2018-05-03,23930.150390625
144,2018-05-02,23924.98046875
145,2018-05-01,24099.05078125
146,2018-04-30,24163.150390625
147,2018-04-29,24311.189453125
148,2018-04-28,24311.189453125
149,2018-04-27,24311.189453125
150,2018-04-26,24322.33984375
151,2018-04-25,24083.830078125
152,2018-04-24,24024.130859375
153,2018-04-23,24448.689453125
154,2018-04-22,24462.939453125
155,2018-04-21,24462.939453125
156,2018-04-20,24462.939453125
157,2018-04-19,24664.890625
158,2018-04-18,24748.0703125
159,2018-04-17,24786.630859375
160,2018-04-16,24573.0390625
161,2018-04-15,24360.140625
162,2018-04-14,24360.140625
163,2018-04-13,24360.140625
164,2018-04-12,24483.05078125
165,2018-04-11,24189.44921875
166,2018-04-10,24408.0
167,2018-04-09,23979.099609375
168,2018-04-08,23932.759765625
169,2018-04-07,23932.759765625
170,2018-04-06,23932.759765625
171,2018-04-05,24505.220703125
172,2018-04-04,24264.30078125
173,2018-04-03,24033.359375
174,2018-04-02,23644.189453125
175,2018-04-01,24103.109375
176,2018-03-31,24103.109375
177,2018-03-30,24103.109375
178,2018-03-29,24103.109375
179,2018-03-28,23848.419921875
180,2018-03-27,23857.7109375
181,2018-03-26,24202.599609375
182,2018-03-25,23533.19921875
183,2018-03-24,23533.19921875
184,2018-03-23,23533.19921875
185,2018-03-22,23957.890625
186,2018-03-21,24682.310546875
187,2018-03-20,24727.26953125
188,2018-03-19,24610.91015625
189,2018-03-18,24946.509765625
190,2018-03-17,24946.509765625
191,2018-03-16,24946.509765625
192,2018-03-15,24873.66015625
193,2018-03-14,24758.119140625
194,2018-03-13,25007.029296875
195,2018-03-12,25178.609375
196,2018-03-11,25335.740234375
197,2018-03-10,25335.740234375
198,2018-03-09,25335.740234375
199,2018-03-08,24895.2109375
200,2018-03-07,24801.359375
201,2018-03-06,24884.119140625
202,2018-03-05,24874.759765625
203,2018-03-04,24538.060546875
204,2018-03-03,24538.060546875
205,2018-03-02,24538.060546875
206,2018-03-01,24608.98046875
207,2018-02-28,25029.19921875
208,2018-02-27,25410.029296875
209,2018-02-26,25709.26953125
210,2018-02-25,25309.990234375
211,2018-02-24,25309.990234375
212,2018-02-23,25309.990234375
213,2018-02-22,24962.48046875
214,2018-02-21,24797.779296875
215,2018-02-20,24964.75
216,2018-02-19,25219.380859375
217,2018-02-18,25219.380859375
218,2018-02-17,25219.380859375
219,2018-02-16,25219.380859375
220,2018-02-15,25200.369140625
221,2018-02-14,24893.490234375
222,2018-02-13,24640.44921875
223,2018-02-12,24601.26953125
224,2018-02-11,24190.900390625
225,2018-02-10,24190.900390625
226,2018-02-09,24190.900390625
227,2018-02-08,23860.4609375
228,2018-02-07,24893.349609375
229,2018-02-06,24912.76953125
230,2018-02-05,24345.75
231,2018-02-04,25520.9609375
232,2018-02-03,25520.9609375
233,2018-02-02,25520.9609375
234,2018-02-01,26186.7109375
235,2018-01-31,26149.390625
236,2018-01-30,26076.890625
237,2018-01-29,26439.48046875
238,2018-01-28,26616.7109375
239,2018-01-27,26616.7109375
240,2018-01-26,26616.7109375
241,2018-01-25,26392.7890625
242,2018-01-24,26252.119140625
243,2018-01-23,26210.810546875
244,2018-01-22,26214.599609375
245,2018-01-21,26071.720703125
246,2018-01-20,26071.720703125
247,2018-01-19,26071.720703125
248,2018-01-18,26017.810546875
249,2018-01-17,26115.650390625
250,2018-01-16,25792.859375
251,2018-01-15,25803.189453125
252,2018-01-14,25803.189453125
253,2018-01-13,25803.189453125
254,2018-01-12,25803.189453125
255,2018-01-11,25574.73046875
256,2018-01-10,25369.130859375
257,2018-01-09,25385.80078125
258,2018-01-08,25283.0
259,2018-01-07,25295.869140625
260,2018-01-06,25295.869140625
261,2018-01-05,25295.869140625
262,2018-01-04,25075.130859375
263,2018-01-03,24922.6796875
264,2018-01-02,24824.009765625
265,2018-01-01,24719.220703125
266,2017-12-31,24719.220703125
267,2017-12-30,24719.220703125
268,2017-12-29,24719.220703125
269,2017-12-28,24837.509765625
270,2017-12-27,24774.30078125
271,2017-12-26,24746.2109375
272,2017-12-25,24754.060546875
273,2017-12-24,24754.060546875
274,2017-12-23,24754.060546875
275,2017-12-22,24754.060546875
276,2017-12-21,24782.2890625
277,2017-12-20,24726.650390625
278,2017-12-19,24754.75
279,2017-12-18,24792.19921875
280,2017-12-17,24651.740234375
281,2017-12-16,24651.740234375
282,2017-12-15,24651.740234375
283,2017-12-14,24508.66015625
284,2017-12-13,24585.4296875
285,2017-12-12,24504.80078125
286,2017-12-11,24386.029296875
287,2017-12-10,24329.16015625
288,2017-12-09,24329.16015625
289,2017-12-08,24329.16015625
290,2017-12-07,24211.48046875
291,2017-12-06,24140.91015625
292,2017-12-05,24180.640625
293,2017-12-04,24290.05078125
294,2017-12-03,24231.58984375
295,2017-12-02,24231.58984375
296,2017-12-01,24231.58984375
297,2017-11-30,24272.349609375
298,2017-11-29,23940.6796875
299,2017-11-28,23836.7109375
300,2017-11-27,23580.779296875
301,2017-11-26,23557.990234375
302,2017-11-25,23557.990234375
303,2017-11-24,23557.990234375
304,2017-11-23,23526.1796875
305,2017-11-22,23526.1796875
306,2017-11-21,23590.830078125
307,2017-11-20,23430.330078125
308,2017-11-19,23358.240234375
309,2017-11-18,23358.240234375
310,2017-11-17,23358.240234375
311,2017-11-16,23458.359375
312,2017-11-15,23271.279296875
313,2017-11-14,23409.470703125
314,2017-11-13,23439.69921875
315,2017-11-12,23422.2109375
316,2017-11-11,23422.2109375
317,2017-11-10,23422.2109375
318,2017-11-09,23461.939453125
319,2017-11-08,23563.359375
320,2017-11-07,23557.23046875
321,2017-11-06,23548.419921875
322,2017-11-05,23539.189453125
323,2017-11-04,23539.189453125
324,2017-11-03,23539.189453125
325,2017-11-02,23516.259765625
326,2017-11-01,23435.009765625
327,2017-10-31,23377.240234375
328,2017-10-30,23348.740234375
329,2017-10-29,23434.189453125
330,2017-10-28,23434.189453125
331,2017-10-27,23434.189453125
332,2017-10-26,23400.859375
333,2017-10-25,23329.4609375
334,2017-10-24,23441.759765625
335,2017-10-23,23273.9609375
336,2017-10-22,23328.630859375
337,2017-10-21,23328.630859375
338,2017-10-20,23328.630859375
339,2017-10-19,23163.0390625
340,2017-10-18,23157.599609375
341,2017-10-17,22997.439453125
342,2017-10-16,22956.9609375
343,2017-10-15,22871.720703125
344,2017-10-14,22871.720703125
345,2017-10-13,22871.720703125
346,2017-10-12,22841.009765625
347,2017-10-11,22872.890625
348,2017-10-10,22830.6796875
349,2017-10-09,22761.0703125
350,2017-10-08,22773.669921875
351,2017-10-07,22773.669921875
352,2017-10-06,22773.669921875
353,2017-10-05,22775.390625
354,2017-10-04,22661.640625
355,2017-10-03,22641.669921875
356,2017-10-02,22557.599609375
357,2017-10-01,22405.08984375
358,2017-09-30,22405.08984375
359,2017-09-29,22405.08984375
360,2017-09-28,22381.19921875
361,2017-09-27,22340.7109375
362,2017-09-26,22284.3203125
363,2017-09-25,22296.08984375
364,2017-09-24,22349.58984375
365,2017-09-23,22349.58984375
366,2017-09-22,22349.58984375
367,2017-09-21,22359.23046875
368,2017-09-20,22412.58984375
369,2017-09-19,22370.80078125
370,2017-09-18,22331.349609375
371,2017-09-17,22268.33984375
372,2017-09-16,22268.33984375
373,2017-09-15,22268.33984375
374,2017-09-14,22203.48046875
375,2017-09-13,22158.1796875
376,2017-09-12,22118.859375
377,2017-09-11,22057.369140625
378,2017-09-10,21797.7890625
379,2017-09-09,21797.7890625
380,2017-09-08,21797.7890625
381,2017-09-07,21784.779296875
382,2017-09-06,21807.640625
383,2017-09-05,21753.310546875
384,2017-09-04,21987.560546875
385,2017-09-03,21987.560546875
386,2017-09-02,21987.560546875
387,2017-09-01,21987.560546875
388,2017-08-31,21948.099609375
389,2017-08-30,21892.4296875
390,2017-08-29,21865.369140625
391,2017-08-28,21808.400390625
392,2017-08-27,21813.669921875
393,2017-08-26,21813.669921875
394,2017-08-25,21813.669921875
395,2017-08-24,21783.400390625
396,2017-08-23,21812.08984375
397,2017-08-22,21899.890625
398,2017-08-21,21703.75
399,2017-08-20,21674.509765625
400,2017-08-19,21674.509765625
401,2017-08-18,21674.509765625
402,2017-08-17,21750.73046875
403,2017-08-16,22024.869140625
404,2017-08-15,21998.990234375
405,2017-08-14,21993.7109375
406,2017-08-13,21858.3203125
407,2017-08-12,21858.3203125
408,2017-08-11,21858.3203125
409,2017-08-10,21844.009765625
410,2017-08-09,22048.69921875
411,2017-08-08,22085.33984375
412,2017-08-07,22118.419921875
413,2017-08-06,22092.810546875
414,2017-08-05,22092.810546875
415,2017-08-04,22092.810546875
416,2017-08-03,22026.099609375
417,2017-08-02,22016.240234375
418,2017-08-01,21963.919921875
419,2017-07-31,21891.119140625
420,2017-07-30,21830.310546875
421,2017-07-29,21830.310546875
422,2017-07-28,21830.310546875
423,2017-07-27,21796.55078125
424,2017-07-26,21711.009765625
425,2017-07-25,21613.4296875
426,2017-07-24,21513.169921875
427,2017-07-23,21580.0703125
428,2017-07-22,21580.0703125
429,2017-07-21,21580.0703125
430,2017-07-20,21611.779296875
431,2017-07-19,21640.75
432,2017-07-18,21574.73046875
433,2017-07-17,21629.720703125
434,2017-07-16,21637.740234375
435,2017-07-15,21637.740234375
436,2017-07-14,21637.740234375
437,2017-07-13,21553.08984375
438,2017-07-12,21532.140625
439,2017-07-11,21409.0703125
440,2017-07-10,21408.51953125
441,2017-07-09,21414.33984375
442,2017-07-08,21414.33984375
443,2017-07-07,21414.33984375
444,2017-07-06,21320.0390625
445,2017-07-05,21478.169921875
446,2017-07-04,21479.26953125
447,2017-07-03,21479.26953125
448,2017-07-02,21349.630859375
449,2017-07-01,21349.630859375
450,2017-06-30,21349.630859375
451,2017-06-29,21287.029296875
452,2017-06-28,21454.609375
453,2017-06-27,21310.66015625
454,2017-06-26,21409.55078125
455,2017-06-25,21394.759765625
456,2017-06-24,21394.759765625
457,2017-06-23,21394.759765625
458,2017-06-22,21397.2890625
459,2017-06-21,21410.029296875
460,2017-06-20,21467.140625
461,2017-06-19,21528.990234375
462,2017-06-18,21384.279296875
463,2017-06-17,21384.279296875
464,2017-06-16,21384.279296875
465,2017-06-15,21359.900390625
466,2017-06-14,21374.560546875
467,2017-06-13,21328.470703125
468,2017-06-12,21235.669921875
469,2017-06-11,21271.970703125
470,2017-06-10,21271.970703125
471,2017-06-09,21271.970703125
472,2017-06-08,21182.529296875
473,2017-06-07,21173.689453125
474,2017-06-06,21136.23046875
475,2017-06-05,21184.0390625
476,2017-06-04,21206.2890625
477,2017-06-03,21206.2890625
478,2017-06-02,21206.2890625
479,2017-06-01,21144.1796875
480,2017-05-31,21008.650390625
481,2017-05-30,21029.470703125
482,2017-05-29,21080.279296875
483,2017-05-28,21080.279296875
484,2017-05-27,21080.279296875
485,2017-05-26,21080.279296875
486,2017-05-25,21082.94921875
487,2017-05-24,21012.419921875
488,2017-05-23,20937.91015625
489,2017-05-22,20894.830078125
490,2017-05-21,20804.83984375
491,2017-05-20,20804.83984375
492,2017-05-19,20804.83984375
493,2017-05-18,20663.01953125
494,2017-05-17,20606.9296875
495,2017-05-16,20979.75
496,2017-05-15,20981.939453125
497,2017-05-14,20896.609375
498,2017-05-13,20896.609375
499,2017-05-12,20896.609375
500,2017-05-11,20919.419921875
501,2017-05-10,20943.109375
502,2017-05-09,20975.779296875
503,2017-05-08,21012.279296875
504,2017-05-07,21006.939453125
505,2017-05-06,21006.939453125
506,2017-05-05,21006.939453125
507,2017-05-04,20951.470703125
508,2017-05-03,20957.900390625
509,2017-05-02,20949.890625
510,2017-05-01,20913.4609375
511,2017-04-30,20940.509765625
512,2017-04-29,20940.509765625
513,2017-04-28,20940.509765625
514,2017-04-27,20981.330078125
515,2017-04-26,20975.08984375
516,2017-04-25,20996.119140625
517,2017-04-24,20763.890625
518,2017-04-23,20547.759765625
519,2017-04-22,20547.759765625
520,2017-04-21,20547.759765625
521,2017-04-20,20578.7109375
522,2017-04-19,20404.490234375
523,2017-04-18,20523.279296875
524,2017-04-17,20636.919921875
525,2017-04-16,20453.25
526,2017-04-15,20453.25
527,2017-04-14,20453.25
528,2017-04-13,20453.25
529,2017-04-12,20591.859375
530,2017-04-11,20651.30078125
531,2017-04-10,20658.01953125
532,2017-04-09,20656.099609375
533,2017-04-08,20656.099609375
534,2017-04-07,20656.099609375
535,2017-04-06,20662.94921875
536,2017-04-05,20648.150390625
537,2017-04-04,20689.240234375
538,2017-04-03,20650.2109375
539,2017-04-02,20663.220703125
540,2017-04-01,20663.220703125
541,2017-03-31,20663.220703125
542,2017-03-30,20728.490234375
543,2017-03-29,20659.3203125
544,2017-03-28,20701.5
545,2017-03-27,20550.98046875
546,2017-03-26,20596.720703125
547,2017-03-25,20596.720703125
548,2017-03-24,20596.720703125
549,2017-03-23,20656.580078125
550,2017-03-22,20661.30078125
551,2017-03-21,20668.009765625
552,2017-03-20,20905.859375
553,2017-03-19,20914.619140625
554,2017-03-18,20914.619140625
555,2017-03-17,20914.619140625
556,2017-03-16,20934.55078125
557,2017-03-15,20950.099609375
558,2017-03-14,20837.369140625
559,2017-03-13,20881.48046875
560,2017-03-12,20902.98046875
561,2017-03-11,20902.98046875
562,2017-03-10,20902.98046875
563,2017-03-09,20858.189453125
564,2017-03-08,20855.73046875
565,2017-03-07,20924.759765625
566,2017-03-06,20954.33984375
567,2017-03-05,21005.7109375
568,2017-03-04,21005.7109375
569,2017-03-03,21005.7109375
570,2017-03-02,21002.970703125
571,2017-03-01,21115.55078125
572,2017-02-28,20812.240234375
573,2017-02-27,20837.439453125
574,2017-02-26,20821.759765625
575,2017-02-25,20821.759765625
576,2017-02-24,20821.759765625
577,2017-02-23,20810.3203125
578,2017-02-22,20775.599609375
579,2017-02-21,20743.0
580,2017-02-20,20624.05078125
581,2017-02-19,20624.05078125
582,2017-02-18,20624.05078125
583,2017-02-17,20624.05078125
584,2017-02-16,20619.76953125
585,2017-02-15,20611.859375
586,2017-02-14,20504.41015625
587,2017-02-13,20412.16015625
588,2017-02-12,20269.369140625
589,2017-02-11,20269.369140625
590,2017-02-10,20269.369140625
591,2017-02-09,20172.400390625
592,2017-02-08,20054.33984375
593,2017-02-07,20090.2890625
594,2017-02-06,20052.419921875
595,2017-02-05,20071.4609375
596,2017-02-04,20071.4609375
597,2017-02-03,20071.4609375
598,2017-02-02,19884.91015625
599,2017-02-01,19890.939453125
600,2017-01-31,19864.08984375
601,2017-01-30,19971.130859375
602,2017-01-29,20093.779296875
603,2017-01-28,20093.779296875
604,2017-01-27,20093.779296875
605,2017-01-26,20100.91015625
606,2017-01-25,20068.509765625
607,2017-01-24,19912.7109375
608,2017-01-23,19799.849609375
609,2017-01-22,19827.25
610,2017-01-21,19827.25
611,2017-01-20,19827.25
612,2017-01-19,19732.400390625
613,2017-01-18,19804.720703125
614,2017-01-17,19826.76953125
615,2017-01-16,19885.73046875
616,2017-01-15,19885.73046875
617,2017-01-14,19885.73046875
618,2017-01-13,19885.73046875
619,2017-01-12,19891.0
620,2017-01-11,19954.279296875
621,2017-01-10,19855.529296875
622,2017-01-09,19887.380859375
623,2017-01-08,19963.80078125
624,2017-01-07,19963.80078125
625,2017-01-06,19963.80078125
626,2017-01-05,19899.2890625
627,2017-01-04,19942.16015625
628,2017-01-03,19881.759765625
629,2017-01-02,19762.599609375
630,2017-01-01,19762.599609375
631,2016-12-31,19762.599609375
632,2016-12-30,19762.599609375
633,2016-12-29,19819.779296875
634,2016-12-28,19833.6796875
635,2016-12-27,19945.0390625
636,2016-12-26,19933.810546875
637,2016-12-25,19933.810546875
638,2016-12-24,19933.810546875
639,2016-12-23,19933.810546875
640,2016-12-22,19918.880859375
641,2016-12-21,19941.9609375
642,2016-12-20,19974.619140625
643,2016-12-19,19883.060546875
644,2016-12-18,19843.41015625
645,2016-12-17,19843.41015625
646,2016-12-16,19843.41015625
647,2016-12-15,19852.240234375
648,2016-12-14,19792.529296875
649,2016-12-13,19911.2109375
650,2016-12-12,19796.4296875
651,2016-12-11,19756.849609375
652,2016-12-10,19756.849609375
653,2016-12-09,19756.849609375
654,2016-12-08,19614.810546875
655,2016-12-07,19549.619140625
656,2016-12-06,19251.779296875
657,2016-12-05,19216.240234375
658,2016-12-04,19170.419921875
659,2016-12-03,19170.419921875
660,2016-12-02,19170.419921875
661,2016-12-01,19191.9296875
662,2016-11-30,19123.580078125
663,2016-11-29,19121.599609375
664,2016-11-28,19097.900390625
665,2016-11-27,19152.140625
666,2016-11-26,19152.140625
667,2016-11-25,19152.140625
668,2016-11-24,19083.1796875
669,2016-11-23,19083.1796875
670,2016-11-22,19023.869140625
671,2016-11-21,18956.689453125
672,2016-11-20,18867.9296875
673,2016-11-19,18867.9296875
674,2016-11-18,18867.9296875
675,2016-11-17,18903.8203125
676,2016-11-16,18868.140625
677,2016-11-15,18923.060546875
678,2016-11-14,18868.689453125
679,2016-11-13,18847.66015625
680,2016-11-12,18847.66015625
681,2016-11-11,18847.66015625
682,2016-11-10,18807.880859375
683,2016-11-09,18589.689453125
684,2016-11-08,18332.740234375
685,2016-11-07,18259.599609375
686,2016-11-06,17888.279296875
687,2016-11-05,17888.279296875
688,2016-11-04,17888.279296875
689,2016-11-03,17930.669921875
690,2016-11-02,17959.640625
691,2016-11-01,18037.099609375
692,2016-10-31,18142.419921875
693,2016-10-30,18161.189453125
694,2016-10-29,18161.189453125
695,2016-10-28,18161.189453125
696,2016-10-27,18169.6796875
697,2016-10-26,18199.330078125
698,2016-10-25,18169.26953125
699,2016-10-24,18223.029296875
700,2016-10-23,18145.7109375
701,2016-10-22,18145.7109375
702,2016-10-21,18145.7109375
703,2016-10-20,18162.349609375
704,2016-10-19,18202.619140625
705,2016-10-18,18161.939453125
706,2016-10-17,18086.400390625
707,2016-10-16,18138.380859375
708,2016-10-15,18138.380859375
709,2016-10-14,18138.380859375
710,2016-10-13,18098.939453125
711,2016-10-12,18144.19921875
712,2016-10-11,18128.66015625
713,2016-10-10,18329.0390625
714,2016-10-09,18240.490234375
715,2016-10-08,18240.490234375
716,2016-10-07,18240.490234375
717,2016-10-06,18268.5
718,2016-10-05,18281.029296875
719,2016-10-04,18168.44921875
720,2016-10-03,18253.849609375
721,2016-10-02,18308.150390625
722,2016-10-01,18308.150390625
723,2016-09-30,18308.150390625
724,2016-09-29,18143.44921875
725,2016-09-28,18339.240234375
726,2016-09-27,18228.30078125
727,2016-09-26,18094.830078125
728,2016-09-25,18261.44921875
729,2016-09-24,18261.44921875
730,2016-09-23,18261.44921875
731,2016-09-22,18392.4609375
732,2016-09-21,18293.69921875
733,2016-09-20,18129.9609375
734,2016-09-19,18120.169921875
735,2016-09-18,18123.80078125
736,2016-09-17,18123.80078125
737,2016-09-16,18123.80078125
738,2016-09-15,18212.48046875
739,2016-09-14,18034.76953125
740,2016-09-13,18066.75
741,2016-09-12,18325.0703125
742,2016-09-11,18085.44921875
743,2016-09-10,18085.44921875
744,2016-09-09,18085.44921875
745,2016-09-08,18479.91015625
746,2016-09-07,18526.140625
747,2016-09-06,18538.119140625
748,2016-09-05,18491.9609375
749,2016-09-04,18491.9609375
750,2016-09-03,18491.9609375
751,2016-09-02,18491.9609375
752,2016-09-01,18419.30078125
753,2016-08-31,18400.880859375
754,2016-08-30,18454.30078125
755,2016-08-29,18502.990234375
756,2016-08-28,18395.400390625
757,2016-08-27,18395.400390625
758,2016-08-26,18395.400390625
759,2016-08-25,18448.41015625
760,2016-08-24,18481.48046875
761,2016-08-23,18547.30078125
762,2016-08-22,18529.419921875
763,2016-08-21,18552.5703125
764,2016-08-20,18552.5703125
765,2016-08-19,18552.5703125
766,2016-08-18,18597.69921875
767,2016-08-17,18573.939453125
768,2016-08-16,18552.01953125
769,2016-08-15,18636.05078125
770,2016-08-14,18576.470703125
771,2016-08-13,18576.470703125
772,2016-08-12,18576.470703125
773,2016-08-11,18613.51953125
774,2016-08-10,18495.66015625
775,2016-08-09,18533.05078125
776,2016-08-08,18529.2890625
777,2016-08-07,18543.529296875
778,2016-08-06,18543.529296875
779,2016-08-05,18543.529296875
780,2016-08-04,18352.05078125
781,2016-08-03,18355.0
782,2016-08-02,18313.76953125
783,2016-08-01,18404.509765625
784,2016-07-31,18432.240234375
785,2016-07-30,18432.240234375
786,2016-07-29,18432.240234375
787,2016-07-28,18456.349609375
788,2016-07-27,18472.169921875
789,2016-07-26,18473.75
790,2016-07-25,18493.060546875
791,2016-07-24,18570.849609375
792,2016-07-23,18570.849609375
793,2016-07-22,18570.849609375
794,2016-07-21,18517.23046875
795,2016-07-20,18595.029296875
796,2016-07-19,18559.009765625
797,2016-07-18,18533.05078125
798,2016-07-17,18516.55078125
799,2016-07-16,18516.55078125
800,2016-07-15,18516.55078125
801,2016-07-14,18506.41015625
802,2016-07-13,18372.119140625
803,2016-07-12,18347.669921875
804,2016-07-11,18226.9296875
805,2016-07-10,18146.740234375
806,2016-07-09,18146.740234375
807,2016-07-08,18146.740234375
808,2016-07-07,17895.880859375
809,2016-07-06,17918.619140625
810,2016-07-05,17840.619140625
811,2016-07-04,17949.369140625
812,2016-07-03,17949.369140625
813,2016-07-02,17949.369140625
814,2016-07-01,17949.369140625
815,2016-06-30,17929.990234375
816,2016-06-29,17694.6796875
817,2016-06-28,17409.720703125
818,2016-06-27,17140.240234375
819,2016-06-26,17400.75
820,2016-06-25,17400.75
821,2016-06-24,17400.75
822,2016-06-23,18011.0703125
823,2016-06-22,17780.830078125
824,2016-06-21,17829.73046875
825,2016-06-20,17804.869140625
826,2016-06-19,17675.16015625
827,2016-06-18,17675.16015625
828,2016-06-17,17675.16015625
829,2016-06-16,17733.099609375
830,2016-06-15,17640.169921875
831,2016-06-14,17674.8203125
832,2016-06-13,17732.48046875
833,2016-06-12,17865.33984375
834,2016-06-11,17865.33984375
835,2016-06-10,17865.33984375
836,2016-06-09,17985.189453125
837,2016-06-08,18005.05078125
838,2016-06-07,17938.279296875
839,2016-06-06,17920.330078125
840,2016-06-05,17807.060546875
841,2016-06-04,17807.060546875
842,2016-06-03,17807.060546875
843,2016-06-02,17838.560546875
844,2016-06-01,17789.669921875
845,2016-05-31,17787.19921875
846,2016-05-30,17873.220703125
847,2016-05-29,17873.220703125
848,2016-05-28,17873.220703125
849,2016-05-27,17873.220703125
850,2016-05-26,17828.2890625
851,2016-05-25,17851.509765625
852,2016-05-24,17706.05078125
853,2016-05-23,17492.9296875
854,2016-05-22,17500.939453125
855,2016-05-21,17500.939453125
856,2016-05-20,17500.939453125
857,2016-05-19,17435.400390625
858,2016-05-18,17526.619140625
859,2016-05-17,17529.98046875
860,2016-05-16,17710.7109375
861,2016-05-15,17535.3203125
862,2016-05-14,17535.3203125
863,2016-05-13,17535.3203125
864,2016-05-12,17720.5
865,2016-05-11,17711.119140625
866,2016-05-10,17928.349609375
867,2016-05-09,17705.91015625
868,2016-05-08,17740.630859375
869,2016-05-07,17740.630859375
870,2016-05-06,17740.630859375
871,2016-05-05,17660.7109375
872,2016-05-04,17651.259765625
873,2016-05-03,17750.91015625
874,2016-05-02,17891.16015625
875,2016-05-01,17773.640625
876,2016-04-30,17773.640625
877,2016-04-29,17773.640625
878,2016-04-28,17830.759765625
879,2016-04-27,18041.55078125
880,2016-04-26,17990.3203125
881,2016-04-25,17977.240234375
882,2016-04-24,18003.75
883,2016-04-23,18003.75
884,2016-04-22,18003.75
885,2016-04-21,17982.51953125
886,2016-04-20,18096.26953125
887,2016-04-19,18053.599609375
888,2016-04-18,18004.16015625
889,2016-04-17,17897.4609375
890,2016-04-16,17897.4609375
891,2016-04-15,17897.4609375
892,2016-04-14,17926.4296875
893,2016-04-13,17908.279296875
894,2016-04-12,17721.25
895,2016-04-11,17556.41015625
896,2016-04-10,17576.9609375
897,2016-04-09,17576.9609375
898,2016-04-08,17576.9609375
899,2016-04-07,17541.9609375
900,2016-04-06,17716.05078125
901,2016-04-05,17603.3203125
902,2016-04-04,17737.0
903,2016-04-03,17792.75
904,2016-04-02,17792.75
905,2016-04-01,17792.75
906,2016-03-31,17685.08984375
907,2016-03-30,17716.66015625
908,2016-03-29,17633.109375
909,2016-03-28,17535.390625
910,2016-03-27,17515.73046875
911,2016-03-26,17515.73046875
912,2016-03-25,17515.73046875
913,2016-03-24,17515.73046875
914,2016-03-23,17502.58984375
915,2016-03-22,17582.5703125
916,2016-03-21,17623.869140625
917,2016-03-20,17602.30078125
918,2016-03-19,17602.30078125
919,2016-03-18,17602.30078125
920,2016-03-17,17481.490234375
921,2016-03-16,17325.759765625
922,2016-03-15,17251.529296875
923,2016-03-14,17229.130859375
924,2016-03-13,17213.310546875
925,2016-03-12,17213.310546875
926,2016-03-11,17213.310546875
927,2016-03-10,16995.130859375
928,2016-03-09,17000.359375
929,2016-03-08,16964.099609375
930,2016-03-07,17073.94921875
931,2016-03-06,17006.76953125
932,2016-03-05,17006.76953125
933,2016-03-04,17006.76953125
934,2016-03-03,16943.900390625
935,2016-03-02,16899.3203125
936,2016-03-01,16865.080078125
937,2016-02-29,16516.5
938,2016-02-28,16639.970703125
939,2016-02-27,16639.970703125
940,2016-02-26,16639.970703125
941,2016-02-25,16697.2890625
942,2016-02-24,16484.990234375
943,2016-02-23,16431.779296875
944,2016-02-22,16620.66015625
945,2016-02-21,16391.990234375
946,2016-02-20,16391.990234375
947,2016-02-19,16391.990234375
948,2016-02-18,16413.4296875
949,2016-02-17,16453.830078125
950,2016-02-16,16196.41015625
951,2016-02-15,15973.83984375
952,2016-02-14,15973.83984375
953,2016-02-13,15973.83984375
954,2016-02-12,15973.83984375
955,2016-02-11,15660.1796875
956,2016-02-10,15914.740234375
957,2016-02-09,16014.3798828125
958,2016-02-08,16027.0498046875
959,2016-02-07,16204.9697265625
960,2016-02-06,16204.9697265625
961,2016-02-05,16204.9697265625
962,2016-02-04,16416.580078125
963,2016-02-03,16336.66015625
964,2016-02-02,16153.5400390625
965,2016-02-01,16449.1796875
966,2016-01-31,16466.30078125
967,2016-01-30,16466.30078125
968,2016-01-29,16466.30078125
969,2016-01-28,16069.6396484375
970,2016-01-27,15944.4599609375
971,2016-01-26,16167.23046875
972,2016-01-25,15885.2197265625
973,2016-01-24,16093.509765625
974,2016-01-23,16093.509765625
975,2016-01-22,16093.509765625
976,2016-01-21,15882.6796875
977,2016-01-20,15766.740234375
978,2016-01-19,16016.01953125
979,2016-01-18,15988.080078125
980,2016-01-17,15988.080078125
981,2016-01-16,15988.080078125
982,2016-01-15,15988.080078125
983,2016-01-14,16379.0498046875
984,2016-01-13,16151.41015625
985,2016-01-12,16516.220703125
986,2016-01-11,16398.5703125
987,2016-01-10,16346.4501953125
988,2016-01-09,16346.4501953125
989,2016-01-08,16346.4501953125
990,2016-01-07,16514.099609375
991,2016-01-06,16906.509765625
992,2016-01-05,17158.66015625
993,2016-01-04,17148.939453125
994,2016-01-03,17425.029296875
995,2016-01-02,17425.029296875
996,2016-01-01,17425.029296875
997,2015-12-31,17425.029296875
998,2015-12-30,17603.869140625
999,2015-12-29,17720.98046875
1000,2015-12-28,17528.26953125
1001,2015-12-27,17552.169921875
1002,2015-12-26,17552.169921875
1003,2015-12-25,17552.169921875
1004,2015-12-24,17552.169921875
1005,2015-12-23,17602.609375
1006,2015-12-22,17417.26953125
1007,2015-12-21,17251.619140625
1008,2015-12-20,17128.55078125
1009,2015-12-19,17128.55078125
1010,2015-12-18,17128.55078125
1011,2015-12-17,17495.83984375
1012,2015-12-16,17749.08984375
1013,2015-12-15,17524.91015625
1014,2015-12-14,17368.5
1015,2015-12-13,17265.2109375
1016,2015-12-12,17265.2109375
1017,2015-12-11,17265.2109375
1018,2015-12-10,17574.75
1019,2015-12-09,17492.30078125
1020,2015-12-08,17568.0
1021,2015-12-07,17730.509765625
1022,2015-12-06,17847.630859375
1023,2015-12-05,17847.630859375
1024,2015-12-04,17847.630859375
1025,2015-12-03,17477.669921875
1026,2015-12-02,17729.6796875
1027,2015-12-01,17888.349609375
1028,2015-11-30,17719.919921875
1029,2015-11-29,17813.390625
1030,2015-11-28,17813.390625
1031,2015-11-27,17813.390625
1032,2015-11-26,17813.390625
1033,2015-11-25,17813.390625
1034,2015-11-24,17812.189453125
1035,2015-11-23,17792.6796875
1036,2015-11-22,17823.810546875
1037,2015-11-21,17823.810546875
1038,2015-11-20,17823.810546875
1039,2015-11-19,17732.75
1040,2015-11-18,17737.16015625
1041,2015-11-17,17489.5
1042,2015-11-16,17483.009765625
1043,2015-11-15,17245.240234375
1044,2015-11-14,17245.240234375
1045,2015-11-13,17245.240234375
1046,2015-11-12,17448.0703125
1047,2015-11-11,17702.220703125
1048,2015-11-10,17758.2109375
1049,2015-11-09,17730.48046875
1050,2015-11-08,17910.330078125
1051,2015-11-07,17910.330078125
1052,2015-11-06,17910.330078125
1053,2015-11-05,17863.4296875
1054,2015-11-04,17867.580078125
1055,2015-11-03,17918.150390625
1056,2015-11-02,17828.759765625
1057,2015-11-01,17663.5390625
1058,2015-10-31,17663.5390625
1059,2015-10-30,17663.5390625
1060,2015-10-29,17755.80078125
1061,2015-10-28,17779.51953125
1062,2015-10-27,17581.4296875
1063,2015-10-26,17623.05078125
1064,2015-10-25,17646.69921875
1065,2015-10-24,17646.69921875
1066,2015-10-23,17646.69921875
1067,2015-10-22,17489.16015625
1068,2015-10-21,17168.609375
1069,2015-10-20,17217.109375
1070,2015-10-19,17230.5390625
1071,2015-10-18,17215.970703125
1072,2015-10-17,17215.970703125
1073,2015-10-16,17215.970703125
1074,2015-10-15,17141.75
1075,2015-10-14,16924.75
1076,2015-10-13,17081.890625
1077,2015-10-12,17131.859375
1078,2015-10-11,17084.490234375
1079,2015-10-10,17084.490234375
1080,2015-10-09,17084.490234375
1081,2015-10-08,17050.75
1082,2015-10-07,16912.2890625
1083,2015-10-06,16790.189453125
1084,2015-10-05,16776.4296875
1085,2015-10-04,16472.369140625
1086,2015-10-03,16472.369140625
1087,2015-10-02,16472.369140625
1088,2015-10-01,16272.009765625
1089,2015-09-30,16284.7001953125
1090,2015-09-29,16049.1298828125
1091,2015-09-28,16001.8896484375
1092,2015-09-27,16314.669921875
1093,2015-09-26,16314.669921875
1094,2015-09-25,16314.669921875
1095,2015-09-24,16201.3203125
1096,2015-09-23,16279.8896484375
1097,2015-09-22,16330.4697265625
1098,2015-09-21,16510.189453125
1099,2015-09-20,16384.580078125
1100,2015-09-19,16384.580078125
1101,2015-09-18,16384.580078125
1102,2015-09-17,16674.740234375
1103,2015-09-16,16739.94921875
1104,2015-09-15,16599.849609375
1105,2015-09-14,16370.9599609375
1106,2015-09-13,16433.08984375
1107,2015-09-12,16433.08984375
1108,2015-09-11,16433.08984375
1109,2015-09-10,16330.400390625
1110,2015-09-09,16253.5703125
1111,2015-09-08,16492.6796875
1112,2015-09-07,16102.3798828125
1113,2015-09-06,16102.3798828125
1114,2015-09-05,16102.3798828125
1115,2015-09-04,16102.3798828125
1116,2015-09-03,16374.759765625
1117,2015-09-02,16351.3798828125
1118,2015-09-01,16058.349609375
1119,2015-08-31,16528.029296875
1120,2015-08-30,16643.009765625
1121,2015-08-29,16643.009765625
1122,2015-08-28,16643.009765625
1123,2015-08-27,16654.76953125
1124,2015-08-26,16285.509765625
1125,2015-08-25,15666.4404296875
1126,2015-08-24,15871.349609375
1127,2015-08-23,16459.75
1128,2015-08-22,16459.75
1129,2015-08-21,16459.75
1130,2015-08-20,16990.689453125
1131,2015-08-19,17348.73046875
1132,2015-08-18,17511.33984375
1133,2015-08-17,17545.1796875
1134,2015-08-16,17477.400390625
1135,2015-08-15,17477.400390625
1136,2015-08-14,17477.400390625
1137,2015-08-13,17408.25
1138,2015-08-12,17402.509765625
1139,2015-08-11,17402.83984375
1140,2015-08-10,17615.169921875
1141,2015-08-09,17373.380859375
1142,2015-08-08,17373.380859375
1143,2015-08-07,17373.380859375
1144,2015-08-06,17419.75
1145,2015-08-05,17540.470703125
1146,2015-08-04,17550.689453125
1147,2015-08-03,17598.19921875
1148,2015-08-02,17689.859375
1149,2015-08-01,17689.859375
1150,2015-07-31,17689.859375
1151,2015-07-30,17745.98046875
1152,2015-07-29,17751.390625
1153,2015-07-28,17630.26953125
1154,2015-07-27,17440.58984375
1155,2015-07-26,17568.529296875
1156,2015-07-25,17568.529296875
1157,2015-07-24,17568.529296875
1158,2015-07-23,17731.919921875
1159,2015-07-22,17851.0390625
1160,2015-07-21,17919.2890625
1161,2015-07-20,18100.41015625
1162,2015-07-19,18086.44921875
1163,2015-07-18,18086.44921875
1164,2015-07-17,18086.44921875
1165,2015-07-16,18120.25
1166,2015-07-15,18050.169921875
1167,2015-07-14,18053.580078125
1168,2015-07-13,17977.6796875
1169,2015-07-12,17760.41015625
1170,2015-07-11,17760.41015625
1171,2015-07-10,17760.41015625
1172,2015-07-09,17548.619140625
1173,2015-07-08,17515.419921875
1174,2015-07-07,17776.91015625
1175,2015-07-06,17683.580078125
1176,2015-07-05,17730.109375
1177,2015-07-04,17730.109375
1178,2015-07-03,17730.109375
1179,2015-07-02,17730.109375
1180,2015-07-01,17757.91015625
1181,2015-06-30,17619.509765625
1182,2015-06-29,17596.349609375
1183,2015-06-28,17946.6796875
1184,2015-06-27,17946.6796875
1185,2015-06-26,17946.6796875
1186,2015-06-25,17890.359375
1187,2015-06-24,17966.0703125
1188,2015-06-23,18144.0703125
1189,2015-06-22,18119.779296875
1190,2015-06-21,18015.94921875
1191,2015-06-20,18015.94921875
1192,2015-06-19,18015.94921875
1193,2015-06-18,18115.83984375
1194,2015-06-17,17935.740234375
1195,2015-06-16,17904.48046875
1196,2015-06-15,17791.169921875
1197,2015-06-14,17898.83984375
1198,2015-06-13,17898.83984375
1199,2015-06-12,17898.83984375
1200,2015-06-11,18039.369140625
1201,2015-06-10,18000.400390625
1202,2015-06-09,17764.0390625
1203,2015-06-08,17766.55078125
1204,2015-06-07,17849.4609375
1205,2015-06-06,17849.4609375
1206,2015-06-05,17849.4609375
1207,2015-06-04,17905.580078125
1208,2015-06-03,18076.26953125
1209,2015-06-02,18011.939453125
1210,2015-06-01,18040.369140625
1211,2015-05-31,18010.6796875
1212,2015-05-30,18010.6796875
1213,2015-05-29,18010.6796875
1214,2015-05-28,18126.119140625
1215,2015-05-27,18162.990234375
1216,2015-05-26,18041.5390625
1217,2015-05-25,18232.01953125
1218,2015-05-24,18232.01953125
1219,2015-05-23,18232.01953125
1220,2015-05-22,18232.01953125
1221,2015-05-21,18285.740234375
1222,2015-05-20,18285.400390625
1223,2015-05-19,18312.390625
1224,2015-05-18,18298.880859375
1225,2015-05-17,18272.560546875
1226,2015-05-16,18272.560546875
1227,2015-05-15,18272.560546875
1228,2015-05-14,18252.240234375
1229,2015-05-13,18060.490234375
1230,2015-05-12,18068.23046875
1231,2015-05-11,18105.169921875
1232,2015-05-10,18191.109375
1233,2015-05-09,18191.109375
1234,2015-05-08,18191.109375
1235,2015-05-07,17924.060546875
1236,2015-05-06,17841.98046875
1237,2015-05-05,17928.19921875
1238,2015-05-04,18070.400390625
1239,2015-05-03,18024.060546875
1240,2015-05-02,18024.060546875
1241,2015-05-01,18024.060546875
1242,2015-04-30,17840.51953125
1243,2015-04-29,18035.529296875
1244,2015-04-28,18110.140625
1245,2015-04-27,18037.970703125
1246,2015-04-26,18080.140625
1247,2015-04-25,18080.140625
1248,2015-04-24,18080.140625
1249,2015-04-23,18058.689453125
1250,2015-04-22,18038.26953125
1251,2015-04-21,17949.58984375
1252,2015-04-20,18034.9296875
1253,2015-04-19,17826.30078125
1254,2015-04-18,17826.30078125
1255,2015-04-17,17826.30078125
1256,2015-04-16,18105.76953125
1257,2015-04-15,18112.609375
1258,2015-04-14,18036.69921875
1259,2015-04-13,17977.0390625
1260,2015-04-12,18057.650390625
1261,2015-04-11,18057.650390625
1262,2015-04-10,18057.650390625
1263,2015-04-09,17958.73046875
1264,2015-04-08,17902.509765625
1265,2015-04-07,17875.419921875
1266,2015-04-06,17880.849609375
1267,2015-04-05,17763.240234375
1268,2015-04-04,17763.240234375
1269,2015-04-03,17763.240234375
1270,2015-04-02,17763.240234375
1271,2015-04-01,17698.1796875
1272,2015-03-31,17776.119140625
1273,2015-03-30,17976.310546875
1274,2015-03-29,17712.66015625
1275,2015-03-28,17712.66015625
1276,2015-03-27,17712.66015625
1277,2015-03-26,17678.23046875
1278,2015-03-25,17718.5390625
1279,2015-03-24,18011.140625
1280,2015-03-23,18116.0390625
1281,2015-03-22,18127.650390625
1282,2015-03-21,18127.650390625
1283,2015-03-20,18127.650390625
1284,2015-03-19,17959.029296875
1285,2015-03-18,18076.189453125
1286,2015-03-17,17849.080078125
1287,2015-03-16,17977.419921875
1288,2015-03-15,17749.310546875
1289,2015-03-14,17749.310546875
1290,2015-03-13,17749.310546875
1291,2015-03-12,17895.220703125
1292,2015-03-11,17635.390625
1293,2015-03-10,17662.939453125
1294,2015-03-09,17995.720703125
1295,2015-03-08,17856.779296875
1296,2015-03-07,17856.779296875
1297,2015-03-06,17856.779296875
1298,2015-03-05,18135.720703125
1299,2015-03-04,18096.900390625
1300,2015-03-03,18203.369140625
1301,2015-03-02,18288.630859375
1302,2015-03-01,18132.69921875
1303,2015-02-28,18132.69921875
1304,2015-02-27,18132.69921875
1305,2015-02-26,18214.419921875
1306,2015-02-25,18224.5703125
1307,2015-02-24,18209.189453125
1308,2015-02-23,18116.83984375
1309,2015-02-22,18140.439453125
1310,2015-02-21,18140.439453125
1311,2015-02-20,18140.439453125
1312,2015-02-19,17985.76953125
1313,2015-02-18,18029.849609375
1314,2015-02-17,18047.580078125
1315,2015-02-16,18019.349609375
1316,2015-02-15,18019.349609375
1317,2015-02-14,18019.349609375
1318,2015-02-13,18019.349609375
1319,2015-02-12,17972.380859375
1320,2015-02-11,17862.140625
1321,2015-02-10,17868.759765625
1322,2015-02-09,17729.2109375
1323,2015-02-08,17824.2890625
1324,2015-02-07,17824.2890625
1325,2015-02-06,17824.2890625
1326,2015-02-05,17884.880859375
1327,2015-02-04,17673.01953125
1328,2015-02-03,17666.400390625
1329,2015-02-02,17361.0390625
1330,2015-02-01,17164.94921875
1331,2015-01-31,17164.94921875
1332,2015-01-30,17164.94921875
1333,2015-01-29,17416.849609375
1334,2015-01-28,17191.369140625
1335,2015-01-27,17387.2109375
1336,2015-01-26,17678.69921875
1337,2015-01-25,17672.599609375
1338,2015-01-24,17672.599609375
1339,2015-01-23,17672.599609375
1340,2015-01-22,17813.98046875
1341,2015-01-21,17554.279296875
1342,2015-01-20,17515.23046875
1343,2015-01-19,17511.5703125
1344,2015-01-18,17511.5703125
1345,2015-01-17,17511.5703125
1346,2015-01-16,17511.5703125
1347,2015-01-15,17320.7109375
1348,2015-01-14,17427.08984375
1349,2015-01-13,17613.6796875
1350,2015-01-12,17640.83984375
1351,2015-01-11,17737.369140625
1352,2015-01-10,17737.369140625
1353,2015-01-09,17737.369140625
1354,2015-01-08,17907.869140625
1355,2015-01-07,17584.51953125
1356,2015-01-06,17371.640625
1357,2015-01-05,17501.650390625
1358,2015-01-04,17832.990234375
1359,2015-01-03,17832.990234375
1360,2015-01-02,17832.990234375
1361,2015-01-01,17823.0703125
1362,2014-12-31,17823.0703125
1363,2014-12-30,17983.0703125
1364,2014-12-29,18038.23046875
1365,2014-12-28,18053.7109375
1366,2014-12-27,18053.7109375
1367,2014-12-26,18053.7109375
1368,2014-12-25,18030.2109375
1369,2014-12-24,18030.2109375
1370,2014-12-23,18024.169921875
1371,2014-12-22,17959.439453125
1372,2014-12-21,17804.80078125
1373,2014-12-20,17804.80078125
1374,2014-12-19,17804.80078125
1375,2014-12-18,17778.150390625
1376,2014-12-17,17356.869140625
1377,2014-12-16,17068.869140625
1378,2014-12-15,17180.83984375
1379,2014-12-14,17280.830078125
1380,2014-12-13,17280.830078125
1381,2014-12-12,17280.830078125
1382,2014-12-11,17596.33984375
1383,2014-12-10,17533.150390625
1384,2014-12-09,17801.19921875
1385,2014-12-08,17852.48046875
1386,2014-12-07,17958.7890625
1387,2014-12-06,17958.7890625
1388,2014-12-05,17958.7890625
1389,2014-12-04,17900.099609375
1390,2014-12-03,17912.619140625
1391,2014-12-02,17879.55078125
1392,2014-12-01,17776.80078125
1393,2014-11-30,17828.240234375
1394,2014-11-29,17828.240234375
1395,2014-11-28,17828.240234375
1396,2014-11-27,17827.75
1397,2014-11-26,17827.75
1398,2014-11-25,17814.939453125
1399,2014-11-24,17817.900390625
1400,2014-11-23,17810.060546875
1401,2014-11-22,17810.060546875
1402,2014-11-21,17810.060546875
1403,2014-11-20,17719.0
1404,2014-11-19,17685.73046875
1405,2014-11-18,17687.8203125
1406,2014-11-17,17647.75
1407,2014-11-16,17634.740234375
1408,2014-11-15,17634.740234375
1409,2014-11-14,17634.740234375
1410,2014-11-13,17652.7890625
1411,2014-11-12,17612.19921875
1412,2014-11-11,17614.900390625
1413,2014-11-10,17613.740234375
1414,2014-11-09,17573.9296875
1415,2014-11-08,17573.9296875
1416,2014-11-07,17573.9296875
1417,2014-11-06,17554.470703125
1418,2014-11-05,17484.529296875
1419,2014-11-04,17383.83984375
1420,2014-11-03,17366.240234375
1421,2014-11-02,17390.51953125
1422,2014-11-01,17390.51953125
1423,2014-10-31,17390.51953125
1424,2014-10-30,17195.419921875
1425,2014-10-29,16974.310546875
1426,2014-10-28,17005.75
1427,2014-10-27,16817.939453125
1428,2014-10-26,16805.41015625
1429,2014-10-25,16805.41015625
1430,2014-10-24,16805.41015625
1431,2014-10-23,16677.900390625
1432,2014-10-22,16461.3203125
1433,2014-10-21,16614.810546875
1434,2014-10-20,16399.669921875
1435,2014-10-19,16380.41015625
1436,2014-10-18,16380.41015625
1437,2014-10-17,16380.41015625
1438,2014-10-16,16117.240234375
1439,2014-10-15,16141.740234375
1440,2014-10-14,16315.1904296875
1441,2014-10-13,16321.0703125
1442,2014-10-12,16544.099609375
1443,2014-10-11,16544.099609375
1444,2014-10-10,16544.099609375
1445,2014-10-09,16659.25
1446,2014-10-08,16994.220703125
1447,2014-10-07,16719.390625
1448,2014-10-06,16991.91015625
1449,2014-10-05,17009.689453125
1450,2014-10-04,17009.689453125
1451,2014-10-03,17009.689453125
1452,2014-10-02,16801.05078125
1453,2014-10-01,16804.7109375
1454,2014-09-30,17042.900390625
1455,2014-09-29,17071.220703125
1456,2014-09-28,17113.150390625
1457,2014-09-27,17113.150390625
1458,2014-09-26,17113.150390625
1459,2014-09-25,16945.80078125
1460,2014-09-24,17210.060546875
1461,2014-09-23,17055.869140625
1462,2014-09-22,17172.6796875
1463,2014-09-21,17279.740234375
1464,2014-09-20,17279.740234375
1465,2014-09-19,17279.740234375
1466,2014-09-18,17265.990234375
1467,2014-09-17,17156.849609375
1468,2014-09-16,17131.970703125
1469,2014-09-15,17031.140625
1470,2014-09-14,16987.509765625
1471,2014-09-13,16987.509765625
1472,2014-09-12,16987.509765625
1473,2014-09-11,17049.0
1474,2014-09-10,17068.7109375
1475,2014-09-09,17013.869140625
1476,2014-09-08,17111.419921875
1477,2014-09-07,17137.359375
1478,2014-09-06,17137.359375
1479,2014-09-05,17137.359375
1480,2014-09-04,17069.580078125
1481,2014-09-03,17078.279296875
1482,2014-09-02,17067.560546875
1483,2014-09-01,17098.44921875
1484,2014-08-31,17098.44921875
1485,2014-08-30,17098.44921875
1486,2014-08-29,17098.44921875
1487,2014-08-28,17079.5703125
1488,2014-08-27,17122.009765625
1489,2014-08-26,17106.69921875
1490,2014-08-25,17076.869140625
1491,2014-08-24,17001.220703125
1492,2014-08-23,17001.220703125
1493,2014-08-22,17001.220703125
1494,2014-08-21,17039.490234375
1495,2014-08-20,16979.130859375
1496,2014-08-19,16919.58984375
1497,2014-08-18,16838.740234375
1498,2014-08-17,16662.91015625
1499,2014-08-16,16662.91015625
1500,2014-08-15,16662.91015625
1501,2014-08-14,16713.580078125
1502,2014-08-13,16651.80078125
1503,2014-08-12,16560.5390625
1504,2014-08-11,16569.98046875
1505,2014-08-10,16553.9296875
1506,2014-08-09,16553.9296875
1507,2014-08-08,16553.9296875
1508,2014-08-07,16368.26953125
1509,2014-08-06,16443.33984375
1510,2014-08-05,16429.470703125
1511,2014-08-04,16569.279296875
1512,2014-08-03,16493.369140625
1513,2014-08-02,16493.369140625
1514,2014-08-01,16493.369140625
1515,2014-07-31,16563.30078125
1516,2014-07-30,16880.359375
1517,2014-07-29,16912.109375
1518,2014-07-28,16982.58984375
1519,2014-07-27,16960.5703125
1520,2014-07-26,16960.5703125
1521,2014-07-25,16960.5703125
1522,2014-07-24,17083.80078125
1523,2014-07-23,17086.630859375
1524,2014-07-22,17113.5390625
1525,2014-07-21,17051.73046875
1526,2014-07-20,17100.1796875
1527,2014-07-19,17100.1796875
1528,2014-07-18,17100.1796875
1529,2014-07-17,16976.810546875
1530,2014-07-16,17138.19921875
1531,2014-07-15,17060.6796875
1532,2014-07-14,17055.419921875
1533,2014-07-13,16943.810546875
1534,2014-07-12,16943.810546875
1535,2014-07-11,16943.810546875
1536,2014-07-10,16915.0703125
1537,2014-07-09,16985.609375
1538,2014-07-08,16906.619140625
1539,2014-07-07,17024.2109375
1540,2014-07-06,17068.259765625
1541,2014-07-05,17068.259765625
1542,2014-07-04,17068.259765625
1543,2014-07-03,17068.259765625
1544,2014-07-02,16976.240234375
1545,2014-07-01,16956.0703125
1546,2014-06-30,16826.599609375
1547,2014-06-29,16851.83984375
1548,2014-06-28,16851.83984375
1549,2014-06-27,16851.83984375
1550,2014-06-26,16846.130859375
1551,2014-06-25,16867.509765625
1552,2014-06-24,16818.130859375
1553,2014-06-23,16937.259765625
1554,2014-06-22,16947.080078125
1555,2014-06-21,16947.080078125
1556,2014-06-20,16947.080078125
1557,2014-06-19,16921.4609375
1558,2014-06-18,16906.619140625
1559,2014-06-17,16808.490234375
1560,2014-06-16,16781.009765625
1561,2014-06-15,16775.740234375
1562,2014-06-14,16775.740234375
1563,2014-06-13,16775.740234375
1564,2014-06-12,16734.189453125
1565,2014-06-11,16843.880859375
1566,2014-06-10,16945.919921875
1567,2014-06-09,16943.099609375
1568,2014-06-08,16924.279296875
1569,2014-06-07,16924.279296875
1570,2014-06-06,16924.279296875
1571,2014-06-05,16836.109375
1572,2014-06-04,16737.529296875
1573,2014-06-03,16722.33984375
1574,2014-06-02,16743.630859375
1575,2014-06-01,16717.169921875
1576,2014-05-31,16717.169921875
1577,2014-05-30,16717.169921875
1578,2014-05-29,16698.740234375
1579,2014-05-28,16633.1796875
1580,2014-05-27,16675.5
1581,2014-05-26,16606.26953125
1582,2014-05-25,16606.26953125
1583,2014-05-24,16606.26953125
1584,2014-05-23,16606.26953125
1585,2014-05-22,16543.080078125
1586,2014-05-21,16533.060546875
1587,2014-05-20,16374.3095703125
1588,2014-05-19,16511.859375
1589,2014-05-18,16491.310546875
1590,2014-05-17,16491.310546875
1591,2014-05-16,16491.310546875
1592,2014-05-15,16446.810546875
1593,2014-05-14,16613.970703125
1594,2014-05-13,16715.439453125
1595,2014-05-12,16695.470703125
1596,2014-05-11,16583.33984375
1597,2014-05-10,16583.33984375
1598,2014-05-09,16583.33984375
1599,2014-05-08,16550.970703125
1600,2014-05-07,16518.5390625
1601,2014-05-06,16401.01953125
1602,2014-05-05,16530.55078125
1603,2014-05-04,16512.890625
1604,2014-05-03,16512.890625
1605,2014-05-02,16512.890625
1606,2014-05-01,16558.869140625
1607,2014-04-30,16580.83984375
1608,2014-04-29,16535.369140625
1609,2014-04-28,16448.740234375
1610,2014-04-27,16361.4599609375
1611,2014-04-26,16361.4599609375
1612,2014-04-25,16361.4599609375
1613,2014-04-24,16501.650390625
1614,2014-04-23,16501.650390625
1615,2014-04-22,16514.369140625
1616,2014-04-21,16449.25
1617,2014-04-20,16408.5390625
1618,2014-04-19,16408.5390625
1619,2014-04-18,16408.5390625
1620,2014-04-17,16408.5390625
1621,2014-04-16,16424.849609375
1622,2014-04-15,16262.5595703125
1623,2014-04-14,16173.240234375
1624,2014-04-13,16026.75
1625,2014-04-12,16026.75
1626,2014-04-11,16026.75
1627,2014-04-10,16170.2197265625
1628,2014-04-09,16437.1796875
1629,2014-04-08,16256.1396484375
1630,2014-04-07,16245.8701171875
1631,2014-04-06,16412.7109375
1632,2014-04-05,16412.7109375
1633,2014-04-04,16412.7109375
1634,2014-04-03,16572.55078125
1635,2014-04-02,16573.0
1636,2014-04-01,16532.609375
1637,2014-03-31,16457.66015625
1638,2014-03-30,16323.0595703125
1639,2014-03-29,16323.0595703125
1640,2014-03-28,16323.0595703125
1641,2014-03-27,16264.23046875
1642,2014-03-26,16268.990234375
1643,2014-03-25,16367.8798828125
1644,2014-03-24,16276.6904296875
1645,2014-03-23,16302.76953125
1646,2014-03-22,16302.76953125
1647,2014-03-21,16302.76953125
1648,2014-03-20,16331.0498046875
1649,2014-03-19,16222.169921875
1650,2014-03-18,16336.1904296875
1651,2014-03-17,16247.2197265625
1652,2014-03-16,16065.669921875
1653,2014-03-15,16065.669921875
1654,2014-03-14,16065.669921875
1655,2014-03-13,16108.8896484375
1656,2014-03-12,16340.080078125
1657,2014-03-11,16351.25
1658,2014-03-10,16418.6796875
1659,2014-03-09,16452.720703125
1660,2014-03-08,16452.720703125
1661,2014-03-07,16452.720703125
1662,2014-03-06,16421.890625
1663,2014-03-05,16360.1796875
1664,2014-03-04,16395.880859375
1665,2014-03-03,16168.0302734375
1666,2014-03-02,16321.7099609375
1667,2014-03-01,16321.7099609375
1668,2014-02-28,16321.7099609375
1669,2014-02-27,16272.650390625
1670,2014-02-26,16198.41015625
1671,2014-02-25,16179.66015625
1672,2014-02-24,16207.1396484375
1673,2014-02-23,16103.2998046875
1674,2014-02-22,16103.2998046875
1675,2014-02-21,16103.2998046875
1676,2014-02-20,16133.23046875
1677,2014-02-19,16040.5595703125
1678,2014-02-18,16130.400390625
1679,2014-02-17,16154.3896484375
1680,2014-02-16,16154.3896484375
1681,2014-02-15,16154.3896484375
1682,2014-02-14,16154.3896484375
1683,2014-02-13,16027.58984375
1684,2014-02-12,15963.9404296875
1685,2014-02-11,15994.76953125
1686,2014-02-10,15801.7900390625
1687,2014-02-09,15794.080078125
1688,2014-02-08,15794.080078125
1689,2014-02-07,15794.080078125
1690,2014-02-06,15628.5302734375
1691,2014-02-05,15440.23046875
1692,2014-02-04,15445.240234375
1693,2014-02-03,15372.7998046875
1694,2014-02-02,15698.849609375
1695,2014-02-01,15698.849609375
1696,2014-01-31,15698.849609375
1697,2014-01-30,15848.6103515625
1698,2014-01-29,15738.7900390625
1699,2014-01-28,15928.5595703125
1700,2014-01-27,15837.8798828125
1701,2014-01-26,15879.1103515625
1702,2014-01-25,15879.1103515625
1703,2014-01-24,15879.1103515625
1704,2014-01-23,16197.349609375
1705,2014-01-22,16373.33984375
1706,2014-01-21,16414.439453125
1707,2014-01-20,16458.560546875
1708,2014-01-19,16458.560546875
1709,2014-01-18,16458.560546875
1710,2014-01-17,16458.560546875
1711,2014-01-16,16417.009765625
1712,2014-01-15,16481.939453125
1713,2014-01-14,16373.8603515625
1714,2014-01-13,16257.9404296875
1715,2014-01-12,16437.05078125
1716,2014-01-11,16437.05078125
1717,2014-01-10,16437.05078125
1718,2014-01-09,16444.759765625
1719,2014-01-08,16462.740234375
1720,2014-01-07,16530.939453125
1721,2014-01-06,16425.099609375
1722,2014-01-05,16469.990234375
1723,2014-01-04,16469.990234375
1724,2014-01-03,16469.990234375
1725,2014-01-02,16441.349609375
1726,2014-01-01,16576.66015625
1727,2013-12-31,16576.66015625
1728,2013-12-30,16504.2890625
1729,2013-12-29,16478.41015625
1730,2013-12-28,16478.41015625
1731,2013-12-27,16478.41015625
1732,2013-12-26,16479.880859375
1733,2013-12-25,16357.5498046875
1734,2013-12-24,16357.5498046875
1735,2013-12-23,16294.6103515625
1736,2013-12-22,16221.1396484375
1737,2013-12-21,16221.1396484375
1738,2013-12-20,16221.1396484375
1739,2013-12-19,16179.080078125
1740,2013-12-18,16167.9697265625
1741,2013-12-17,15875.259765625
1742,2013-12-16,15884.5703125
1743,2013-12-15,15755.3603515625
1744,2013-12-14,15755.3603515625
1745,2013-12-13,15755.3603515625
1746,2013-12-12,15739.4296875
1747,2013-12-11,15843.5302734375
1748,2013-12-10,15973.1298828125
1749,2013-12-09,16025.5302734375
1750,2013-12-08,16020.2001953125
1751,2013-12-07,16020.2001953125
1752,2013-12-06,16020.2001953125
1753,2013-12-05,15821.509765625
1754,2013-12-04,15889.76953125
1755,2013-12-03,15914.6201171875
1756,2013-12-02,16008.76953125
1757,2013-12-01,16086.41015625
1758,2013-11-30,16086.41015625
1759,2013-11-29,16086.41015625
1760,2013-11-28,16097.330078125
1761,2013-11-27,16097.330078125
1762,2013-11-26,16072.7998046875
1763,2013-11-25,16072.5400390625
1764,2013-11-24,16064.76953125
1765,2013-11-23,16064.76953125
1766,2013-11-22,16064.76953125
1767,2013-11-21,16009.990234375
1768,2013-11-20,15900.8203125
1769,2013-11-19,15967.0302734375
1770,2013-11-18,15976.01953125
1771,2013-11-17,15961.7001953125
1772,2013-11-16,15961.7001953125
1773,2013-11-15,15961.7001953125
1774,2013-11-14,15876.2197265625
1775,2013-11-13,15821.6298828125
1776,2013-11-12,15750.669921875
1777,2013-11-11,15783.099609375
1778,2013-11-10,15761.7802734375
1779,2013-11-09,15761.7802734375
1780,2013-11-08,15761.7802734375
1781,2013-11-07,15593.98046875
1782,2013-11-06,15746.8798828125
1783,2013-11-05,15618.2197265625
1784,2013-11-04,15639.1201171875
1785,2013-11-03,15615.5498046875
1786,2013-11-02,15615.5498046875
1787,2013-11-01,15615.5498046875
1788,2013-10-31,15545.75
1789,2013-10-30,15618.759765625
1790,2013-10-29,15680.349609375
1791,2013-10-28,15568.9296875
1792,2013-10-27,15570.2802734375
1793,2013-10-26,15570.2802734375
1794,2013-10-25,15570.2802734375
1795,2013-10-24,15509.2099609375
1796,2013-10-23,15413.330078125
1797,2013-10-22,15467.66015625
1798,2013-10-21,15392.2001953125
1799,2013-10-20,15399.650390625
1800,2013-10-19,15399.650390625
1801,2013-10-18,15399.650390625
1802,2013-10-17,15371.650390625
1803,2013-10-16,15373.830078125
1804,2013-10-15,15168.009765625
1805,2013-10-14,15301.259765625
1806,2013-10-13,15237.1103515625
1807,2013-10-12,15237.1103515625
1808,2013-10-11,15237.1103515625
1809,2013-10-10,15126.0703125
1810,2013-10-09,14802.98046875
1811,2013-10-08,14776.5302734375
1812,2013-10-07,14936.240234375
1813,2013-10-06,15072.580078125
1814,2013-10-05,15072.580078125
1815,2013-10-04,15072.580078125
1816,2013-10-03,14996.48046875
1817,2013-10-02,15133.1396484375
1818,2013-10-01,15191.7001953125
1819,2013-09-30,15129.669921875
1820,2013-09-29,15258.240234375
1821,2013-09-28,15258.240234375
1822,2013-09-27,15258.240234375
1823,2013-09-26,15328.2998046875
1824,2013-09-25,15273.259765625
1825,2013-09-24,15334.58984375
1826,2013-09-23,15401.3798828125
1827,2013-09-22,15451.08984375
1828,2013-09-21,15451.08984375
1829,2013-09-20,15451.08984375
1830,2013-09-19,15636.5498046875
1831,2013-09-18,15676.9404296875
1832,2013-09-17,15529.73046875
1833,2013-09-16,15494.7802734375
1834,2013-09-15,15376.0595703125
1835,2013-09-14,15376.0595703125
1836,2013-09-13,15376.0595703125
1837,2013-09-12,15300.6396484375
1838,2013-09-11,15326.599609375
1839,2013-09-10,15191.0595703125
1840,2013-09-09,15063.1201171875
1841,2013-09-08,14922.5
1842,2013-09-07,14922.5
1843,2013-09-06,14922.5
1844,2013-09-05,14937.48046875
1845,2013-09-04,14930.8701171875
1846,2013-09-03,14833.9599609375
1847,2013-09-02,14810.3095703125
1848,2013-09-01,14810.3095703125
1849,2013-08-31,14810.3095703125
1850,2013-08-30,14810.3095703125
1851,2013-08-29,14840.9501953125
1852,2013-08-28,14824.509765625
1853,2013-08-27,14776.1298828125
1854,2013-08-26,14946.4599609375
1855,2013-08-25,15010.509765625
1856,2013-08-24,15010.509765625
1857,2013-08-23,15010.509765625
1858,2013-08-22,14963.740234375
1859,2013-08-21,14897.5498046875
1860,2013-08-20,15002.990234375
1861,2013-08-19,15010.740234375
1862,2013-08-18,15081.4697265625
1863,2013-08-17,15081.4697265625
1864,2013-08-16,15081.4697265625
1865,2013-08-15,15112.1904296875
1866,2013-08-14,15337.66015625
1867,2013-08-13,15451.009765625
1868,2013-08-12,15419.6796875
1869,2013-08-11,15425.509765625
1870,2013-08-10,15425.509765625
1871,2013-08-09,15425.509765625
1872,2013-08-08,15498.3203125
1873,2013-08-07,15470.669921875
1874,2013-08-06,15518.740234375
1875,2013-08-05,15612.1298828125
1876,2013-08-04,15658.3603515625
1877,2013-08-03,15658.3603515625
1878,2013-08-02,15658.3603515625
1879,2013-08-01,15628.01953125
1880,2013-07-31,15499.5400390625
1881,2013-07-30,15520.58984375
1882,2013-07-29,15521.9697265625
1883,2013-07-28,15558.830078125
1884,2013-07-27,15558.830078125
1885,2013-07-26,15558.830078125
1886,2013-07-25,15555.6103515625
1887,2013-07-24,15542.240234375
1888,2013-07-23,15567.740234375
1889,2013-07-22,15545.5498046875
1890,2013-07-21,15543.740234375
1891,2013-07-20,15543.740234375
1892,2013-07-19,15543.740234375
1893,2013-07-18,15548.5400390625
1894,2013-07-17,15470.51953125
1895,2013-07-16,15451.849609375
1896,2013-07-15,15484.259765625
1897,2013-07-14,15464.2998046875
1898,2013-07-13,15464.2998046875
1899,2013-07-12,15464.2998046875
1900,2013-07-11,15460.919921875
1901,2013-07-10,15291.66015625
1902,2013-07-09,15300.33984375
1903,2013-07-08,15224.6904296875
1904,2013-07-07,15135.83984375
1905,2013-07-06,15135.83984375
1906,2013-07-05,15135.83984375
1907,2013-07-04,14988.3701171875
1908,2013-07-03,14988.3701171875
1909,2013-07-02,14932.41015625
1910,2013-07-01,14974.9599609375
1911,2013-06-30,14909.599609375
1912,2013-06-29,14909.599609375
1913,2013-06-28,14909.599609375
1914,2013-06-27,15024.490234375
1915,2013-06-26,14910.1396484375
1916,2013-06-25,14760.3095703125
1917,2013-06-24,14659.5595703125
1918,2013-06-23,14799.400390625
1919,2013-06-22,14799.400390625
1920,2013-06-21,14799.400390625
1921,2013-06-20,14758.3203125
1922,2013-06-19,15112.1904296875
1923,2013-06-18,15318.23046875
1924,2013-06-17,15179.849609375
1925,2013-06-16,15070.1796875
1926,2013-06-15,15070.1796875
1927,2013-06-14,15070.1796875
1928,2013-06-13,15176.080078125
1929,2013-06-12,14995.23046875
1930,2013-06-11,15122.01953125
1931,2013-06-10,15238.58984375
1932,2013-06-09,15248.1201171875
1933,2013-06-08,15248.1201171875
1934,2013-06-07,15248.1201171875
1935,2013-06-06,15040.6201171875
1936,2013-06-05,14960.58984375
1937,2013-06-04,15177.5400390625
1938,2013-06-03,15254.0302734375
1939,2013-06-02,15115.5703125
1940,2013-06-01,15115.5703125
1941,2013-05-31,15115.5703125
1942,2013-05-30,15324.5302734375
1943,2013-05-29,15302.7998046875
1944,2013-05-28,15409.3896484375
1945,2013-05-27,15303.099609375
1946,2013-05-26,15303.099609375
1947,2013-05-25,15303.099609375
1948,2013-05-24,15303.099609375
1949,2013-05-23,15294.5
1950,2013-05-22,15307.169921875
1951,2013-05-21,15387.580078125
1952,2013-05-20,15335.2802734375
1953,2013-05-19,15354.400390625
1954,2013-05-18,15354.400390625
1955,2013-05-17,15354.400390625
1956,2013-05-16,15233.2197265625
1957,2013-05-15,15275.6904296875
1958,2013-05-14,15215.25
1959,2013-05-13,15091.6796875
1960,2013-05-12,15118.490234375
1961,2013-05-11,15118.490234375
1962,2013-05-10,15118.490234375
1963,2013-05-09,15082.6201171875
1964,2013-05-08,15105.1201171875
1965,2013-05-07,15056.2001953125
1966,2013-05-06,14968.8896484375
1967,2013-05-05,14973.9599609375
1968,2013-05-04,14973.9599609375
1969,2013-05-03,14973.9599609375
1970,2013-05-02,14831.580078125
1971,2013-05-01,14700.9501953125
1972,2013-04-30,14839.7998046875
1973,2013-04-29,14818.75
1974,2013-04-28,
