,date,sp_close,dj_close
0,2018-10-30,2885.570068359375,26447.05078125
1,2018-10-29,2885.570068359375,26447.05078125
2,2018-10-28,2885.570068359375,26447.05078125
3,2018-10-27,2885.570068359375,26447.05078125
4,2018-10-26,2885.570068359375,26447.05078125
5,2018-10-25,2885.570068359375,26447.05078125
6,2018-10-24,2885.570068359375,26447.05078125
7,2018-10-23,2885.570068359375,26447.05078125
8,2018-10-22,2885.570068359375,26447.05078125
9,2018-10-21,2885.570068359375,26447.05078125
10,2018-10-20,2885.570068359375,26447.05078125
11,2018-10-19,2885.570068359375,26447.05078125
12,2018-10-18,2885.570068359375,26447.05078125
13,2018-10-17,2885.570068359375,26447.05078125
14,2018-10-16,2885.570068359375,26447.05078125
15,2018-10-15,2885.570068359375,26447.05078125
16,2018-10-14,2885.570068359375,26447.05078125
17,2018-10-13,2885.570068359375,26447.05078125
18,2018-10-12,2885.570068359375,26447.05078125
19,2018-10-11,2885.570068359375,26447.05078125
20,2018-10-10,2885.570068359375,26447.05078125
21,2018-10-09,2885.570068359375,26447.05078125
22,2018-10-08,2885.570068359375,26447.05078125
23,2018-10-07,2885.570068359375,26447.05078125
24,2018-10-06,2885.570068359375,26447.05078125
25,2018-10-05,2885.570068359375,26447.05078125
26,2018-10-04,2901.610107421875,26627.48046875
27,2018-10-03,2925.510009765625,26828.390625
28,2018-10-02,2923.429931640625,26773.939453125
29,2018-10-01,2924.590087890625,26651.2109375
30,2018-09-30,2913.97998046875,26458.310546875
31,2018-09-29,2913.97998046875,26458.310546875
32,2018-09-28,2913.97998046875,26458.310546875
33,2018-09-27,2914.0,26439.9296875
34,2018-09-26,2905.969970703125,26385.279296875
35,2018-09-25,2915.56005859375,26492.2109375
36,2018-09-24,2919.3701171875,26562.05078125
37,2018-09-23,2929.669921875,26743.5
38,2018-09-22,2929.669921875,26743.5
39,2018-09-21,2929.669921875,26743.5
40,2018-09-20,2930.75,26656.98046875
41,2018-09-19,2907.949951171875,26405.759765625
42,2018-09-18,2904.31005859375,26246.9609375
43,2018-09-17,2888.800048828125,26062.119140625
44,2018-09-16,2904.97998046875,26154.669921875
45,2018-09-15,2904.97998046875,26154.669921875
46,2018-09-14,2904.97998046875,26154.669921875
47,2018-09-13,2904.179931640625,26145.990234375
48,2018-09-12,2888.919921875,25998.919921875
49,2018-09-11,2887.889892578125,25971.060546875
50,2018-09-10,2877.1298828125,25857.0703125
51,2018-09-09,2871.679931640625,25916.5390625
52,2018-09-08,2871.679931640625,25916.5390625
53,2018-09-07,2871.679931640625,25916.5390625
54,2018-09-06,2878.050048828125,25995.869140625
55,2018-09-05,2888.60009765625,25974.990234375
56,2018-09-04,2896.719970703125,25952.48046875
57,2018-09-03,2901.52001953125,25964.8203125
58,2018-09-02,2901.52001953125,25964.8203125
59,2018-09-01,2901.52001953125,25964.8203125
60,2018-08-31,2901.52001953125,25964.8203125
61,2018-08-30,2901.1298828125,25986.919921875
62,2018-08-29,2914.0400390625,26124.5703125
63,2018-08-28,2897.52001953125,26064.01953125
64,2018-08-27,2896.739990234375,26049.640625
65,2018-08-26,2874.68994140625,25790.349609375
66,2018-08-25,2874.68994140625,25790.349609375
67,2018-08-24,2874.68994140625,25790.349609375
68,2018-08-23,2856.97998046875,25656.98046875
69,2018-08-22,2861.820068359375,25733.599609375
70,2018-08-21,2862.9599609375,25822.2890625
71,2018-08-20,2857.050048828125,25758.689453125
72,2018-08-19,2850.1298828125,25669.3203125
73,2018-08-18,2850.1298828125,25669.3203125
74,2018-08-17,2850.1298828125,25669.3203125
75,2018-08-16,2840.68994140625,25558.73046875
76,2018-08-15,2818.3701171875,25162.41015625
77,2018-08-14,2839.9599609375,25299.919921875
78,2018-08-13,2821.929931640625,25187.69921875
79,2018-08-12,2833.280029296875,25313.140625
80,2018-08-11,2833.280029296875,25313.140625
81,2018-08-10,2833.280029296875,25313.140625
82,2018-08-09,2853.580078125,25509.23046875
83,2018-08-08,2857.699951171875,25583.75
84,2018-08-07,2858.449951171875,25628.91015625
85,2018-08-06,2850.39990234375,25502.1796875
86,2018-08-05,2840.35009765625,25462.580078125
87,2018-08-04,2840.35009765625,25462.580078125
88,2018-08-03,2840.35009765625,25462.580078125
89,2018-08-02,2827.219970703125,25326.16015625
90,2018-08-01,2813.360107421875,25333.8203125
91,2018-07-31,2816.2900390625,25415.189453125
92,2018-07-30,2802.60009765625,25306.830078125
93,2018-07-29,2818.820068359375,25451.060546875
94,2018-07-28,2818.820068359375,25451.060546875
95,2018-07-27,2818.820068359375,25451.060546875
96,2018-07-26,2837.43994140625,25527.0703125
97,2018-07-25,2846.070068359375,25414.099609375
98,2018-07-24,2820.39990234375,25241.939453125
99,2018-07-23,2806.97998046875,25044.2890625
100,2018-07-22,2801.830078125,25058.119140625
101,2018-07-21,2801.830078125,25058.119140625
102,2018-07-20,2801.830078125,25058.119140625
103,2018-07-19,2804.489990234375,25064.5
104,2018-07-18,2815.6201171875,25199.2890625
105,2018-07-17,2809.550048828125,25119.890625
106,2018-07-16,2798.429931640625,25064.359375
107,2018-07-15,2801.31005859375,25019.41015625
108,2018-07-14,2801.31005859375,25019.41015625
109,2018-07-13,2801.31005859375,25019.41015625
110,2018-07-12,2798.2900390625,24924.890625
111,2018-07-11,2774.02001953125,24700.44921875
112,2018-07-10,2793.840087890625,24919.66015625
113,2018-07-09,2784.169921875,24776.58984375
114,2018-07-08,2759.820068359375,24456.48046875
115,2018-07-07,2759.820068359375,24456.48046875
116,2018-07-06,2759.820068359375,24456.48046875
117,2018-07-05,2736.610107421875,24356.740234375
118,2018-07-04,2713.219970703125,24174.8203125
119,2018-07-03,2713.219970703125,24174.8203125
120,2018-07-02,2726.7099609375,24307.1796875
121,2018-07-01,2718.3701171875,24271.41015625
122,2018-06-30,2718.3701171875,24271.41015625
123,2018-06-29,2718.3701171875,24271.41015625
124,2018-06-28,2716.31005859375,24216.05078125
125,2018-06-27,2699.6298828125,24117.58984375
126,2018-06-26,2723.06005859375,24283.109375
127,2018-06-25,2717.070068359375,24252.80078125
128,2018-06-24,2754.8798828125,24580.890625
129,2018-06-23,2754.8798828125,24580.890625
130,2018-06-22,2754.8798828125,24580.890625
131,2018-06-21,2749.760009765625,24461.69921875
132,2018-06-20,2767.320068359375,24657.80078125
133,2018-06-19,2762.590087890625,24700.2109375
134,2018-06-18,2773.75,24987.470703125
135,2018-06-17,2779.659912109375,25090.48046875
136,2018-06-16,2779.659912109375,25090.48046875
137,2018-06-15,2779.659912109375,25090.48046875
138,2018-06-14,2782.489990234375,25175.310546875
139,2018-06-13,2775.6298828125,25201.19921875
140,2018-06-12,2786.85009765625,25320.73046875
141,2018-06-11,2782.0,25322.310546875
142,2018-06-10,2779.030029296875,25316.529296875
143,2018-06-09,2779.030029296875,25316.529296875
144,2018-06-08,2779.030029296875,25316.529296875
145,2018-06-07,2770.3701171875,25241.41015625
146,2018-06-06,2772.35009765625,25146.390625
147,2018-06-05,2748.800048828125,24799.98046875
148,2018-06-04,2746.8701171875,24813.689453125
149,2018-06-03,2734.6201171875,24635.2109375
150,2018-06-02,2734.6201171875,24635.2109375
151,2018-06-01,2734.6201171875,24635.2109375
152,2018-05-31,2705.27001953125,24415.83984375
153,2018-05-30,2724.010009765625,24667.779296875
154,2018-05-29,2689.860107421875,24361.44921875
155,2018-05-28,2721.330078125,24753.08984375
156,2018-05-27,2721.330078125,24753.08984375
157,2018-05-26,2721.330078125,24753.08984375
158,2018-05-25,2721.330078125,24753.08984375
159,2018-05-24,2727.760009765625,24811.759765625
160,2018-05-23,2733.2900390625,24886.810546875
161,2018-05-22,2724.43994140625,24834.41015625
162,2018-05-21,2733.010009765625,25013.2890625
163,2018-05-20,2712.969970703125,24715.08984375
164,2018-05-19,2712.969970703125,24715.08984375
165,2018-05-18,2712.969970703125,24715.08984375
166,2018-05-17,2720.1298828125,24713.98046875
167,2018-05-16,2722.4599609375,24768.9296875
168,2018-05-15,2711.449951171875,24706.41015625
169,2018-05-14,2730.1298828125,24899.41015625
170,2018-05-13,2727.719970703125,24831.169921875
171,2018-05-12,2727.719970703125,24831.169921875
172,2018-05-11,2727.719970703125,24831.169921875
173,2018-05-10,2723.070068359375,24739.529296875
174,2018-05-09,2697.7900390625,24542.5390625
175,2018-05-08,2671.919921875,24360.2109375
176,2018-05-07,2672.6298828125,24357.3203125
177,2018-05-06,2663.419921875,24262.509765625
178,2018-05-05,2663.419921875,24262.509765625
179,2018-05-04,2663.419921875,24262.509765625
180,2018-05-03,2629.72998046875,23930.150390625
181,2018-05-02,2635.669921875,23924.98046875
182,2018-05-01,2654.800048828125,24099.05078125
183,2018-04-30,2648.050048828125,24163.150390625
184,2018-04-29,2669.909912109375,24311.189453125
185,2018-04-28,2669.909912109375,24311.189453125
186,2018-04-27,2669.909912109375,24311.189453125
187,2018-04-26,2666.93994140625,24322.33984375
188,2018-04-25,2639.39990234375,24083.830078125
189,2018-04-24,2634.56005859375,24024.130859375
190,2018-04-23,2670.2900390625,24448.689453125
191,2018-04-22,2670.139892578125,24462.939453125
192,2018-04-21,2670.139892578125,24462.939453125
193,2018-04-20,2670.139892578125,24462.939453125
194,2018-04-19,2693.1298828125,24664.890625
195,2018-04-18,2708.639892578125,24748.0703125
196,2018-04-17,2706.389892578125,24786.630859375
197,2018-04-16,2677.840087890625,24573.0390625
198,2018-04-15,2656.300048828125,24360.140625
199,2018-04-14,2656.300048828125,24360.140625
200,2018-04-13,2656.300048828125,24360.140625
201,2018-04-12,2663.989990234375,24483.05078125
202,2018-04-11,2642.18994140625,24189.44921875
203,2018-04-10,2656.8701171875,24408.0
204,2018-04-09,2613.159912109375,23979.099609375
205,2018-04-08,2604.469970703125,23932.759765625
206,2018-04-07,2604.469970703125,23932.759765625
207,2018-04-06,2604.469970703125,23932.759765625
208,2018-04-05,2662.840087890625,24505.220703125
209,2018-04-04,2644.68994140625,24264.30078125
210,2018-04-03,2614.449951171875,24033.359375
211,2018-04-02,2581.8798828125,23644.189453125
212,2018-04-01,2640.8701171875,24103.109375
213,2018-03-31,2640.8701171875,24103.109375
214,2018-03-30,2640.8701171875,24103.109375
215,2018-03-29,2640.8701171875,24103.109375
216,2018-03-28,2605.0,23848.419921875
217,2018-03-27,2612.6201171875,23857.7109375
218,2018-03-26,2658.550048828125,24202.599609375
219,2018-03-25,2588.260009765625,23533.19921875
220,2018-03-24,2588.260009765625,23533.19921875
221,2018-03-23,2588.260009765625,23533.19921875
222,2018-03-22,2643.68994140625,23957.890625
223,2018-03-21,2711.929931640625,24682.310546875
224,2018-03-20,2716.93994140625,24727.26953125
225,2018-03-19,2712.919921875,24610.91015625
226,2018-03-18,2752.010009765625,24946.509765625
227,2018-03-17,2752.010009765625,24946.509765625
228,2018-03-16,2752.010009765625,24946.509765625
229,2018-03-15,2747.330078125,24873.66015625
230,2018-03-14,2749.47998046875,24758.119140625
231,2018-03-13,2765.31005859375,25007.029296875
232,2018-03-12,2783.02001953125,25178.609375
233,2018-03-11,2786.570068359375,25335.740234375
234,2018-03-10,2786.570068359375,25335.740234375
235,2018-03-09,2786.570068359375,25335.740234375
236,2018-03-08,2738.969970703125,24895.2109375
237,2018-03-07,2726.800048828125,24801.359375
238,2018-03-06,2728.1201171875,24884.119140625
239,2018-03-05,2720.93994140625,24874.759765625
240,2018-03-04,2691.25,24538.060546875
241,2018-03-03,2691.25,24538.060546875
242,2018-03-02,2691.25,24538.060546875
243,2018-03-01,2677.669921875,24608.98046875
244,2018-02-28,2713.830078125,25029.19921875
245,2018-02-27,2744.280029296875,25410.029296875
246,2018-02-26,2779.60009765625,25709.26953125
247,2018-02-25,2747.300048828125,25309.990234375
248,2018-02-24,2747.300048828125,25309.990234375
249,2018-02-23,2747.300048828125,25309.990234375
250,2018-02-22,2703.9599609375,24962.48046875
251,2018-02-21,2701.330078125,24797.779296875
252,2018-02-20,2716.260009765625,24964.75
253,2018-02-19,2732.219970703125,25219.380859375
254,2018-02-18,2732.219970703125,25219.380859375
255,2018-02-17,2732.219970703125,25219.380859375
256,2018-02-16,2732.219970703125,25219.380859375
257,2018-02-15,2731.199951171875,25200.369140625
258,2018-02-14,2698.6298828125,24893.490234375
259,2018-02-13,2662.93994140625,24640.44921875
260,2018-02-12,2656.0,24601.26953125
261,2018-02-11,2619.550048828125,24190.900390625
262,2018-02-10,2619.550048828125,24190.900390625
263,2018-02-09,2619.550048828125,24190.900390625
264,2018-02-08,2581.0,23860.4609375
265,2018-02-07,2681.659912109375,24893.349609375
266,2018-02-06,2695.139892578125,24912.76953125
267,2018-02-05,2648.93994140625,24345.75
268,2018-02-04,2762.1298828125,25520.9609375
269,2018-02-03,2762.1298828125,25520.9609375
270,2018-02-02,2762.1298828125,25520.9609375
271,2018-02-01,2821.97998046875,26186.7109375
272,2018-01-31,2823.81005859375,26149.390625
273,2018-01-30,2822.429931640625,26076.890625
274,2018-01-29,2853.530029296875,26439.48046875
275,2018-01-28,2872.8701171875,26616.7109375
276,2018-01-27,2872.8701171875,26616.7109375
277,2018-01-26,2872.8701171875,26616.7109375
278,2018-01-25,2839.25,26392.7890625
279,2018-01-24,2837.5400390625,26252.119140625
280,2018-01-23,2839.1298828125,26210.810546875
281,2018-01-22,2832.969970703125,26214.599609375
282,2018-01-21,2810.300048828125,26071.720703125
283,2018-01-20,2810.300048828125,26071.720703125
284,2018-01-19,2810.300048828125,26071.720703125
285,2018-01-18,2798.030029296875,26017.810546875
286,2018-01-17,2802.56005859375,26115.650390625
287,2018-01-16,2776.419921875,25792.859375
288,2018-01-15,2786.239990234375,25803.189453125
289,2018-01-14,2786.239990234375,25803.189453125
290,2018-01-13,2786.239990234375,25803.189453125
291,2018-01-12,2786.239990234375,25803.189453125
292,2018-01-11,2767.56005859375,25574.73046875
293,2018-01-10,2748.22998046875,25369.130859375
294,2018-01-09,2751.2900390625,25385.80078125
295,2018-01-08,2747.7099609375,25283.0
296,2018-01-07,2743.14990234375,25295.869140625
297,2018-01-06,2743.14990234375,25295.869140625
298,2018-01-05,2743.14990234375,25295.869140625
299,2018-01-04,2723.989990234375,25075.130859375
300,2018-01-03,2713.06005859375,24922.6796875
301,2018-01-02,2695.81005859375,24824.009765625
302,2018-01-01,2673.610107421875,24719.220703125
303,2017-12-31,2673.610107421875,24719.220703125
304,2017-12-30,2673.610107421875,24719.220703125
305,2017-12-29,2673.610107421875,24719.220703125
306,2017-12-28,2687.5400390625,24837.509765625
307,2017-12-27,2682.6201171875,24774.30078125
308,2017-12-26,2680.5,24746.2109375
309,2017-12-25,2683.340087890625,24754.060546875
310,2017-12-24,2683.340087890625,24754.060546875
311,2017-12-23,2683.340087890625,24754.060546875
312,2017-12-22,2683.340087890625,24754.060546875
313,2017-12-21,2684.570068359375,24782.2890625
314,2017-12-20,2679.25,24726.650390625
315,2017-12-19,2681.469970703125,24754.75
316,2017-12-18,2690.159912109375,24792.19921875
317,2017-12-17,2675.81005859375,24651.740234375
318,2017-12-16,2675.81005859375,24651.740234375
319,2017-12-15,2675.81005859375,24651.740234375
320,2017-12-14,2652.010009765625,24508.66015625
321,2017-12-13,2662.85009765625,24585.4296875
322,2017-12-12,2664.110107421875,24504.80078125
323,2017-12-11,2659.989990234375,24386.029296875
324,2017-12-10,2651.5,24329.16015625
325,2017-12-09,2651.5,24329.16015625
326,2017-12-08,2651.5,24329.16015625
327,2017-12-07,2636.97998046875,24211.48046875
328,2017-12-06,2629.27001953125,24140.91015625
329,2017-12-05,2629.570068359375,24180.640625
330,2017-12-04,2639.43994140625,24290.05078125
331,2017-12-03,2642.219970703125,24231.58984375
332,2017-12-02,2642.219970703125,24231.58984375
333,2017-12-01,2642.219970703125,24231.58984375
334,2017-11-30,2647.580078125,24272.349609375
335,2017-11-29,2626.070068359375,23940.6796875
336,2017-11-28,2627.0400390625,23836.7109375
337,2017-11-27,2601.419921875,23580.779296875
338,2017-11-26,2602.419921875,23557.990234375
339,2017-11-25,2602.419921875,23557.990234375
340,2017-11-24,2602.419921875,23557.990234375
341,2017-11-23,2597.080078125,23526.1796875
342,2017-11-22,2597.080078125,23526.1796875
343,2017-11-21,2599.030029296875,23590.830078125
344,2017-11-20,2582.139892578125,23430.330078125
345,2017-11-19,2578.85009765625,23358.240234375
346,2017-11-18,2578.85009765625,23358.240234375
347,2017-11-17,2578.85009765625,23358.240234375
348,2017-11-16,2585.639892578125,23458.359375
349,2017-11-15,2564.6201171875,23271.279296875
350,2017-11-14,2578.8701171875,23409.470703125
351,2017-11-13,2584.840087890625,23439.69921875
352,2017-11-12,2582.300048828125,23422.2109375
353,2017-11-11,2582.300048828125,23422.2109375
354,2017-11-10,2582.300048828125,23422.2109375
355,2017-11-09,2584.6201171875,23461.939453125
356,2017-11-08,2594.3798828125,23563.359375
357,2017-11-07,2590.639892578125,23557.23046875
358,2017-11-06,2591.1298828125,23548.419921875
359,2017-11-05,2587.840087890625,23539.189453125
360,2017-11-04,2587.840087890625,23539.189453125
361,2017-11-03,2587.840087890625,23539.189453125
362,2017-11-02,2579.85009765625,23516.259765625
363,2017-11-01,2579.360107421875,23435.009765625
364,2017-10-31,2575.260009765625,23377.240234375
365,2017-10-30,2572.830078125,23348.740234375
366,2017-10-29,2581.070068359375,23434.189453125
367,2017-10-28,2581.070068359375,23434.189453125
368,2017-10-27,2581.070068359375,23434.189453125
369,2017-10-26,2560.39990234375,23400.859375
370,2017-10-25,2557.14990234375,23329.4609375
371,2017-10-24,2569.1298828125,23441.759765625
372,2017-10-23,2564.97998046875,23273.9609375
373,2017-10-22,2575.2099609375,23328.630859375
374,2017-10-21,2575.2099609375,23328.630859375
375,2017-10-20,2575.2099609375,23328.630859375
376,2017-10-19,2562.10009765625,23163.0390625
377,2017-10-18,2561.260009765625,23157.599609375
378,2017-10-17,2559.360107421875,22997.439453125
379,2017-10-16,2557.639892578125,22956.9609375
380,2017-10-15,2553.169921875,22871.720703125
381,2017-10-14,2553.169921875,22871.720703125
382,2017-10-13,2553.169921875,22871.720703125
383,2017-10-12,2550.929931640625,22841.009765625
384,2017-10-11,2555.239990234375,22872.890625
385,2017-10-10,2550.639892578125,22830.6796875
386,2017-10-09,2544.72998046875,22761.0703125
387,2017-10-08,2549.330078125,22773.669921875
388,2017-10-07,2549.330078125,22773.669921875
389,2017-10-06,2549.330078125,22773.669921875
390,2017-10-05,2552.070068359375,22775.390625
391,2017-10-04,2537.739990234375,22661.640625
392,2017-10-03,2534.580078125,22641.669921875
393,2017-10-02,2529.1201171875,22557.599609375
394,2017-10-01,2519.360107421875,22405.08984375
395,2017-09-30,2519.360107421875,22405.08984375
396,2017-09-29,2519.360107421875,22405.08984375
397,2017-09-28,2510.06005859375,22381.19921875
398,2017-09-27,2507.0400390625,22340.7109375
399,2017-09-26,2496.840087890625,22284.3203125
400,2017-09-25,2496.659912109375,22296.08984375
401,2017-09-24,2502.219970703125,22349.58984375
402,2017-09-23,2502.219970703125,22349.58984375
403,2017-09-22,2502.219970703125,22349.58984375
404,2017-09-21,2500.60009765625,22359.23046875
405,2017-09-20,2508.239990234375,22412.58984375
406,2017-09-19,2506.64990234375,22370.80078125
407,2017-09-18,2503.8701171875,22331.349609375
408,2017-09-17,2500.22998046875,22268.33984375
409,2017-09-16,2500.22998046875,22268.33984375
410,2017-09-15,2500.22998046875,22268.33984375
411,2017-09-14,2495.6201171875,22203.48046875
412,2017-09-13,2498.3701171875,22158.1796875
413,2017-09-12,2496.47998046875,22118.859375
414,2017-09-11,2488.110107421875,22057.369140625
415,2017-09-10,2461.429931640625,21797.7890625
416,2017-09-09,2461.429931640625,21797.7890625
417,2017-09-08,2461.429931640625,21797.7890625
418,2017-09-07,2465.10009765625,21784.779296875
419,2017-09-06,2465.5400390625,21807.640625
420,2017-09-05,2457.85009765625,21753.310546875
421,2017-09-04,2476.550048828125,21987.560546875
422,2017-09-03,2476.550048828125,21987.560546875
423,2017-09-02,2476.550048828125,21987.560546875
424,2017-09-01,2476.550048828125,21987.560546875
425,2017-08-31,2471.64990234375,21948.099609375
426,2017-08-30,2457.590087890625,21892.4296875
427,2017-08-29,2446.300048828125,21865.369140625
428,2017-08-28,2444.239990234375,21808.400390625
429,2017-08-27,2443.050048828125,21813.669921875
430,2017-08-26,2443.050048828125,21813.669921875
431,2017-08-25,2443.050048828125,21813.669921875
432,2017-08-24,2438.969970703125,21783.400390625
433,2017-08-23,2444.0400390625,21812.08984375
434,2017-08-22,2452.510009765625,21899.890625
435,2017-08-21,2428.3701171875,21703.75
436,2017-08-20,2425.550048828125,21674.509765625
437,2017-08-19,2425.550048828125,21674.509765625
438,2017-08-18,2425.550048828125,21674.509765625
439,2017-08-17,2430.010009765625,21750.73046875
440,2017-08-16,2468.110107421875,22024.869140625
441,2017-08-15,2464.610107421875,21998.990234375
442,2017-08-14,2465.840087890625,21993.7109375
443,2017-08-13,2441.320068359375,21858.3203125
444,2017-08-12,2441.320068359375,21858.3203125
445,2017-08-11,2441.320068359375,21858.3203125
446,2017-08-10,2438.2099609375,21844.009765625
447,2017-08-09,2474.02001953125,22048.69921875
448,2017-08-08,2474.919921875,22085.33984375
449,2017-08-07,2480.909912109375,22118.419921875
450,2017-08-06,2476.830078125,22092.810546875
451,2017-08-05,2476.830078125,22092.810546875
452,2017-08-04,2476.830078125,22092.810546875
453,2017-08-03,2472.159912109375,22026.099609375
454,2017-08-02,2477.570068359375,22016.240234375
455,2017-08-01,2476.35009765625,21963.919921875
456,2017-07-31,2470.300048828125,21891.119140625
457,2017-07-30,2472.10009765625,21830.310546875
458,2017-07-29,2472.10009765625,21830.310546875
459,2017-07-28,2472.10009765625,21830.310546875
460,2017-07-27,2475.419921875,21796.55078125
461,2017-07-26,2477.830078125,21711.009765625
462,2017-07-25,2477.1298828125,21613.4296875
463,2017-07-24,2469.909912109375,21513.169921875
464,2017-07-23,2472.5400390625,21580.0703125
465,2017-07-22,2472.5400390625,21580.0703125
466,2017-07-21,2472.5400390625,21580.0703125
467,2017-07-20,2473.449951171875,21611.779296875
468,2017-07-19,2473.830078125,21640.75
469,2017-07-18,2460.610107421875,21574.73046875
470,2017-07-17,2459.139892578125,21629.720703125
471,2017-07-16,2459.27001953125,21637.740234375
472,2017-07-15,2459.27001953125,21637.740234375
473,2017-07-14,2459.27001953125,21637.740234375
474,2017-07-13,2447.830078125,21553.08984375
475,2017-07-12,2443.25,21532.140625
476,2017-07-11,2425.530029296875,21409.0703125
477,2017-07-10,2427.429931640625,21408.51953125
478,2017-07-09,2425.179931640625,21414.33984375
479,2017-07-08,2425.179931640625,21414.33984375
480,2017-07-07,2425.179931640625,21414.33984375
481,2017-07-06,2409.75,21320.0390625
482,2017-07-05,2432.5400390625,21478.169921875
483,2017-07-04,2429.010009765625,21479.26953125
484,2017-07-03,2429.010009765625,21479.26953125
485,2017-07-02,2423.409912109375,21349.630859375
486,2017-07-01,2423.409912109375,21349.630859375
487,2017-06-30,2423.409912109375,21349.630859375
488,2017-06-29,2419.699951171875,21287.029296875
489,2017-06-28,2440.68994140625,21454.609375
490,2017-06-27,2419.3798828125,21310.66015625
491,2017-06-26,2439.070068359375,21409.55078125
492,2017-06-25,2438.300048828125,21394.759765625
493,2017-06-24,2438.300048828125,21394.759765625
494,2017-06-23,2438.300048828125,21394.759765625
495,2017-06-22,2434.5,21397.2890625
496,2017-06-21,2435.610107421875,21410.029296875
497,2017-06-20,2437.030029296875,21467.140625
498,2017-06-19,2453.4599609375,21528.990234375
499,2017-06-18,2433.14990234375,21384.279296875
500,2017-06-17,2433.14990234375,21384.279296875
501,2017-06-16,2433.14990234375,21384.279296875
502,2017-06-15,2432.4599609375,21359.900390625
503,2017-06-14,2437.919921875,21374.560546875
504,2017-06-13,2440.35009765625,21328.470703125
505,2017-06-12,2429.389892578125,21235.669921875
506,2017-06-11,2431.77001953125,21271.970703125
507,2017-06-10,2431.77001953125,21271.970703125
508,2017-06-09,2431.77001953125,21271.970703125
509,2017-06-08,2433.7900390625,21182.529296875
510,2017-06-07,2433.139892578125,21173.689453125
511,2017-06-06,2429.330078125,21136.23046875
512,2017-06-05,2436.10009765625,21184.0390625
513,2017-06-04,2439.070068359375,21206.2890625
514,2017-06-03,2439.070068359375,21206.2890625
515,2017-06-02,2439.070068359375,21206.2890625
516,2017-06-01,2430.06005859375,21144.1796875
517,2017-05-31,2411.800048828125,21008.650390625
518,2017-05-30,2412.909912109375,21029.470703125
519,2017-05-29,2415.820068359375,21080.279296875
520,2017-05-28,2415.820068359375,21080.279296875
521,2017-05-27,2415.820068359375,21080.279296875
522,2017-05-26,2415.820068359375,21080.279296875
523,2017-05-25,2415.070068359375,21082.94921875
524,2017-05-24,2404.389892578125,21012.419921875
525,2017-05-23,2398.419921875,20937.91015625
526,2017-05-22,2394.02001953125,20894.830078125
527,2017-05-21,2381.72998046875,20804.83984375
528,2017-05-20,2381.72998046875,20804.83984375
529,2017-05-19,2381.72998046875,20804.83984375
530,2017-05-18,2365.719970703125,20663.01953125
531,2017-05-17,2357.030029296875,20606.9296875
532,2017-05-16,2400.669921875,20979.75
533,2017-05-15,2402.320068359375,20981.939453125
534,2017-05-14,2390.89990234375,20896.609375
535,2017-05-13,2390.89990234375,20896.609375
536,2017-05-12,2390.89990234375,20896.609375
537,2017-05-11,2394.43994140625,20919.419921875
538,2017-05-10,2399.6298828125,20943.109375
539,2017-05-09,2396.919921875,20975.779296875
540,2017-05-08,2399.3798828125,21012.279296875
541,2017-05-07,2399.2900390625,21006.939453125
542,2017-05-06,2399.2900390625,21006.939453125
543,2017-05-05,2399.2900390625,21006.939453125
544,2017-05-04,2389.52001953125,20951.470703125
545,2017-05-03,2388.1298828125,20957.900390625
546,2017-05-02,2391.169921875,20949.890625
547,2017-05-01,2388.330078125,20913.4609375
548,2017-04-30,2384.199951171875,20940.509765625
549,2017-04-29,2384.199951171875,20940.509765625
550,2017-04-28,2384.199951171875,20940.509765625
551,2017-04-27,2388.77001953125,20981.330078125
552,2017-04-26,2387.449951171875,20975.08984375
553,2017-04-25,2388.610107421875,20996.119140625
554,2017-04-24,2374.14990234375,20763.890625
555,2017-04-23,2348.68994140625,20547.759765625
556,2017-04-22,2348.68994140625,20547.759765625
557,2017-04-21,2348.68994140625,20547.759765625
558,2017-04-20,2355.840087890625,20578.7109375
559,2017-04-19,2338.169921875,20404.490234375
560,2017-04-18,2342.18994140625,20523.279296875
561,2017-04-17,2349.010009765625,20636.919921875
562,2017-04-16,2328.949951171875,20453.25
563,2017-04-15,2328.949951171875,20453.25
564,2017-04-14,2328.949951171875,20453.25
565,2017-04-13,2328.949951171875,20453.25
566,2017-04-12,2344.929931640625,20591.859375
567,2017-04-11,2353.780029296875,20651.30078125
568,2017-04-10,2357.159912109375,20658.01953125
569,2017-04-09,2355.5400390625,20656.099609375
570,2017-04-08,2355.5400390625,20656.099609375
571,2017-04-07,2355.5400390625,20656.099609375
572,2017-04-06,2357.489990234375,20662.94921875
573,2017-04-05,2352.949951171875,20648.150390625
574,2017-04-04,2360.159912109375,20689.240234375
575,2017-04-03,2358.840087890625,20650.2109375
576,2017-04-02,2362.719970703125,20663.220703125
577,2017-04-01,2362.719970703125,20663.220703125
578,2017-03-31,2362.719970703125,20663.220703125
579,2017-03-30,2368.06005859375,20728.490234375
580,2017-03-29,2361.1298828125,20659.3203125
581,2017-03-28,2358.570068359375,20701.5
582,2017-03-27,2341.590087890625,20550.98046875
583,2017-03-26,2343.97998046875,20596.720703125
584,2017-03-25,2343.97998046875,20596.720703125
585,2017-03-24,2343.97998046875,20596.720703125
586,2017-03-23,2345.9599609375,20656.580078125
587,2017-03-22,2348.449951171875,20661.30078125
588,2017-03-21,2344.02001953125,20668.009765625
589,2017-03-20,2373.469970703125,20905.859375
590,2017-03-19,2378.25,20914.619140625
591,2017-03-18,2378.25,20914.619140625
592,2017-03-17,2378.25,20914.619140625
593,2017-03-16,2381.3798828125,20934.55078125
594,2017-03-15,2385.260009765625,20950.099609375
595,2017-03-14,2365.449951171875,20837.369140625
596,2017-03-13,2373.469970703125,20881.48046875
597,2017-03-12,2372.60009765625,20902.98046875
598,2017-03-11,2372.60009765625,20902.98046875
599,2017-03-10,2372.60009765625,20902.98046875
600,2017-03-09,2364.8701171875,20858.189453125
601,2017-03-08,2362.97998046875,20855.73046875
602,2017-03-07,2368.389892578125,20924.759765625
603,2017-03-06,2375.31005859375,20954.33984375
604,2017-03-05,2383.1201171875,21005.7109375
605,2017-03-04,2383.1201171875,21005.7109375
606,2017-03-03,2383.1201171875,21005.7109375
607,2017-03-02,2381.919921875,21002.970703125
608,2017-03-01,2395.9599609375,21115.55078125
609,2017-02-28,2363.639892578125,20812.240234375
610,2017-02-27,2369.75,20837.439453125
611,2017-02-26,2367.340087890625,20821.759765625
612,2017-02-25,2367.340087890625,20821.759765625
613,2017-02-24,2367.340087890625,20821.759765625
614,2017-02-23,2363.81005859375,20810.3203125
615,2017-02-22,2362.820068359375,20775.599609375
616,2017-02-21,2365.3798828125,20743.0
617,2017-02-20,2351.159912109375,20624.05078125
618,2017-02-19,2351.159912109375,20624.05078125
619,2017-02-18,2351.159912109375,20624.05078125
620,2017-02-17,2351.159912109375,20624.05078125
621,2017-02-16,2347.219970703125,20619.76953125
622,2017-02-15,2349.25,20611.859375
623,2017-02-14,2337.580078125,20504.41015625
624,2017-02-13,2328.25,20412.16015625
625,2017-02-12,2316.10009765625,20269.369140625
626,2017-02-11,2316.10009765625,20269.369140625
627,2017-02-10,2316.10009765625,20269.369140625
628,2017-02-09,2307.8701171875,20172.400390625
629,2017-02-08,2294.669921875,20054.33984375
630,2017-02-07,2293.080078125,20090.2890625
631,2017-02-06,2292.56005859375,20052.419921875
632,2017-02-05,2297.419921875,20071.4609375
633,2017-02-04,2297.419921875,20071.4609375
634,2017-02-03,2297.419921875,20071.4609375
635,2017-02-02,2280.85009765625,19884.91015625
636,2017-02-01,2279.550048828125,19890.939453125
637,2017-01-31,2278.8701171875,19864.08984375
638,2017-01-30,2280.89990234375,19971.130859375
639,2017-01-29,2294.68994140625,20093.779296875
640,2017-01-28,2294.68994140625,20093.779296875
641,2017-01-27,2294.68994140625,20093.779296875
642,2017-01-26,2296.679931640625,20100.91015625
643,2017-01-25,2298.3701171875,20068.509765625
644,2017-01-24,2280.070068359375,19912.7109375
645,2017-01-23,2265.199951171875,19799.849609375
646,2017-01-22,2271.31005859375,19827.25
647,2017-01-21,2271.31005859375,19827.25
648,2017-01-20,2271.31005859375,19827.25
649,2017-01-19,2263.68994140625,19732.400390625
650,2017-01-18,2271.889892578125,19804.720703125
651,2017-01-17,2267.889892578125,19826.76953125
652,2017-01-16,2274.639892578125,19885.73046875
653,2017-01-15,2274.639892578125,19885.73046875
654,2017-01-14,2274.639892578125,19885.73046875
655,2017-01-13,2274.639892578125,19885.73046875
656,2017-01-12,2270.43994140625,19891.0
657,2017-01-11,2275.320068359375,19954.279296875
658,2017-01-10,2268.89990234375,19855.529296875
659,2017-01-09,2268.89990234375,19887.380859375
660,2017-01-08,2276.97998046875,19963.80078125
661,2017-01-07,2276.97998046875,19963.80078125
662,2017-01-06,2276.97998046875,19963.80078125
663,2017-01-05,2269.0,19899.2890625
664,2017-01-04,2270.75,19942.16015625
665,2017-01-03,2257.830078125,19881.759765625
666,2017-01-02,2238.830078125,19762.599609375
667,2017-01-01,2238.830078125,19762.599609375
668,2016-12-31,2238.830078125,19762.599609375
669,2016-12-30,2238.830078125,19762.599609375
670,2016-12-29,2249.260009765625,19819.779296875
671,2016-12-28,2249.919921875,19833.6796875
672,2016-12-27,2268.8798828125,19945.0390625
673,2016-12-26,2263.7900390625,19933.810546875
674,2016-12-25,2263.7900390625,19933.810546875
675,2016-12-24,2263.7900390625,19933.810546875
676,2016-12-23,2263.7900390625,19933.810546875
677,2016-12-22,2260.9599609375,19918.880859375
678,2016-12-21,2265.179931640625,19941.9609375
679,2016-12-20,2270.760009765625,19974.619140625
680,2016-12-19,2262.530029296875,19883.060546875
681,2016-12-18,2258.070068359375,19843.41015625
682,2016-12-17,2258.070068359375,19843.41015625
683,2016-12-16,2258.070068359375,19843.41015625
684,2016-12-15,2262.030029296875,19852.240234375
685,2016-12-14,2253.280029296875,19792.529296875
686,2016-12-13,2271.719970703125,19911.2109375
687,2016-12-12,2256.9599609375,19796.4296875
688,2016-12-11,2259.530029296875,19756.849609375
689,2016-12-10,2259.530029296875,19756.849609375
690,2016-12-09,2259.530029296875,19756.849609375
691,2016-12-08,2246.18994140625,19614.810546875
692,2016-12-07,2241.35009765625,19549.619140625
693,2016-12-06,2212.22998046875,19251.779296875
694,2016-12-05,2204.7099609375,19216.240234375
695,2016-12-04,2191.949951171875,19170.419921875
696,2016-12-03,2191.949951171875,19170.419921875
697,2016-12-02,2191.949951171875,19170.419921875
698,2016-12-01,2191.080078125,19191.9296875
699,2016-11-30,2198.81005859375,19123.580078125
700,2016-11-29,2204.659912109375,19121.599609375
701,2016-11-28,2201.719970703125,19097.900390625
702,2016-11-27,2213.35009765625,19152.140625
703,2016-11-26,2213.35009765625,19152.140625
704,2016-11-25,2213.35009765625,19152.140625
705,2016-11-24,2204.719970703125,19083.1796875
706,2016-11-23,2204.719970703125,19083.1796875
707,2016-11-22,2202.93994140625,19023.869140625
708,2016-11-21,2198.179931640625,18956.689453125
709,2016-11-20,2181.89990234375,18867.9296875
710,2016-11-19,2181.89990234375,18867.9296875
711,2016-11-18,2181.89990234375,18867.9296875
712,2016-11-17,2187.1201171875,18903.8203125
713,2016-11-16,2176.93994140625,18868.140625
714,2016-11-15,2180.389892578125,18923.060546875
715,2016-11-14,2164.199951171875,18868.689453125
716,2016-11-13,2164.449951171875,18847.66015625
717,2016-11-12,2164.449951171875,18847.66015625
718,2016-11-11,2164.449951171875,18847.66015625
719,2016-11-10,2167.47998046875,18807.880859375
720,2016-11-09,2163.260009765625,18589.689453125
721,2016-11-08,2139.56005859375,18332.740234375
722,2016-11-07,2131.52001953125,18259.599609375
723,2016-11-06,2085.179931640625,17888.279296875
724,2016-11-05,2085.179931640625,17888.279296875
725,2016-11-04,2085.179931640625,17888.279296875
726,2016-11-03,2088.659912109375,17930.669921875
727,2016-11-02,2097.93994140625,17959.640625
728,2016-11-01,2111.719970703125,18037.099609375
729,2016-10-31,2126.14990234375,18142.419921875
730,2016-10-30,2126.409912109375,18161.189453125
731,2016-10-29,2126.409912109375,18161.189453125
732,2016-10-28,2126.409912109375,18161.189453125
733,2016-10-27,2133.0400390625,18169.6796875
734,2016-10-26,2139.429931640625,18199.330078125
735,2016-10-25,2143.159912109375,18169.26953125
736,2016-10-24,2151.330078125,18223.029296875
737,2016-10-23,2141.159912109375,18145.7109375
738,2016-10-22,2141.159912109375,18145.7109375
739,2016-10-21,2141.159912109375,18145.7109375
740,2016-10-20,2141.340087890625,18162.349609375
741,2016-10-19,2144.2900390625,18202.619140625
742,2016-10-18,2139.60009765625,18161.939453125
743,2016-10-17,2126.5,18086.400390625
744,2016-10-16,2132.97998046875,18138.380859375
745,2016-10-15,2132.97998046875,18138.380859375
746,2016-10-14,2132.97998046875,18138.380859375
747,2016-10-13,2132.550048828125,18098.939453125
748,2016-10-12,2139.179931640625,18144.19921875
749,2016-10-11,2136.72998046875,18128.66015625
750,2016-10-10,2163.659912109375,18329.0390625
751,2016-10-09,2153.739990234375,18240.490234375
752,2016-10-08,2153.739990234375,18240.490234375
753,2016-10-07,2153.739990234375,18240.490234375
754,2016-10-06,2160.77001953125,18268.5
755,2016-10-05,2159.72998046875,18281.029296875
756,2016-10-04,2150.489990234375,18168.44921875
757,2016-10-03,2161.199951171875,18253.849609375
758,2016-10-02,2168.27001953125,18308.150390625
759,2016-10-01,2168.27001953125,18308.150390625
760,2016-09-30,2168.27001953125,18308.150390625
761,2016-09-29,2151.1298828125,18143.44921875
762,2016-09-28,2171.3701171875,18339.240234375
763,2016-09-27,2159.929931640625,18228.30078125
764,2016-09-26,2146.10009765625,18094.830078125
765,2016-09-25,2164.68994140625,18261.44921875
766,2016-09-24,2164.68994140625,18261.44921875
767,2016-09-23,2164.68994140625,18261.44921875
768,2016-09-22,2177.179931640625,18392.4609375
769,2016-09-21,2163.1201171875,18293.69921875
770,2016-09-20,2139.760009765625,18129.9609375
771,2016-09-19,2139.1201171875,18120.169921875
772,2016-09-18,2139.159912109375,18123.80078125
773,2016-09-17,2139.159912109375,18123.80078125
774,2016-09-16,2139.159912109375,18123.80078125
775,2016-09-15,2147.260009765625,18212.48046875
776,2016-09-14,2125.77001953125,18034.76953125
777,2016-09-13,2127.02001953125,18066.75
778,2016-09-12,2159.0400390625,18325.0703125
779,2016-09-11,2127.81005859375,18085.44921875
780,2016-09-10,2127.81005859375,18085.44921875
781,2016-09-09,2127.81005859375,18085.44921875
782,2016-09-08,2181.300048828125,18479.91015625
783,2016-09-07,2186.159912109375,18526.140625
784,2016-09-06,2186.47998046875,18538.119140625
785,2016-09-05,2179.97998046875,18491.9609375
786,2016-09-04,2179.97998046875,18491.9609375
787,2016-09-03,2179.97998046875,18491.9609375
788,2016-09-02,2179.97998046875,18491.9609375
789,2016-09-01,2170.860107421875,18419.30078125
790,2016-08-31,2170.949951171875,18400.880859375
791,2016-08-30,2176.1201171875,18454.30078125
792,2016-08-29,2180.3798828125,18502.990234375
793,2016-08-28,2169.0400390625,18395.400390625
794,2016-08-27,2169.0400390625,18395.400390625
795,2016-08-26,2169.0400390625,18395.400390625
796,2016-08-25,2172.469970703125,18448.41015625
797,2016-08-24,2175.43994140625,18481.48046875
798,2016-08-23,2186.89990234375,18547.30078125
799,2016-08-22,2182.639892578125,18529.419921875
800,2016-08-21,2183.8701171875,18552.5703125
801,2016-08-20,2183.8701171875,18552.5703125
802,2016-08-19,2183.8701171875,18552.5703125
803,2016-08-18,2187.02001953125,18597.69921875
804,2016-08-17,2182.219970703125,18573.939453125
805,2016-08-16,2178.14990234375,18552.01953125
806,2016-08-15,2190.14990234375,18636.05078125
807,2016-08-14,2184.050048828125,18576.470703125
808,2016-08-13,2184.050048828125,18576.470703125
809,2016-08-12,2184.050048828125,18576.470703125
810,2016-08-11,2185.7900390625,18613.51953125
811,2016-08-10,2175.489990234375,18495.66015625
812,2016-08-09,2181.739990234375,18533.05078125
813,2016-08-08,2180.889892578125,18529.2890625
814,2016-08-07,2182.8701171875,18543.529296875
815,2016-08-06,2182.8701171875,18543.529296875
816,2016-08-05,2182.8701171875,18543.529296875
817,2016-08-04,2164.25,18352.05078125
818,2016-08-03,2163.7900390625,18355.0
819,2016-08-02,2157.030029296875,18313.76953125
820,2016-08-01,2170.840087890625,18404.509765625
821,2016-07-31,2173.60009765625,18432.240234375
822,2016-07-30,2173.60009765625,18432.240234375
823,2016-07-29,2173.60009765625,18432.240234375
824,2016-07-28,2170.06005859375,18456.349609375
825,2016-07-27,2166.580078125,18472.169921875
826,2016-07-26,2169.179931640625,18473.75
827,2016-07-25,2168.47998046875,18493.060546875
828,2016-07-24,2175.030029296875,18570.849609375
829,2016-07-23,2175.030029296875,18570.849609375
830,2016-07-22,2175.030029296875,18570.849609375
831,2016-07-21,2165.169921875,18517.23046875
832,2016-07-20,2173.02001953125,18595.029296875
833,2016-07-19,2163.780029296875,18559.009765625
834,2016-07-18,2166.889892578125,18533.05078125
835,2016-07-17,2161.739990234375,18516.55078125
836,2016-07-16,2161.739990234375,18516.55078125
837,2016-07-15,2161.739990234375,18516.55078125
838,2016-07-14,2163.75,18506.41015625
839,2016-07-13,2152.429931640625,18372.119140625
840,2016-07-12,2152.139892578125,18347.669921875
841,2016-07-11,2137.159912109375,18226.9296875
842,2016-07-10,2129.89990234375,18146.740234375
843,2016-07-09,2129.89990234375,18146.740234375
844,2016-07-08,2129.89990234375,18146.740234375
845,2016-07-07,2097.89990234375,17895.880859375
846,2016-07-06,2099.72998046875,17918.619140625
847,2016-07-05,2088.550048828125,17840.619140625
848,2016-07-04,2102.949951171875,17949.369140625
849,2016-07-03,2102.949951171875,17949.369140625
850,2016-07-02,2102.949951171875,17949.369140625
851,2016-07-01,2102.949951171875,17949.369140625
852,2016-06-30,2098.860107421875,17929.990234375
853,2016-06-29,2070.77001953125,17694.6796875
854,2016-06-28,2036.0899658203125,17409.720703125
855,2016-06-27,2000.5400390625,17140.240234375
856,2016-06-26,2037.4100341796875,17400.75
857,2016-06-25,2037.4100341796875,17400.75
858,2016-06-24,2037.4100341796875,17400.75
859,2016-06-23,2113.320068359375,18011.0703125
860,2016-06-22,2085.449951171875,17780.830078125
861,2016-06-21,2088.89990234375,17829.73046875
862,2016-06-20,2083.25,17804.869140625
863,2016-06-19,2071.219970703125,17675.16015625
864,2016-06-18,2071.219970703125,17675.16015625
865,2016-06-17,2071.219970703125,17675.16015625
866,2016-06-16,2077.989990234375,17733.099609375
867,2016-06-15,2071.5,17640.169921875
868,2016-06-14,2075.320068359375,17674.8203125
869,2016-06-13,2079.06005859375,17732.48046875
870,2016-06-12,2096.070068359375,17865.33984375
871,2016-06-11,2096.070068359375,17865.33984375
872,2016-06-10,2096.070068359375,17865.33984375
873,2016-06-09,2115.47998046875,17985.189453125
874,2016-06-08,2119.1201171875,18005.05078125
875,2016-06-07,2112.1298828125,17938.279296875
876,2016-06-06,2109.409912109375,17920.330078125
877,2016-06-05,2099.1298828125,17807.060546875
878,2016-06-04,2099.1298828125,17807.060546875
879,2016-06-03,2099.1298828125,17807.060546875
880,2016-06-02,2105.260009765625,17838.560546875
881,2016-06-01,2099.330078125,17789.669921875
882,2016-05-31,2096.949951171875,17787.19921875
883,2016-05-30,2099.06005859375,17873.220703125
884,2016-05-29,2099.06005859375,17873.220703125
885,2016-05-28,2099.06005859375,17873.220703125
886,2016-05-27,2099.06005859375,17873.220703125
887,2016-05-26,2090.10009765625,17828.2890625
888,2016-05-25,2090.5400390625,17851.509765625
889,2016-05-24,2076.06005859375,17706.05078125
890,2016-05-23,2048.0400390625,17492.9296875
891,2016-05-22,2052.320068359375,17500.939453125
892,2016-05-21,2052.320068359375,17500.939453125
893,2016-05-20,2052.320068359375,17500.939453125
894,2016-05-19,2040.0400390625,17435.400390625
895,2016-05-18,2047.6300048828125,17526.619140625
896,2016-05-17,2047.2099609375,17529.98046875
897,2016-05-16,2066.659912109375,17710.7109375
898,2016-05-15,2046.6099853515625,17535.3203125
899,2016-05-14,2046.6099853515625,17535.3203125
900,2016-05-13,2046.6099853515625,17535.3203125
901,2016-05-12,2064.110107421875,17720.5
902,2016-05-11,2064.4599609375,17711.119140625
903,2016-05-10,2084.389892578125,17928.349609375
904,2016-05-09,2058.68994140625,17705.91015625
905,2016-05-08,2057.139892578125,17740.630859375
906,2016-05-07,2057.139892578125,17740.630859375
907,2016-05-06,2057.139892578125,17740.630859375
908,2016-05-05,2050.6298828125,17660.7109375
909,2016-05-04,2051.1201171875,17651.259765625
910,2016-05-03,2063.3701171875,17750.91015625
911,2016-05-02,2081.429931640625,17891.16015625
912,2016-05-01,2065.300048828125,17773.640625
913,2016-04-30,2065.300048828125,17773.640625
914,2016-04-29,2065.300048828125,17773.640625
915,2016-04-28,2075.81005859375,17830.759765625
916,2016-04-27,2095.14990234375,18041.55078125
917,2016-04-26,2091.699951171875,17990.3203125
918,2016-04-25,2087.7900390625,17977.240234375
919,2016-04-24,2091.580078125,18003.75
920,2016-04-23,2091.580078125,18003.75
921,2016-04-22,2091.580078125,18003.75
922,2016-04-21,2091.47998046875,17982.51953125
923,2016-04-20,2102.39990234375,18096.26953125
924,2016-04-19,2100.800048828125,18053.599609375
925,2016-04-18,2094.340087890625,18004.16015625
926,2016-04-17,2080.72998046875,17897.4609375
927,2016-04-16,2080.72998046875,17897.4609375
928,2016-04-15,2080.72998046875,17897.4609375
929,2016-04-14,2082.780029296875,17926.4296875
930,2016-04-13,2082.419921875,17908.279296875
931,2016-04-12,2061.719970703125,17721.25
932,2016-04-11,2041.989990234375,17556.41015625
933,2016-04-10,2047.5999755859375,17576.9609375
934,2016-04-09,2047.5999755859375,17576.9609375
935,2016-04-08,2047.5999755859375,17576.9609375
936,2016-04-07,2041.9100341796875,17541.9609375
937,2016-04-06,2066.659912109375,17716.05078125
938,2016-04-05,2045.1700439453125,17603.3203125
939,2016-04-04,2066.1298828125,17737.0
940,2016-04-03,2072.780029296875,17792.75
941,2016-04-02,2072.780029296875,17792.75
942,2016-04-01,2072.780029296875,17792.75
943,2016-03-31,2059.739990234375,17685.08984375
944,2016-03-30,2063.949951171875,17716.66015625
945,2016-03-29,2055.010009765625,17633.109375
946,2016-03-28,2037.050048828125,17535.390625
947,2016-03-27,2035.93994140625,17515.73046875
948,2016-03-26,2035.93994140625,17515.73046875
949,2016-03-25,2035.93994140625,17515.73046875
950,2016-03-24,2035.93994140625,17515.73046875
951,2016-03-23,2036.7099609375,17502.58984375
952,2016-03-22,2049.800048828125,17582.5703125
953,2016-03-21,2051.60009765625,17623.869140625
954,2016-03-20,2049.580078125,17602.30078125
955,2016-03-19,2049.580078125,17602.30078125
956,2016-03-18,2049.580078125,17602.30078125
957,2016-03-17,2040.5899658203125,17481.490234375
958,2016-03-16,2027.219970703125,17325.759765625
959,2016-03-15,2015.9300537109375,17251.529296875
960,2016-03-14,2019.6400146484375,17229.130859375
961,2016-03-13,2022.18994140625,17213.310546875
962,2016-03-12,2022.18994140625,17213.310546875
963,2016-03-11,2022.18994140625,17213.310546875
964,2016-03-10,1989.5699462890625,16995.130859375
965,2016-03-09,1989.260009765625,17000.359375
966,2016-03-08,1979.260009765625,16964.099609375
967,2016-03-07,2001.760009765625,17073.94921875
968,2016-03-06,1999.989990234375,17006.76953125
969,2016-03-05,1999.989990234375,17006.76953125
970,2016-03-04,1999.989990234375,17006.76953125
971,2016-03-03,1993.4000244140625,16943.900390625
972,2016-03-02,1986.449951171875,16899.3203125
973,2016-03-01,1978.3499755859375,16865.080078125
974,2016-02-29,1932.22998046875,16516.5
975,2016-02-28,1948.050048828125,16639.970703125
976,2016-02-27,1948.050048828125,16639.970703125
977,2016-02-26,1948.050048828125,16639.970703125
978,2016-02-25,1951.699951171875,16697.2890625
979,2016-02-24,1929.800048828125,16484.990234375
980,2016-02-23,1921.27001953125,16431.779296875
981,2016-02-22,1945.5,16620.66015625
982,2016-02-21,1917.780029296875,16391.990234375
983,2016-02-20,1917.780029296875,16391.990234375
984,2016-02-19,1917.780029296875,16391.990234375
985,2016-02-18,1917.8299560546875,16413.4296875
986,2016-02-17,1926.8199462890625,16453.830078125
987,2016-02-16,1895.5799560546875,16196.41015625
988,2016-02-15,1864.780029296875,15973.83984375
989,2016-02-14,1864.780029296875,15973.83984375
990,2016-02-13,1864.780029296875,15973.83984375
991,2016-02-12,1864.780029296875,15973.83984375
992,2016-02-11,1829.0799560546875,15660.1796875
993,2016-02-10,1851.8599853515625,15914.740234375
994,2016-02-09,1852.2099609375,16014.3798828125
995,2016-02-08,1853.43994140625,16027.0498046875
996,2016-02-07,1880.050048828125,16204.9697265625
997,2016-02-06,1880.050048828125,16204.9697265625
998,2016-02-05,1880.050048828125,16204.9697265625
999,2016-02-04,1915.449951171875,16416.580078125
1000,2016-02-03,1912.530029296875,16336.66015625
1001,2016-02-02,1903.030029296875,16153.5400390625
1002,2016-02-01,1939.3800048828125,16449.1796875
1003,2016-01-31,1940.239990234375,16466.30078125
1004,2016-01-30,1940.239990234375,16466.30078125
1005,2016-01-29,1940.239990234375,16466.30078125
1006,2016-01-28,1893.3599853515625,16069.6396484375
1007,2016-01-27,1882.949951171875,15944.4599609375
1008,2016-01-26,1903.6300048828125,16167.23046875
1009,2016-01-25,1877.0799560546875,15885.2197265625
1010,2016-01-24,1906.9000244140625,16093.509765625
1011,2016-01-23,1906.9000244140625,16093.509765625
1012,2016-01-22,1906.9000244140625,16093.509765625
1013,2016-01-21,1868.989990234375,15882.6796875
1014,2016-01-20,1859.3299560546875,15766.740234375
1015,2016-01-19,1881.3299560546875,16016.01953125
1016,2016-01-18,1880.3299560546875,15988.080078125
1017,2016-01-17,1880.3299560546875,15988.080078125
1018,2016-01-16,1880.3299560546875,15988.080078125
1019,2016-01-15,1880.3299560546875,15988.080078125
1020,2016-01-14,1921.8399658203125,16379.0498046875
1021,2016-01-13,1890.280029296875,16151.41015625
1022,2016-01-12,1938.6800537109375,16516.220703125
1023,2016-01-11,1923.6700439453125,16398.5703125
1024,2016-01-10,1922.030029296875,16346.4501953125
1025,2016-01-09,1922.030029296875,16346.4501953125
1026,2016-01-08,1922.030029296875,16346.4501953125
1027,2016-01-07,1943.0899658203125,16514.099609375
1028,2016-01-06,1990.260009765625,16906.509765625
1029,2016-01-05,2016.7099609375,17158.66015625
1030,2016-01-04,2012.6600341796875,17148.939453125
1031,2016-01-03,2043.93994140625,17425.029296875
1032,2016-01-02,2043.93994140625,17425.029296875
1033,2016-01-01,2043.93994140625,17425.029296875
1034,2015-12-31,2043.93994140625,17425.029296875
1035,2015-12-30,2063.360107421875,17603.869140625
1036,2015-12-29,2078.360107421875,17720.98046875
1037,2015-12-28,2056.5,17528.26953125
1038,2015-12-27,2060.989990234375,17552.169921875
1039,2015-12-26,2060.989990234375,17552.169921875
1040,2015-12-25,2060.989990234375,17552.169921875
1041,2015-12-24,2060.989990234375,17552.169921875
1042,2015-12-23,2064.2900390625,17602.609375
1043,2015-12-22,2038.969970703125,17417.26953125
1044,2015-12-21,2021.1500244140625,17251.619140625
1045,2015-12-20,2005.550048828125,17128.55078125
1046,2015-12-19,2005.550048828125,17128.55078125
1047,2015-12-18,2005.550048828125,17128.55078125
1048,2015-12-17,2041.8900146484375,17495.83984375
1049,2015-12-16,2073.070068359375,17749.08984375
1050,2015-12-15,2043.4100341796875,17524.91015625
1051,2015-12-14,2021.93994140625,17368.5
1052,2015-12-13,2012.3699951171875,17265.2109375
1053,2015-12-12,2012.3699951171875,17265.2109375
1054,2015-12-11,2012.3699951171875,17265.2109375
1055,2015-12-10,2052.22998046875,17574.75
1056,2015-12-09,2047.6199951171875,17492.30078125
1057,2015-12-08,2063.590087890625,17568.0
1058,2015-12-07,2077.070068359375,17730.509765625
1059,2015-12-06,2091.68994140625,17847.630859375
1060,2015-12-05,2091.68994140625,17847.630859375
1061,2015-12-04,2091.68994140625,17847.630859375
1062,2015-12-03,2049.6201171875,17477.669921875
1063,2015-12-02,2079.510009765625,17729.6796875
1064,2015-12-01,2102.6298828125,17888.349609375
1065,2015-11-30,2080.409912109375,17719.919921875
1066,2015-11-29,2090.110107421875,17813.390625
1067,2015-11-28,2090.110107421875,17813.390625
1068,2015-11-27,2090.110107421875,17813.390625
1069,2015-11-26,2088.8701171875,17813.390625
1070,2015-11-25,2088.8701171875,17813.390625
1071,2015-11-24,2089.139892578125,17812.189453125
1072,2015-11-23,2086.590087890625,17792.6796875
1073,2015-11-22,2089.169921875,17823.810546875
1074,2015-11-21,2089.169921875,17823.810546875
1075,2015-11-20,2089.169921875,17823.810546875
1076,2015-11-19,2081.239990234375,17732.75
1077,2015-11-18,2083.580078125,17737.16015625
1078,2015-11-17,2050.43994140625,17489.5
1079,2015-11-16,2053.18994140625,17483.009765625
1080,2015-11-15,2023.0400390625,17245.240234375
1081,2015-11-14,2023.0400390625,17245.240234375
1082,2015-11-13,2023.0400390625,17245.240234375
1083,2015-11-12,2045.969970703125,17448.0703125
1084,2015-11-11,2075.0,17702.220703125
1085,2015-11-10,2081.719970703125,17758.2109375
1086,2015-11-09,2078.580078125,17730.48046875
1087,2015-11-08,2099.199951171875,17910.330078125
1088,2015-11-07,2099.199951171875,17910.330078125
1089,2015-11-06,2099.199951171875,17910.330078125
1090,2015-11-05,2099.929931640625,17863.4296875
1091,2015-11-04,2102.31005859375,17867.580078125
1092,2015-11-03,2109.7900390625,17918.150390625
1093,2015-11-02,2104.050048828125,17828.759765625
1094,2015-11-01,2079.360107421875,17663.5390625
1095,2015-10-31,2079.360107421875,17663.5390625
1096,2015-10-30,2079.360107421875,17663.5390625
1097,2015-10-29,2089.409912109375,17755.80078125
1098,2015-10-28,2090.35009765625,17779.51953125
1099,2015-10-27,2065.889892578125,17581.4296875
1100,2015-10-26,2071.179931640625,17623.05078125
1101,2015-10-25,2075.14990234375,17646.69921875
1102,2015-10-24,2075.14990234375,17646.69921875
1103,2015-10-23,2075.14990234375,17646.69921875
1104,2015-10-22,2052.510009765625,17489.16015625
1105,2015-10-21,2018.93994140625,17168.609375
1106,2015-10-20,2030.77001953125,17217.109375
1107,2015-10-19,2033.6600341796875,17230.5390625
1108,2015-10-18,2033.1099853515625,17215.970703125
1109,2015-10-17,2033.1099853515625,17215.970703125
1110,2015-10-16,2033.1099853515625,17215.970703125
1111,2015-10-15,2023.8599853515625,17141.75
1112,2015-10-14,1994.239990234375,16924.75
1113,2015-10-13,2003.68994140625,17081.890625
1114,2015-10-12,2017.4599609375,17131.859375
1115,2015-10-11,2014.8900146484375,17084.490234375
1116,2015-10-10,2014.8900146484375,17084.490234375
1117,2015-10-09,2014.8900146484375,17084.490234375
1118,2015-10-08,2013.4300537109375,17050.75
1119,2015-10-07,1995.8299560546875,16912.2890625
1120,2015-10-06,1979.9200439453125,16790.189453125
1121,2015-10-05,1987.050048828125,16776.4296875
1122,2015-10-04,1951.3599853515625,16472.369140625
1123,2015-10-03,1951.3599853515625,16472.369140625
1124,2015-10-02,1951.3599853515625,16472.369140625
1125,2015-10-01,1923.8199462890625,16272.009765625
1126,2015-09-30,1920.030029296875,16284.7001953125
1127,2015-09-29,1884.0899658203125,16049.1298828125
1128,2015-09-28,1881.77001953125,16001.8896484375
1129,2015-09-27,1931.3399658203125,16314.669921875
1130,2015-09-26,1931.3399658203125,16314.669921875
1131,2015-09-25,1931.3399658203125,16314.669921875
1132,2015-09-24,1932.239990234375,16201.3203125
1133,2015-09-23,1938.760009765625,16279.8896484375
1134,2015-09-22,1942.739990234375,16330.4697265625
1135,2015-09-21,1966.969970703125,16510.189453125
1136,2015-09-20,1958.030029296875,16384.580078125
1137,2015-09-19,1958.030029296875,16384.580078125
1138,2015-09-18,1958.030029296875,16384.580078125
1139,2015-09-17,1990.199951171875,16674.740234375
1140,2015-09-16,1995.31005859375,16739.94921875
1141,2015-09-15,1978.0899658203125,16599.849609375
1142,2015-09-14,1953.030029296875,16370.9599609375
1143,2015-09-13,1961.050048828125,16433.08984375
1144,2015-09-12,1961.050048828125,16433.08984375
1145,2015-09-11,1961.050048828125,16433.08984375
1146,2015-09-10,1952.2900390625,16330.400390625
1147,2015-09-09,1942.0400390625,16253.5703125
1148,2015-09-08,1969.4100341796875,16492.6796875
1149,2015-09-07,1921.219970703125,16102.3798828125
1150,2015-09-06,1921.219970703125,16102.3798828125
1151,2015-09-05,1921.219970703125,16102.3798828125
1152,2015-09-04,1921.219970703125,16102.3798828125
1153,2015-09-03,1951.1300048828125,16374.759765625
1154,2015-09-02,1948.8599853515625,16351.3798828125
1155,2015-09-01,1913.8499755859375,16058.349609375
1156,2015-08-31,1972.1800537109375,16528.029296875
1157,2015-08-30,1988.8699951171875,16643.009765625
1158,2015-08-29,1988.8699951171875,16643.009765625
1159,2015-08-28,1988.8699951171875,16643.009765625
1160,2015-08-27,1987.6600341796875,16654.76953125
1161,2015-08-26,1940.510009765625,16285.509765625
1162,2015-08-25,1867.6099853515625,15666.4404296875
1163,2015-08-24,1893.2099609375,15871.349609375
1164,2015-08-23,1970.8900146484375,16459.75
1165,2015-08-22,1970.8900146484375,16459.75
1166,2015-08-21,1970.8900146484375,16459.75
1167,2015-08-20,2035.72998046875,16990.689453125
1168,2015-08-19,2079.610107421875,17348.73046875
1169,2015-08-18,2096.919921875,17511.33984375
1170,2015-08-17,2102.43994140625,17545.1796875
1171,2015-08-16,2091.5400390625,17477.400390625
1172,2015-08-15,2091.5400390625,17477.400390625
1173,2015-08-14,2091.5400390625,17477.400390625
1174,2015-08-13,2083.389892578125,17408.25
1175,2015-08-12,2086.050048828125,17402.509765625
1176,2015-08-11,2084.070068359375,17402.83984375
1177,2015-08-10,2104.179931640625,17615.169921875
1178,2015-08-09,2077.570068359375,17373.380859375
1179,2015-08-08,2077.570068359375,17373.380859375
1180,2015-08-07,2077.570068359375,17373.380859375
1181,2015-08-06,2083.56005859375,17419.75
1182,2015-08-05,2099.840087890625,17540.470703125
1183,2015-08-04,2093.320068359375,17550.689453125
1184,2015-08-03,2098.0400390625,17598.19921875
1185,2015-08-02,2103.840087890625,17689.859375
1186,2015-08-01,2103.840087890625,17689.859375
1187,2015-07-31,2103.840087890625,17689.859375
1188,2015-07-30,2108.6298828125,17745.98046875
1189,2015-07-29,2108.570068359375,17751.390625
1190,2015-07-28,2093.25,17630.26953125
1191,2015-07-27,2067.639892578125,17440.58984375
1192,2015-07-26,2079.64990234375,17568.529296875
1193,2015-07-25,2079.64990234375,17568.529296875
1194,2015-07-24,2079.64990234375,17568.529296875
1195,2015-07-23,2102.14990234375,17731.919921875
1196,2015-07-22,2114.14990234375,17851.0390625
1197,2015-07-21,2119.2099609375,17919.2890625
1198,2015-07-20,2128.280029296875,18100.41015625
1199,2015-07-19,2126.639892578125,18086.44921875
1200,2015-07-18,2126.639892578125,18086.44921875
1201,2015-07-17,2126.639892578125,18086.44921875
1202,2015-07-16,2124.2900390625,18120.25
1203,2015-07-15,2107.39990234375,18050.169921875
1204,2015-07-14,2108.949951171875,18053.580078125
1205,2015-07-13,2099.60009765625,17977.6796875
1206,2015-07-12,2076.6201171875,17760.41015625
1207,2015-07-11,2076.6201171875,17760.41015625
1208,2015-07-10,2076.6201171875,17760.41015625
1209,2015-07-09,2051.31005859375,17548.619140625
1210,2015-07-08,2046.6800537109375,17515.419921875
1211,2015-07-07,2081.340087890625,17776.91015625
1212,2015-07-06,2068.760009765625,17683.580078125
1213,2015-07-05,2076.780029296875,17730.109375
1214,2015-07-04,2076.780029296875,17730.109375
1215,2015-07-03,2076.780029296875,17730.109375
1216,2015-07-02,2076.780029296875,17730.109375
1217,2015-07-01,2077.419921875,17757.91015625
1218,2015-06-30,2063.110107421875,17619.509765625
1219,2015-06-29,2057.639892578125,17596.349609375
1220,2015-06-28,2101.489990234375,17946.6796875
1221,2015-06-27,2101.489990234375,17946.6796875
1222,2015-06-26,2101.489990234375,17946.6796875
1223,2015-06-25,2102.31005859375,17890.359375
1224,2015-06-24,2108.580078125,17966.0703125
1225,2015-06-23,2124.199951171875,18144.0703125
1226,2015-06-22,2122.85009765625,18119.779296875
1227,2015-06-21,2109.989990234375,18015.94921875
1228,2015-06-20,2109.989990234375,18015.94921875
1229,2015-06-19,2109.989990234375,18015.94921875
1230,2015-06-18,2121.239990234375,18115.83984375
1231,2015-06-17,2100.43994140625,17935.740234375
1232,2015-06-16,2096.2900390625,17904.48046875
1233,2015-06-15,2084.429931640625,17791.169921875
1234,2015-06-14,2094.110107421875,17898.83984375
1235,2015-06-13,2094.110107421875,17898.83984375
1236,2015-06-12,2094.110107421875,17898.83984375
1237,2015-06-11,2108.860107421875,18039.369140625
1238,2015-06-10,2105.199951171875,18000.400390625
1239,2015-06-09,2080.14990234375,17764.0390625
1240,2015-06-08,2079.280029296875,17766.55078125
1241,2015-06-07,2092.830078125,17849.4609375
1242,2015-06-06,2092.830078125,17849.4609375
1243,2015-06-05,2092.830078125,17849.4609375
1244,2015-06-04,2095.840087890625,17905.580078125
1245,2015-06-03,2114.070068359375,18076.26953125
1246,2015-06-02,2109.60009765625,18011.939453125
1247,2015-06-01,2111.72998046875,18040.369140625
1248,2015-05-31,2107.389892578125,18010.6796875
1249,2015-05-30,2107.389892578125,18010.6796875
1250,2015-05-29,2107.389892578125,18010.6796875
1251,2015-05-28,2120.7900390625,18126.119140625
1252,2015-05-27,2123.47998046875,18162.990234375
1253,2015-05-26,2104.199951171875,18041.5390625
1254,2015-05-25,2126.06005859375,18232.01953125
1255,2015-05-24,2126.06005859375,18232.01953125
1256,2015-05-23,2126.06005859375,18232.01953125
1257,2015-05-22,2126.06005859375,18232.01953125
1258,2015-05-21,2130.820068359375,18285.740234375
1259,2015-05-20,2125.85009765625,18285.400390625
1260,2015-05-19,2127.830078125,18312.390625
1261,2015-05-18,2129.199951171875,18298.880859375
1262,2015-05-17,2122.72998046875,18272.560546875
1263,2015-05-16,2122.72998046875,18272.560546875
1264,2015-05-15,2122.72998046875,18272.560546875
1265,2015-05-14,2121.10009765625,18252.240234375
1266,2015-05-13,2098.47998046875,18060.490234375
1267,2015-05-12,2099.1201171875,18068.23046875
1268,2015-05-11,2105.330078125,18105.169921875
1269,2015-05-10,2116.10009765625,18191.109375
1270,2015-05-09,2116.10009765625,18191.109375
1271,2015-05-08,2116.10009765625,18191.109375
1272,2015-05-07,2088.0,17924.060546875
1273,2015-05-06,2080.14990234375,17841.98046875
1274,2015-05-05,2089.4599609375,17928.19921875
1275,2015-05-04,2114.489990234375,18070.400390625
1276,2015-05-03,2108.2900390625,18024.060546875
1277,2015-05-02,2108.2900390625,18024.060546875
1278,2015-05-01,2108.2900390625,18024.060546875
1279,2015-04-30,2085.510009765625,17840.51953125
1280,2015-04-29,2106.85009765625,18035.529296875
1281,2015-04-28,2114.760009765625,18110.140625
1282,2015-04-27,2108.919921875,18037.970703125
1283,2015-04-26,2117.68994140625,18080.140625
1284,2015-04-25,2117.68994140625,18080.140625
1285,2015-04-24,2117.68994140625,18080.140625
1286,2015-04-23,2112.929931640625,18058.689453125
1287,2015-04-22,2107.9599609375,18038.26953125
1288,2015-04-21,2097.2900390625,17949.58984375
1289,2015-04-20,2100.39990234375,18034.9296875
1290,2015-04-19,2081.179931640625,17826.30078125
1291,2015-04-18,2081.179931640625,17826.30078125
1292,2015-04-17,2081.179931640625,17826.30078125
1293,2015-04-16,2104.989990234375,18105.76953125
1294,2015-04-15,2106.6298828125,18112.609375
1295,2015-04-14,2095.840087890625,18036.69921875
1296,2015-04-13,2092.429931640625,17977.0390625
1297,2015-04-12,2102.06005859375,18057.650390625
1298,2015-04-11,2102.06005859375,18057.650390625
1299,2015-04-10,2102.06005859375,18057.650390625
1300,2015-04-09,2091.179931640625,17958.73046875
1301,2015-04-08,2081.89990234375,17902.509765625
1302,2015-04-07,2076.330078125,17875.419921875
1303,2015-04-06,2080.6201171875,17880.849609375
1304,2015-04-05,2066.9599609375,17763.240234375
1305,2015-04-04,2066.9599609375,17763.240234375
1306,2015-04-03,2066.9599609375,17763.240234375
1307,2015-04-02,2066.9599609375,17763.240234375
1308,2015-04-01,2059.68994140625,17698.1796875
1309,2015-03-31,2067.889892578125,17776.119140625
1310,2015-03-30,2086.239990234375,17976.310546875
1311,2015-03-29,2061.02001953125,17712.66015625
1312,2015-03-28,2061.02001953125,17712.66015625
1313,2015-03-27,2061.02001953125,17712.66015625
1314,2015-03-26,2056.14990234375,17678.23046875
1315,2015-03-25,2061.050048828125,17718.5390625
1316,2015-03-24,2091.5,18011.140625
1317,2015-03-23,2104.419921875,18116.0390625
1318,2015-03-22,2108.10009765625,18127.650390625
1319,2015-03-21,2108.10009765625,18127.650390625
1320,2015-03-20,2108.10009765625,18127.650390625
1321,2015-03-19,2089.27001953125,17959.029296875
1322,2015-03-18,2099.5,18076.189453125
1323,2015-03-17,2074.280029296875,17849.080078125
1324,2015-03-16,2081.18994140625,17977.419921875
1325,2015-03-15,2053.39990234375,17749.310546875
1326,2015-03-14,2053.39990234375,17749.310546875
1327,2015-03-13,2053.39990234375,17749.310546875
1328,2015-03-12,2065.949951171875,17895.220703125
1329,2015-03-11,2040.239990234375,17635.390625
1330,2015-03-10,2044.1600341796875,17662.939453125
1331,2015-03-09,2079.429931640625,17995.720703125
1332,2015-03-08,2071.260009765625,17856.779296875
1333,2015-03-07,2071.260009765625,17856.779296875
1334,2015-03-06,2071.260009765625,17856.779296875
1335,2015-03-05,2101.0400390625,18135.720703125
1336,2015-03-04,2098.530029296875,18096.900390625
1337,2015-03-03,2107.780029296875,18203.369140625
1338,2015-03-02,2117.389892578125,18288.630859375
1339,2015-03-01,2104.5,18132.69921875
1340,2015-02-28,2104.5,18132.69921875
1341,2015-02-27,2104.5,18132.69921875
1342,2015-02-26,2110.739990234375,18214.419921875
1343,2015-02-25,2113.860107421875,18224.5703125
1344,2015-02-24,2115.47998046875,18209.189453125
1345,2015-02-23,2109.659912109375,18116.83984375
1346,2015-02-22,2110.300048828125,18140.439453125
1347,2015-02-21,2110.300048828125,18140.439453125
1348,2015-02-20,2110.300048828125,18140.439453125
1349,2015-02-19,2097.449951171875,17985.76953125
1350,2015-02-18,2099.679931640625,18029.849609375
1351,2015-02-17,2100.340087890625,18047.580078125
1352,2015-02-16,2096.989990234375,18019.349609375
1353,2015-02-15,2096.989990234375,18019.349609375
1354,2015-02-14,2096.989990234375,18019.349609375
1355,2015-02-13,2096.989990234375,18019.349609375
1356,2015-02-12,2088.47998046875,17972.380859375
1357,2015-02-11,2068.530029296875,17862.140625
1358,2015-02-10,2068.590087890625,17868.759765625
1359,2015-02-09,2046.739990234375,17729.2109375
1360,2015-02-08,2055.469970703125,17824.2890625
1361,2015-02-07,2055.469970703125,17824.2890625
1362,2015-02-06,2055.469970703125,17824.2890625
1363,2015-02-05,2062.52001953125,17884.880859375
1364,2015-02-04,2041.510009765625,17673.01953125
1365,2015-02-03,2050.030029296875,17666.400390625
1366,2015-02-02,2020.8499755859375,17361.0390625
1367,2015-02-01,1994.989990234375,17164.94921875
1368,2015-01-31,1994.989990234375,17164.94921875
1369,2015-01-30,1994.989990234375,17164.94921875
1370,2015-01-29,2021.25,17416.849609375
1371,2015-01-28,2002.1600341796875,17191.369140625
1372,2015-01-27,2029.550048828125,17387.2109375
1373,2015-01-26,2057.090087890625,17678.69921875
1374,2015-01-25,2051.820068359375,17672.599609375
1375,2015-01-24,2051.820068359375,17672.599609375
1376,2015-01-23,2051.820068359375,17672.599609375
1377,2015-01-22,2063.14990234375,17813.98046875
1378,2015-01-21,2032.1199951171875,17554.279296875
1379,2015-01-20,2022.550048828125,17515.23046875
1380,2015-01-19,2019.4200439453125,17511.5703125
1381,2015-01-18,2019.4200439453125,17511.5703125
1382,2015-01-17,2019.4200439453125,17511.5703125
1383,2015-01-16,2019.4200439453125,17511.5703125
1384,2015-01-15,1992.6700439453125,17320.7109375
1385,2015-01-14,2011.27001953125,17427.08984375
1386,2015-01-13,2023.030029296875,17613.6796875
1387,2015-01-12,2028.260009765625,17640.83984375
1388,2015-01-11,2044.81005859375,17737.369140625
1389,2015-01-10,2044.81005859375,17737.369140625
1390,2015-01-09,2044.81005859375,17737.369140625
1391,2015-01-08,2062.139892578125,17907.869140625
1392,2015-01-07,2025.9000244140625,17584.51953125
1393,2015-01-06,2002.6099853515625,17371.640625
1394,2015-01-05,2020.5799560546875,17501.650390625
1395,2015-01-04,2058.199951171875,17832.990234375
1396,2015-01-03,2058.199951171875,17832.990234375
1397,2015-01-02,2058.199951171875,17832.990234375
1398,2015-01-01,2058.89990234375,17823.0703125
1399,2014-12-31,2058.89990234375,17823.0703125
1400,2014-12-30,2080.35009765625,17983.0703125
1401,2014-12-29,2090.570068359375,18038.23046875
1402,2014-12-28,2088.77001953125,18053.7109375
1403,2014-12-27,2088.77001953125,18053.7109375
1404,2014-12-26,2088.77001953125,18053.7109375
1405,2014-12-25,2081.8798828125,18030.2109375
1406,2014-12-24,2081.8798828125,18030.2109375
1407,2014-12-23,2082.169921875,18024.169921875
1408,2014-12-22,2078.5400390625,17959.439453125
1409,2014-12-21,2070.64990234375,17804.80078125
1410,2014-12-20,2070.64990234375,17804.80078125
1411,2014-12-19,2070.64990234375,17804.80078125
1412,2014-12-18,2061.22998046875,17778.150390625
1413,2014-12-17,2012.8900146484375,17356.869140625
1414,2014-12-16,1972.739990234375,17068.869140625
1415,2014-12-15,1989.6300048828125,17180.83984375
1416,2014-12-14,2002.3299560546875,17280.830078125
1417,2014-12-13,2002.3299560546875,17280.830078125
1418,2014-12-12,2002.3299560546875,17280.830078125
1419,2014-12-11,2035.3299560546875,17596.33984375
1420,2014-12-10,2026.1400146484375,17533.150390625
1421,2014-12-09,2059.820068359375,17801.19921875
1422,2014-12-08,2060.31005859375,17852.48046875
1423,2014-12-07,2075.3701171875,17958.7890625
1424,2014-12-06,2075.3701171875,17958.7890625
1425,2014-12-05,2075.3701171875,17958.7890625
1426,2014-12-04,2071.919921875,17900.099609375
1427,2014-12-03,2074.330078125,17912.619140625
1428,2014-12-02,2066.550048828125,17879.55078125
1429,2014-12-01,2053.43994140625,17776.80078125
1430,2014-11-30,2067.56005859375,17828.240234375
1431,2014-11-29,2067.56005859375,17828.240234375
1432,2014-11-28,2067.56005859375,17828.240234375
1433,2014-11-27,2072.830078125,17827.75
1434,2014-11-26,2072.830078125,17827.75
1435,2014-11-25,2067.030029296875,17814.939453125
1436,2014-11-24,2069.409912109375,17817.900390625
1437,2014-11-23,2063.5,17810.060546875
1438,2014-11-22,2063.5,17810.060546875
1439,2014-11-21,2063.5,17810.060546875
1440,2014-11-20,2052.75,17719.0
1441,2014-11-19,2048.719970703125,17685.73046875
1442,2014-11-18,2051.800048828125,17687.8203125
1443,2014-11-17,2041.3199462890625,17647.75
1444,2014-11-16,2039.8199462890625,17634.740234375
1445,2014-11-15,2039.8199462890625,17634.740234375
1446,2014-11-14,2039.8199462890625,17634.740234375
1447,2014-11-13,2039.3299560546875,17652.7890625
1448,2014-11-12,2038.25,17612.19921875
1449,2014-11-11,2039.6800537109375,17614.900390625
1450,2014-11-10,2038.260009765625,17613.740234375
1451,2014-11-09,2031.9200439453125,17573.9296875
1452,2014-11-08,2031.9200439453125,17573.9296875
1453,2014-11-07,2031.9200439453125,17573.9296875
1454,2014-11-06,2031.2099609375,17554.470703125
1455,2014-11-05,2023.5699462890625,17484.529296875
1456,2014-11-04,2012.0999755859375,17383.83984375
1457,2014-11-03,2017.81005859375,17366.240234375
1458,2014-11-02,2018.050048828125,17390.51953125
1459,2014-11-01,2018.050048828125,17390.51953125
1460,2014-10-31,2018.050048828125,17390.51953125
1461,2014-10-30,1994.6500244140625,17195.419921875
1462,2014-10-29,1982.300048828125,16974.310546875
1463,2014-10-28,1985.050048828125,17005.75
1464,2014-10-27,1961.6300048828125,16817.939453125
1465,2014-10-26,1964.5799560546875,16805.41015625
1466,2014-10-25,1964.5799560546875,16805.41015625
1467,2014-10-24,1964.5799560546875,16805.41015625
1468,2014-10-23,1950.8199462890625,16677.900390625
1469,2014-10-22,1927.1099853515625,16461.3203125
1470,2014-10-21,1941.280029296875,16614.810546875
1471,2014-10-20,1904.010009765625,16399.669921875
1472,2014-10-19,1886.760009765625,16380.41015625
1473,2014-10-18,1886.760009765625,16380.41015625
1474,2014-10-17,1886.760009765625,16380.41015625
1475,2014-10-16,1862.760009765625,16117.240234375
1476,2014-10-15,1862.489990234375,16141.740234375
1477,2014-10-14,1877.699951171875,16315.1904296875
1478,2014-10-13,1874.739990234375,16321.0703125
1479,2014-10-12,1906.1300048828125,16544.099609375
1480,2014-10-11,1906.1300048828125,16544.099609375
1481,2014-10-10,1906.1300048828125,16544.099609375
1482,2014-10-09,1928.2099609375,16659.25
1483,2014-10-08,1968.8900146484375,16994.220703125
1484,2014-10-07,1935.0999755859375,16719.390625
1485,2014-10-06,1964.8199462890625,16991.91015625
1486,2014-10-05,1967.9000244140625,17009.689453125
1487,2014-10-04,1967.9000244140625,17009.689453125
1488,2014-10-03,1967.9000244140625,17009.689453125
1489,2014-10-02,1946.1700439453125,16801.05078125
1490,2014-10-01,1946.1600341796875,16804.7109375
1491,2014-09-30,1972.2900390625,17042.900390625
1492,2014-09-29,1977.800048828125,17071.220703125
1493,2014-09-28,1982.8499755859375,17113.150390625
1494,2014-09-27,1982.8499755859375,17113.150390625
1495,2014-09-26,1982.8499755859375,17113.150390625
1496,2014-09-25,1965.989990234375,16945.80078125
1497,2014-09-24,1998.300048828125,17210.060546875
1498,2014-09-23,1982.77001953125,17055.869140625
1499,2014-09-22,1994.2900390625,17172.6796875
1500,2014-09-21,2010.4000244140625,17279.740234375
1501,2014-09-20,2010.4000244140625,17279.740234375
1502,2014-09-19,2010.4000244140625,17279.740234375
1503,2014-09-18,2011.3599853515625,17265.990234375
1504,2014-09-17,2001.5699462890625,17156.849609375
1505,2014-09-16,1998.97998046875,17131.970703125
1506,2014-09-15,1984.1300048828125,17031.140625
1507,2014-09-14,1985.5400390625,16987.509765625
1508,2014-09-13,1985.5400390625,16987.509765625
1509,2014-09-12,1985.5400390625,16987.509765625
1510,2014-09-11,1997.449951171875,17049.0
1511,2014-09-10,1995.68994140625,17068.7109375
1512,2014-09-09,1988.43994140625,17013.869140625
1513,2014-09-08,2001.5400390625,17111.419921875
1514,2014-09-07,2007.7099609375,17137.359375
1515,2014-09-06,2007.7099609375,17137.359375
1516,2014-09-05,2007.7099609375,17137.359375
1517,2014-09-04,1997.6500244140625,17069.580078125
1518,2014-09-03,2000.719970703125,17078.279296875
1519,2014-09-02,2002.280029296875,17067.560546875
1520,2014-09-01,2003.3699951171875,17098.44921875
1521,2014-08-31,2003.3699951171875,17098.44921875
1522,2014-08-30,2003.3699951171875,17098.44921875
1523,2014-08-29,2003.3699951171875,17098.44921875
1524,2014-08-28,1996.739990234375,17079.5703125
1525,2014-08-27,2000.1199951171875,17122.009765625
1526,2014-08-26,2000.02001953125,17106.69921875
1527,2014-08-25,1997.9200439453125,17076.869140625
1528,2014-08-24,1988.4000244140625,17001.220703125
1529,2014-08-23,1988.4000244140625,17001.220703125
1530,2014-08-22,1988.4000244140625,17001.220703125
1531,2014-08-21,1992.3699951171875,17039.490234375
1532,2014-08-20,1986.510009765625,16979.130859375
1533,2014-08-19,1981.5999755859375,16919.58984375
1534,2014-08-18,1971.739990234375,16838.740234375
1535,2014-08-17,1955.06005859375,16662.91015625
1536,2014-08-16,1955.06005859375,16662.91015625
1537,2014-08-15,1955.06005859375,16662.91015625
1538,2014-08-14,1955.1800537109375,16713.580078125
1539,2014-08-13,1946.719970703125,16651.80078125
1540,2014-08-12,1933.75,16560.5390625
1541,2014-08-11,1936.9200439453125,16569.98046875
1542,2014-08-10,1931.5899658203125,16553.9296875
1543,2014-08-09,1931.5899658203125,16553.9296875
1544,2014-08-08,1931.5899658203125,16553.9296875
1545,2014-08-07,1909.5699462890625,16368.26953125
1546,2014-08-06,1920.239990234375,16443.33984375
1547,2014-08-05,1920.2099609375,16429.470703125
1548,2014-08-04,1938.989990234375,16569.279296875
1549,2014-08-03,1925.1500244140625,16493.369140625
1550,2014-08-02,1925.1500244140625,16493.369140625
1551,2014-08-01,1925.1500244140625,16493.369140625
1552,2014-07-31,1930.6700439453125,16563.30078125
1553,2014-07-30,1970.0699462890625,16880.359375
1554,2014-07-29,1969.949951171875,16912.109375
1555,2014-07-28,1978.9100341796875,16982.58984375
1556,2014-07-27,1978.3399658203125,16960.5703125
1557,2014-07-26,1978.3399658203125,16960.5703125
1558,2014-07-25,1978.3399658203125,16960.5703125
1559,2014-07-24,1987.97998046875,17083.80078125
1560,2014-07-23,1987.010009765625,17086.630859375
1561,2014-07-22,1983.530029296875,17113.5390625
1562,2014-07-21,1973.6300048828125,17051.73046875
1563,2014-07-20,1978.219970703125,17100.1796875
1564,2014-07-19,1978.219970703125,17100.1796875
1565,2014-07-18,1978.219970703125,17100.1796875
1566,2014-07-17,1958.1199951171875,16976.810546875
1567,2014-07-16,1981.5699462890625,17138.19921875
1568,2014-07-15,1973.280029296875,17060.6796875
1569,2014-07-14,1977.0999755859375,17055.419921875
1570,2014-07-13,1967.5699462890625,16943.810546875
1571,2014-07-12,1967.5699462890625,16943.810546875
1572,2014-07-11,1967.5699462890625,16943.810546875
1573,2014-07-10,1964.6800537109375,16915.0703125
1574,2014-07-09,1972.8299560546875,16985.609375
1575,2014-07-08,1963.7099609375,16906.619140625
1576,2014-07-07,1977.6500244140625,17024.2109375
1577,2014-07-06,1985.43994140625,17068.259765625
1578,2014-07-05,1985.43994140625,17068.259765625
1579,2014-07-04,1985.43994140625,17068.259765625
1580,2014-07-03,1985.43994140625,17068.259765625
1581,2014-07-02,1974.6199951171875,16976.240234375
1582,2014-07-01,1973.3199462890625,16956.0703125
1583,2014-06-30,1960.22998046875,16826.599609375
1584,2014-06-29,1960.9599609375,16851.83984375
1585,2014-06-28,1960.9599609375,16851.83984375
1586,2014-06-27,1960.9599609375,16851.83984375
1587,2014-06-26,1957.219970703125,16846.130859375
1588,2014-06-25,1959.530029296875,16867.509765625
1589,2014-06-24,1949.97998046875,16818.130859375
1590,2014-06-23,1962.6099853515625,16937.259765625
1591,2014-06-22,1962.8699951171875,16947.080078125
1592,2014-06-21,1962.8699951171875,16947.080078125
1593,2014-06-20,1962.8699951171875,16947.080078125
1594,2014-06-19,1959.47998046875,16921.4609375
1595,2014-06-18,1956.97998046875,16906.619140625
1596,2014-06-17,1941.989990234375,16808.490234375
1597,2014-06-16,1937.780029296875,16781.009765625
1598,2014-06-15,1936.1600341796875,16775.740234375
1599,2014-06-14,1936.1600341796875,16775.740234375
1600,2014-06-13,1936.1600341796875,16775.740234375
1601,2014-06-12,1930.1099853515625,16734.189453125
1602,2014-06-11,1943.8900146484375,16843.880859375
1603,2014-06-10,1950.7900390625,16945.919921875
1604,2014-06-09,1951.27001953125,16943.099609375
1605,2014-06-08,1949.43994140625,16924.279296875
1606,2014-06-07,1949.43994140625,16924.279296875
1607,2014-06-06,1949.43994140625,16924.279296875
1608,2014-06-05,1940.4599609375,16836.109375
1609,2014-06-04,1927.8800048828125,16737.529296875
1610,2014-06-03,1924.239990234375,16722.33984375
1611,2014-06-02,1924.969970703125,16743.630859375
1612,2014-06-01,1923.5699462890625,16717.169921875
1613,2014-05-31,1923.5699462890625,16717.169921875
1614,2014-05-30,1923.5699462890625,16717.169921875
1615,2014-05-29,1920.030029296875,16698.740234375
1616,2014-05-28,1909.780029296875,16633.1796875
1617,2014-05-27,1911.9100341796875,16675.5
1618,2014-05-26,1900.530029296875,16606.26953125
1619,2014-05-25,1900.530029296875,16606.26953125
1620,2014-05-24,1900.530029296875,16606.26953125
1621,2014-05-23,1900.530029296875,16606.26953125
1622,2014-05-22,1892.489990234375,16543.080078125
1623,2014-05-21,1888.030029296875,16533.060546875
1624,2014-05-20,1872.8299560546875,16374.3095703125
1625,2014-05-19,1885.0799560546875,16511.859375
1626,2014-05-18,1877.8599853515625,16491.310546875
1627,2014-05-17,1877.8599853515625,16491.310546875
1628,2014-05-16,1877.8599853515625,16491.310546875
1629,2014-05-15,1870.8499755859375,16446.810546875
1630,2014-05-14,1888.530029296875,16613.970703125
1631,2014-05-13,1897.449951171875,16715.439453125
1632,2014-05-12,1896.6500244140625,16695.470703125
1633,2014-05-11,1878.47998046875,16583.33984375
1634,2014-05-10,1878.47998046875,16583.33984375
1635,2014-05-09,1878.47998046875,16583.33984375
1636,2014-05-08,1875.6300048828125,16550.970703125
1637,2014-05-07,1878.2099609375,16518.5390625
1638,2014-05-06,1867.719970703125,16401.01953125
1639,2014-05-05,1884.6600341796875,16530.55078125
1640,2014-05-04,1881.1400146484375,16512.890625
1641,2014-05-03,1881.1400146484375,16512.890625
1642,2014-05-02,1881.1400146484375,16512.890625
1643,2014-05-01,1883.6800537109375,16558.869140625
1644,2014-04-30,1883.949951171875,16580.83984375
1645,2014-04-29,1878.3299560546875,16535.369140625
1646,2014-04-28,1869.4300537109375,16448.740234375
1647,2014-04-27,1863.4000244140625,16361.4599609375
1648,2014-04-26,1863.4000244140625,16361.4599609375
1649,2014-04-25,1863.4000244140625,16361.4599609375
1650,2014-04-24,1878.6099853515625,16501.650390625
1651,2014-04-23,1875.3900146484375,16501.650390625
1652,2014-04-22,1879.550048828125,16514.369140625
1653,2014-04-21,1871.8900146484375,16449.25
1654,2014-04-20,1864.8499755859375,16408.5390625
1655,2014-04-19,1864.8499755859375,16408.5390625
1656,2014-04-18,1864.8499755859375,16408.5390625
1657,2014-04-17,1864.8499755859375,16408.5390625
1658,2014-04-16,1862.31005859375,16424.849609375
1659,2014-04-15,1842.97998046875,16262.5595703125
1660,2014-04-14,1830.6099853515625,16173.240234375
1661,2014-04-13,1815.68994140625,16026.75
1662,2014-04-12,1815.68994140625,16026.75
1663,2014-04-11,1815.68994140625,16026.75
1664,2014-04-10,1833.0799560546875,16170.2197265625
1665,2014-04-09,1872.1800537109375,16437.1796875
1666,2014-04-08,1851.9599609375,16256.1396484375
1667,2014-04-07,1845.0400390625,16245.8701171875
1668,2014-04-06,1865.0899658203125,16412.7109375
1669,2014-04-05,1865.0899658203125,16412.7109375
1670,2014-04-04,1865.0899658203125,16412.7109375
1671,2014-04-03,1888.77001953125,16572.55078125
1672,2014-04-02,1890.9000244140625,16573.0
1673,2014-04-01,1885.52001953125,16532.609375
1674,2014-03-31,1872.3399658203125,16457.66015625
1675,2014-03-30,1857.6199951171875,16323.0595703125
1676,2014-03-29,1857.6199951171875,16323.0595703125
1677,2014-03-28,1857.6199951171875,16323.0595703125
1678,2014-03-27,1849.0400390625,16264.23046875
1679,2014-03-26,1852.56005859375,16268.990234375
1680,2014-03-25,1865.6199951171875,16367.8798828125
1681,2014-03-24,1857.43994140625,16276.6904296875
1682,2014-03-23,1866.52001953125,16302.76953125
1683,2014-03-22,1866.52001953125,16302.76953125
1684,2014-03-21,1866.52001953125,16302.76953125
1685,2014-03-20,1872.010009765625,16331.0498046875
1686,2014-03-19,1860.77001953125,16222.169921875
1687,2014-03-18,1872.25,16336.1904296875
1688,2014-03-17,1858.8299560546875,16247.2197265625
1689,2014-03-16,1841.1300048828125,16065.669921875
1690,2014-03-15,1841.1300048828125,16065.669921875
1691,2014-03-14,1841.1300048828125,16065.669921875
1692,2014-03-13,1846.3399658203125,16108.8896484375
1693,2014-03-12,1868.199951171875,16340.080078125
1694,2014-03-11,1867.6300048828125,16351.25
1695,2014-03-10,1877.1700439453125,16418.6796875
1696,2014-03-09,1878.0400390625,16452.720703125
1697,2014-03-08,1878.0400390625,16452.720703125
1698,2014-03-07,1878.0400390625,16452.720703125
1699,2014-03-06,1877.030029296875,16421.890625
1700,2014-03-05,1873.81005859375,16360.1796875
1701,2014-03-04,1873.9100341796875,16395.880859375
1702,2014-03-03,1845.72998046875,16168.0302734375
1703,2014-03-02,1859.449951171875,16321.7099609375
1704,2014-03-01,1859.449951171875,16321.7099609375
1705,2014-02-28,1859.449951171875,16321.7099609375
1706,2014-02-27,1854.2900390625,16272.650390625
1707,2014-02-26,1845.1600341796875,16198.41015625
1708,2014-02-25,1845.1199951171875,16179.66015625
1709,2014-02-24,1847.6099853515625,16207.1396484375
1710,2014-02-23,1836.25,16103.2998046875
1711,2014-02-22,1836.25,16103.2998046875
1712,2014-02-21,1836.25,16103.2998046875
1713,2014-02-20,1839.780029296875,16133.23046875
1714,2014-02-19,1828.75,16040.5595703125
1715,2014-02-18,1840.760009765625,16130.400390625
1716,2014-02-17,1838.6300048828125,16154.3896484375
1717,2014-02-16,1838.6300048828125,16154.3896484375
1718,2014-02-15,1838.6300048828125,16154.3896484375
1719,2014-02-14,1838.6300048828125,16154.3896484375
1720,2014-02-13,1829.8299560546875,16027.58984375
1721,2014-02-12,1819.260009765625,15963.9404296875
1722,2014-02-11,1819.75,15994.76953125
1723,2014-02-10,1799.8399658203125,15801.7900390625
1724,2014-02-09,1797.02001953125,15794.080078125
1725,2014-02-08,1797.02001953125,15794.080078125
1726,2014-02-07,1797.02001953125,15794.080078125
1727,2014-02-06,1773.4300537109375,15628.5302734375
1728,2014-02-05,1751.6400146484375,15440.23046875
1729,2014-02-04,1755.199951171875,15445.240234375
1730,2014-02-03,1741.8900146484375,15372.7998046875
1731,2014-02-02,1782.5899658203125,15698.849609375
1732,2014-02-01,1782.5899658203125,15698.849609375
1733,2014-01-31,1782.5899658203125,15698.849609375
1734,2014-01-30,1794.18994140625,15848.6103515625
1735,2014-01-29,1774.199951171875,15738.7900390625
1736,2014-01-28,1792.5,15928.5595703125
1737,2014-01-27,1781.56005859375,15837.8798828125
1738,2014-01-26,1790.2900390625,15879.1103515625
1739,2014-01-25,1790.2900390625,15879.1103515625
1740,2014-01-24,1790.2900390625,15879.1103515625
1741,2014-01-23,1828.4599609375,16197.349609375
1742,2014-01-22,1844.8599853515625,16373.33984375
1743,2014-01-21,1843.800048828125,16414.439453125
1744,2014-01-20,1838.699951171875,16458.560546875
1745,2014-01-19,1838.699951171875,16458.560546875
1746,2014-01-18,1838.699951171875,16458.560546875
1747,2014-01-17,1838.699951171875,16458.560546875
1748,2014-01-16,1845.8900146484375,16417.009765625
1749,2014-01-15,1848.3800048828125,16481.939453125
1750,2014-01-14,1838.8800048828125,16373.8603515625
1751,2014-01-13,1819.199951171875,16257.9404296875
1752,2014-01-12,1842.3699951171875,16437.05078125
1753,2014-01-11,1842.3699951171875,16437.05078125
1754,2014-01-10,1842.3699951171875,16437.05078125
1755,2014-01-09,1838.1300048828125,16444.759765625
1756,2014-01-08,1837.489990234375,16462.740234375
1757,2014-01-07,1837.8800048828125,16530.939453125
1758,2014-01-06,1826.77001953125,16425.099609375
1759,2014-01-05,1831.3699951171875,16469.990234375
1760,2014-01-04,1831.3699951171875,16469.990234375
1761,2014-01-03,1831.3699951171875,16469.990234375
1762,2014-01-02,1831.97998046875,16441.349609375
1763,2014-01-01,1848.3599853515625,16576.66015625
1764,2013-12-31,1848.3599853515625,16576.66015625
1765,2013-12-30,1841.0699462890625,16504.2890625
1766,2013-12-29,1841.4000244140625,16478.41015625
1767,2013-12-28,1841.4000244140625,16478.41015625
1768,2013-12-27,1841.4000244140625,16478.41015625
1769,2013-12-26,1842.02001953125,16479.880859375
1770,2013-12-25,1833.3199462890625,16357.5498046875
1771,2013-12-24,1833.3199462890625,16357.5498046875
1772,2013-12-23,1827.989990234375,16294.6103515625
1773,2013-12-22,1818.3199462890625,16221.1396484375
1774,2013-12-21,1818.3199462890625,16221.1396484375
1775,2013-12-20,1818.3199462890625,16221.1396484375
1776,2013-12-19,1809.5999755859375,16179.080078125
1777,2013-12-18,1810.6500244140625,16167.9697265625
1778,2013-12-17,1781.0,15875.259765625
1779,2013-12-16,1786.5400390625,15884.5703125
1780,2013-12-15,1775.3199462890625,15755.3603515625
1781,2013-12-14,1775.3199462890625,15755.3603515625
1782,2013-12-13,1775.3199462890625,15755.3603515625
1783,2013-12-12,1775.5,15739.4296875
1784,2013-12-11,1782.219970703125,15843.5302734375
1785,2013-12-10,1802.6199951171875,15973.1298828125
1786,2013-12-09,1808.3699951171875,16025.5302734375
1787,2013-12-08,1805.0899658203125,16020.2001953125
1788,2013-12-07,1805.0899658203125,16020.2001953125
1789,2013-12-06,1805.0899658203125,16020.2001953125
1790,2013-12-05,1785.030029296875,15821.509765625
1791,2013-12-04,1792.81005859375,15889.76953125
1792,2013-12-03,1795.1500244140625,15914.6201171875
1793,2013-12-02,1800.9000244140625,16008.76953125
1794,2013-12-01,1805.81005859375,16086.41015625
1795,2013-11-30,1805.81005859375,16086.41015625
1796,2013-11-29,1805.81005859375,16086.41015625
1797,2013-11-28,1807.22998046875,16097.330078125
1798,2013-11-27,1807.22998046875,16097.330078125
1799,2013-11-26,1802.75,16072.7998046875
1800,2013-11-25,1802.47998046875,16072.5400390625
1801,2013-11-24,1804.760009765625,16064.76953125
1802,2013-11-23,1804.760009765625,16064.76953125
1803,2013-11-22,1804.760009765625,16064.76953125
1804,2013-11-21,1795.8499755859375,16009.990234375
1805,2013-11-20,1781.3699951171875,15900.8203125
1806,2013-11-19,1787.8699951171875,15967.0302734375
1807,2013-11-18,1791.530029296875,15976.01953125
1808,2013-11-17,1798.1800537109375,15961.7001953125
1809,2013-11-16,1798.1800537109375,15961.7001953125
1810,2013-11-15,1798.1800537109375,15961.7001953125
1811,2013-11-14,1790.6199951171875,15876.2197265625
1812,2013-11-13,1782.0,15821.6298828125
1813,2013-11-12,1767.68994140625,15750.669921875
1814,2013-11-11,1771.8900146484375,15783.099609375
1815,2013-11-10,1770.6099853515625,15761.7802734375
1816,2013-11-09,1770.6099853515625,15761.7802734375
1817,2013-11-08,1770.6099853515625,15761.7802734375
1818,2013-11-07,1747.1500244140625,15593.98046875
1819,2013-11-06,1770.489990234375,15746.8798828125
1820,2013-11-05,1762.969970703125,15618.2197265625
1821,2013-11-04,1767.9300537109375,15639.1201171875
1822,2013-11-03,1761.6400146484375,15615.5498046875
1823,2013-11-02,1761.6400146484375,15615.5498046875
1824,2013-11-01,1761.6400146484375,15615.5498046875
1825,2013-10-31,1756.5400390625,15545.75
1826,2013-10-30,1763.31005859375,15618.759765625
1827,2013-10-29,1771.949951171875,15680.349609375
1828,2013-10-28,1762.1099853515625,15568.9296875
1829,2013-10-27,1759.77001953125,15570.2802734375
1830,2013-10-26,1759.77001953125,15570.2802734375
1831,2013-10-25,1759.77001953125,15570.2802734375
1832,2013-10-24,1752.0699462890625,15509.2099609375
1833,2013-10-23,1746.3800048828125,15413.330078125
1834,2013-10-22,1754.6700439453125,15467.66015625
1835,2013-10-21,1744.6600341796875,15392.2001953125
1836,2013-10-20,1744.5,15399.650390625
1837,2013-10-19,1744.5,15399.650390625
1838,2013-10-18,1744.5,15399.650390625
1839,2013-10-17,1733.1500244140625,15371.650390625
1840,2013-10-16,1721.5400390625,15373.830078125
1841,2013-10-15,1698.06005859375,15168.009765625
1842,2013-10-14,1710.1400146484375,15301.259765625
1843,2013-10-13,1703.199951171875,15237.1103515625
1844,2013-10-12,1703.199951171875,15237.1103515625
1845,2013-10-11,1703.199951171875,15237.1103515625
1846,2013-10-10,1692.56005859375,15126.0703125
1847,2013-10-09,1656.4000244140625,14802.98046875
1848,2013-10-08,1655.449951171875,14776.5302734375
1849,2013-10-07,1676.1199951171875,14936.240234375
1850,2013-10-06,1690.5,15072.580078125
1851,2013-10-05,1690.5,15072.580078125
1852,2013-10-04,1690.5,15072.580078125
1853,2013-10-03,1678.6600341796875,14996.48046875
1854,2013-10-02,1693.8699951171875,15133.1396484375
1855,2013-10-01,1695.0,15191.7001953125
1856,2013-09-30,1681.550048828125,15129.669921875
1857,2013-09-29,1691.75,15258.240234375
1858,2013-09-28,1691.75,15258.240234375
1859,2013-09-27,1691.75,15258.240234375
1860,2013-09-26,1698.6700439453125,15328.2998046875
1861,2013-09-25,1692.77001953125,15273.259765625
1862,2013-09-24,1697.4200439453125,15334.58984375
1863,2013-09-23,1701.8399658203125,15401.3798828125
1864,2013-09-22,1709.9100341796875,15451.08984375
1865,2013-09-21,1709.9100341796875,15451.08984375
1866,2013-09-20,1709.9100341796875,15451.08984375
1867,2013-09-19,1722.3399658203125,15636.5498046875
1868,2013-09-18,1725.52001953125,15676.9404296875
1869,2013-09-17,1704.760009765625,15529.73046875
1870,2013-09-16,1697.5999755859375,15494.7802734375
1871,2013-09-15,1687.989990234375,15376.0595703125
1872,2013-09-14,1687.989990234375,15376.0595703125
1873,2013-09-13,1687.989990234375,15376.0595703125
1874,2013-09-12,1683.4200439453125,15300.6396484375
1875,2013-09-11,1689.1300048828125,15326.599609375
1876,2013-09-10,1683.989990234375,15191.0595703125
1877,2013-09-09,1671.7099609375,15063.1201171875
1878,2013-09-08,1655.1700439453125,14922.5
1879,2013-09-07,1655.1700439453125,14922.5
1880,2013-09-06,1655.1700439453125,14922.5
1881,2013-09-05,1655.0799560546875,14937.48046875
1882,2013-09-04,1653.0799560546875,14930.8701171875
1883,2013-09-03,1639.77001953125,14833.9599609375
1884,2013-09-02,1632.969970703125,14810.3095703125
1885,2013-09-01,1632.969970703125,14810.3095703125
1886,2013-08-31,1632.969970703125,14810.3095703125
1887,2013-08-30,1632.969970703125,14810.3095703125
1888,2013-08-29,1638.1700439453125,14840.9501953125
1889,2013-08-28,1634.9599609375,14824.509765625
1890,2013-08-27,1630.47998046875,14776.1298828125
1891,2013-08-26,1656.780029296875,14946.4599609375
1892,2013-08-25,1663.5,15010.509765625
1893,2013-08-24,1663.5,15010.509765625
1894,2013-08-23,1663.5,15010.509765625
1895,2013-08-22,1656.9599609375,14963.740234375
1896,2013-08-21,1642.800048828125,14897.5498046875
1897,2013-08-20,1652.3499755859375,15002.990234375
1898,2013-08-19,1646.06005859375,15010.740234375
1899,2013-08-18,1655.8299560546875,15081.4697265625
1900,2013-08-17,1655.8299560546875,15081.4697265625
1901,2013-08-16,1655.8299560546875,15081.4697265625
1902,2013-08-15,1661.3199462890625,15112.1904296875
1903,2013-08-14,1685.3900146484375,15337.66015625
1904,2013-08-13,1694.1600341796875,15451.009765625
1905,2013-08-12,1689.469970703125,15419.6796875
1906,2013-08-11,1691.4200439453125,15425.509765625
1907,2013-08-10,1691.4200439453125,15425.509765625
1908,2013-08-09,1691.4200439453125,15425.509765625
1909,2013-08-08,1697.47998046875,15498.3203125
1910,2013-08-07,1690.9100341796875,15470.669921875
1911,2013-08-06,1697.3699951171875,15518.740234375
1912,2013-08-05,1707.1400146484375,15612.1298828125
1913,2013-08-04,1709.6700439453125,15658.3603515625
1914,2013-08-03,1709.6700439453125,15658.3603515625
1915,2013-08-02,1709.6700439453125,15658.3603515625
1916,2013-08-01,1706.8699951171875,15628.01953125
1917,2013-07-31,1685.72998046875,15499.5400390625
1918,2013-07-30,1685.9599609375,15520.58984375
1919,2013-07-29,1685.3299560546875,15521.9697265625
1920,2013-07-28,1691.6500244140625,15558.830078125
1921,2013-07-27,1691.6500244140625,15558.830078125
1922,2013-07-26,1691.6500244140625,15558.830078125
1923,2013-07-25,1690.25,15555.6103515625
1924,2013-07-24,1685.93994140625,15542.240234375
1925,2013-07-23,1692.3900146484375,15567.740234375
1926,2013-07-22,1695.530029296875,15545.5498046875
1927,2013-07-21,1692.0899658203125,15543.740234375
1928,2013-07-20,1692.0899658203125,15543.740234375
1929,2013-07-19,1692.0899658203125,15543.740234375
1930,2013-07-18,1689.3699951171875,15548.5400390625
1931,2013-07-17,1680.9100341796875,15470.51953125
1932,2013-07-16,1676.260009765625,15451.849609375
1933,2013-07-15,1682.5,15484.259765625
1934,2013-07-14,1680.18994140625,15464.2998046875
1935,2013-07-13,1680.18994140625,15464.2998046875
1936,2013-07-12,1680.18994140625,15464.2998046875
1937,2013-07-11,1675.02001953125,15460.919921875
1938,2013-07-10,1652.6199951171875,15291.66015625
1939,2013-07-09,1652.3199462890625,15300.33984375
1940,2013-07-08,1640.4599609375,15224.6904296875
1941,2013-07-07,1631.8900146484375,15135.83984375
1942,2013-07-06,1631.8900146484375,15135.83984375
1943,2013-07-05,1631.8900146484375,15135.83984375
1944,2013-07-04,1615.4100341796875,14988.3701171875
1945,2013-07-03,1615.4100341796875,14988.3701171875
1946,2013-07-02,1614.0799560546875,14932.41015625
1947,2013-07-01,1614.9599609375,14974.9599609375
1948,2013-06-30,1606.280029296875,14909.599609375
1949,2013-06-29,1606.280029296875,14909.599609375
1950,2013-06-28,1606.280029296875,14909.599609375
1951,2013-06-27,1613.199951171875,15024.490234375
1952,2013-06-26,1603.260009765625,14910.1396484375
1953,2013-06-25,1588.030029296875,14760.3095703125
1954,2013-06-24,1573.0899658203125,14659.5595703125
1955,2013-06-23,1592.4300537109375,14799.400390625
1956,2013-06-22,1592.4300537109375,14799.400390625
1957,2013-06-21,1592.4300537109375,14799.400390625
1958,2013-06-20,1588.18994140625,14758.3203125
1959,2013-06-19,1628.9300537109375,15112.1904296875
1960,2013-06-18,1651.81005859375,15318.23046875
1961,2013-06-17,1639.0400390625,15179.849609375
1962,2013-06-16,1626.72998046875,15070.1796875
1963,2013-06-15,1626.72998046875,15070.1796875
1964,2013-06-14,1626.72998046875,15070.1796875
1965,2013-06-13,1636.3599853515625,15176.080078125
1966,2013-06-12,1612.52001953125,14995.23046875
1967,2013-06-11,1626.1300048828125,15122.01953125
1968,2013-06-10,1642.81005859375,15238.58984375
1969,2013-06-09,1643.3800048828125,15248.1201171875
1970,2013-06-08,1643.3800048828125,15248.1201171875
1971,2013-06-07,1643.3800048828125,15248.1201171875
1972,2013-06-06,1622.56005859375,15040.6201171875
1973,2013-06-05,1608.9000244140625,14960.58984375
1974,2013-06-04,1631.3800048828125,15177.5400390625
1975,2013-06-03,1640.4200439453125,15254.0302734375
1976,2013-06-02,1630.739990234375,15115.5703125
1977,2013-06-01,1630.739990234375,15115.5703125
1978,2013-05-31,1630.739990234375,15115.5703125
1979,2013-05-30,1654.4100341796875,15324.5302734375
1980,2013-05-29,1648.3599853515625,15302.7998046875
1981,2013-05-28,1660.06005859375,15409.3896484375
1982,2013-05-27,1649.5999755859375,15303.099609375
1983,2013-05-26,1649.5999755859375,15303.099609375
1984,2013-05-25,1649.5999755859375,15303.099609375
1985,2013-05-24,1649.5999755859375,15303.099609375
1986,2013-05-23,1650.510009765625,15294.5
1987,2013-05-22,1655.3499755859375,15307.169921875
1988,2013-05-21,1669.1600341796875,15387.580078125
1989,2013-05-20,1666.2900390625,15335.2802734375
1990,2013-05-19,1667.469970703125,15354.400390625
1991,2013-05-18,1667.469970703125,15354.400390625
1992,2013-05-17,1667.469970703125,15354.400390625
1993,2013-05-16,1650.469970703125,15233.2197265625
1994,2013-05-15,1658.780029296875,15275.6904296875
1995,2013-05-14,1650.3399658203125,15215.25
1996,2013-05-13,1633.77001953125,15091.6796875
1997,2013-05-12,1633.699951171875,15118.490234375
1998,2013-05-11,1633.699951171875,15118.490234375
1999,2013-05-10,1633.699951171875,15118.490234375
2000,2013-05-09,1626.6700439453125,15082.6201171875
2001,2013-05-08,1632.68994140625,15105.1201171875
2002,2013-05-07,1625.9599609375,15056.2001953125
2003,2013-05-06,1617.5,14968.8896484375
2004,2013-05-05,1614.4200439453125,14973.9599609375
2005,2013-05-04,1614.4200439453125,14973.9599609375
2006,2013-05-03,1614.4200439453125,14973.9599609375
2007,2013-05-02,1597.5899658203125,14831.580078125
2008,2013-05-01,1582.699951171875,14700.9501953125
2009,2013-04-30,1597.5699462890625,14839.7998046875
2010,2013-04-29,1593.6099853515625,14818.75
2011,2013-04-28,,
