,date,sp_close
0,2018-09-23,2929.669921875
1,2018-09-22,2929.669921875
2,2018-09-21,2929.669921875
3,2018-09-20,2930.75
4,2018-09-19,2907.949951171875
5,2018-09-18,2904.31005859375
6,2018-09-17,2888.800048828125
7,2018-09-16,2904.97998046875
8,2018-09-15,2904.97998046875
9,2018-09-14,2904.97998046875
10,2018-09-13,2904.179931640625
11,2018-09-12,2888.919921875
12,2018-09-11,2887.889892578125
13,2018-09-10,2877.1298828125
14,2018-09-09,2871.679931640625
15,2018-09-08,2871.679931640625
16,2018-09-07,2871.679931640625
17,2018-09-06,2878.050048828125
18,2018-09-05,2888.60009765625
19,2018-09-04,2896.719970703125
20,2018-09-03,2901.52001953125
21,2018-09-02,2901.52001953125
22,2018-09-01,2901.52001953125
23,2018-08-31,2901.52001953125
24,2018-08-30,2901.1298828125
25,2018-08-29,2914.0400390625
26,2018-08-28,2897.52001953125
27,2018-08-27,2896.739990234375
28,2018-08-26,2874.68994140625
29,2018-08-25,2874.68994140625
30,2018-08-24,2874.68994140625
31,2018-08-23,2856.97998046875
32,2018-08-22,2861.820068359375
33,2018-08-21,2862.9599609375
34,2018-08-20,2857.050048828125
35,2018-08-19,2850.1298828125
36,2018-08-18,2850.1298828125
37,2018-08-17,2850.1298828125
38,2018-08-16,2840.68994140625
39,2018-08-15,2818.3701171875
40,2018-08-14,2839.9599609375
41,2018-08-13,2821.929931640625
42,2018-08-12,2833.280029296875
43,2018-08-11,2833.280029296875
44,2018-08-10,2833.280029296875
45,2018-08-09,2853.580078125
46,2018-08-08,2857.699951171875
47,2018-08-07,2858.449951171875
48,2018-08-06,2850.39990234375
49,2018-08-05,2840.35009765625
50,2018-08-04,2840.35009765625
51,2018-08-03,2840.35009765625
52,2018-08-02,2827.219970703125
53,2018-08-01,2813.360107421875
54,2018-07-31,2816.2900390625
55,2018-07-30,2802.60009765625
56,2018-07-29,2818.820068359375
57,2018-07-28,2818.820068359375
58,2018-07-27,2818.820068359375
59,2018-07-26,2837.43994140625
60,2018-07-25,2846.070068359375
61,2018-07-24,2820.39990234375
62,2018-07-23,2806.97998046875
63,2018-07-22,2801.830078125
64,2018-07-21,2801.830078125
65,2018-07-20,2801.830078125
66,2018-07-19,2804.489990234375
67,2018-07-18,2815.6201171875
68,2018-07-17,2809.550048828125
69,2018-07-16,2798.429931640625
70,2018-07-15,2801.31005859375
71,2018-07-14,2801.31005859375
72,2018-07-13,2801.31005859375
73,2018-07-12,2798.2900390625
74,2018-07-11,2774.02001953125
75,2018-07-10,2793.840087890625
76,2018-07-09,2784.169921875
77,2018-07-08,2759.820068359375
78,2018-07-07,2759.820068359375
79,2018-07-06,2759.820068359375
80,2018-07-05,2736.610107421875
81,2018-07-04,2713.219970703125
82,2018-07-03,2713.219970703125
83,2018-07-02,2726.7099609375
84,2018-07-01,2718.3701171875
85,2018-06-30,2718.3701171875
86,2018-06-29,2718.3701171875
87,2018-06-28,2716.31005859375
88,2018-06-27,2699.6298828125
89,2018-06-26,2723.06005859375
90,2018-06-25,2717.070068359375
91,2018-06-24,2754.8798828125
92,2018-06-23,2754.8798828125
93,2018-06-22,2754.8798828125
94,2018-06-21,2749.760009765625
95,2018-06-20,2767.320068359375
96,2018-06-19,2762.590087890625
97,2018-06-18,2773.75
98,2018-06-17,2779.659912109375
99,2018-06-16,2779.659912109375
100,2018-06-15,2779.659912109375
101,2018-06-14,2782.489990234375
102,2018-06-13,2775.6298828125
103,2018-06-12,2786.85009765625
104,2018-06-11,2782.0
105,2018-06-10,2779.030029296875
106,2018-06-09,2779.030029296875
107,2018-06-08,2779.030029296875
108,2018-06-07,2770.3701171875
109,2018-06-06,2772.35009765625
110,2018-06-05,2748.800048828125
111,2018-06-04,2746.8701171875
112,2018-06-03,2734.6201171875
113,2018-06-02,2734.6201171875
114,2018-06-01,2734.6201171875
115,2018-05-31,2705.27001953125
116,2018-05-30,2724.010009765625
117,2018-05-29,2689.860107421875
118,2018-05-28,2721.330078125
119,2018-05-27,2721.330078125
120,2018-05-26,2721.330078125
121,2018-05-25,2721.330078125
122,2018-05-24,2727.760009765625
123,2018-05-23,2733.2900390625
124,2018-05-22,2724.43994140625
125,2018-05-21,2733.010009765625
126,2018-05-20,2712.969970703125
127,2018-05-19,2712.969970703125
128,2018-05-18,2712.969970703125
129,2018-05-17,2720.1298828125
130,2018-05-16,2722.4599609375
131,2018-05-15,2711.449951171875
132,2018-05-14,2730.1298828125
133,2018-05-13,2727.719970703125
134,2018-05-12,2727.719970703125
135,2018-05-11,2727.719970703125
136,2018-05-10,2723.070068359375
137,2018-05-09,2697.7900390625
138,2018-05-08,2671.919921875
139,2018-05-07,2672.6298828125
140,2018-05-06,2663.419921875
141,2018-05-05,2663.419921875
142,2018-05-04,2663.419921875
143,2018-05-03,2629.72998046875
144,2018-05-02,2635.669921875
145,2018-05-01,2654.800048828125
146,2018-04-30,2648.050048828125
147,2018-04-29,2669.909912109375
148,2018-04-28,2669.909912109375
149,2018-04-27,2669.909912109375
150,2018-04-26,2666.93994140625
151,2018-04-25,2639.39990234375
152,2018-04-24,2634.56005859375
153,2018-04-23,2670.2900390625
154,2018-04-22,2670.139892578125
155,2018-04-21,2670.139892578125
156,2018-04-20,2670.139892578125
157,2018-04-19,2693.1298828125
158,2018-04-18,2708.639892578125
159,2018-04-17,2706.389892578125
160,2018-04-16,2677.840087890625
161,2018-04-15,2656.300048828125
162,2018-04-14,2656.300048828125
163,2018-04-13,2656.300048828125
164,2018-04-12,2663.989990234375
165,2018-04-11,2642.18994140625
166,2018-04-10,2656.8701171875
167,2018-04-09,2613.159912109375
168,2018-04-08,2604.469970703125
169,2018-04-07,2604.469970703125
170,2018-04-06,2604.469970703125
171,2018-04-05,2662.840087890625
172,2018-04-04,2644.68994140625
173,2018-04-03,2614.449951171875
174,2018-04-02,2581.8798828125
175,2018-04-01,2640.8701171875
176,2018-03-31,2640.8701171875
177,2018-03-30,2640.8701171875
178,2018-03-29,2640.8701171875
179,2018-03-28,2605.0
180,2018-03-27,2612.6201171875
181,2018-03-26,2658.550048828125
182,2018-03-25,2588.260009765625
183,2018-03-24,2588.260009765625
184,2018-03-23,2588.260009765625
185,2018-03-22,2643.68994140625
186,2018-03-21,2711.929931640625
187,2018-03-20,2716.93994140625
188,2018-03-19,2712.919921875
189,2018-03-18,2752.010009765625
190,2018-03-17,2752.010009765625
191,2018-03-16,2752.010009765625
192,2018-03-15,2747.330078125
193,2018-03-14,2749.47998046875
194,2018-03-13,2765.31005859375
195,2018-03-12,2783.02001953125
196,2018-03-11,2786.570068359375
197,2018-03-10,2786.570068359375
198,2018-03-09,2786.570068359375
199,2018-03-08,2738.969970703125
200,2018-03-07,2726.800048828125
201,2018-03-06,2728.1201171875
202,2018-03-05,2720.93994140625
203,2018-03-04,2691.25
204,2018-03-03,2691.25
205,2018-03-02,2691.25
206,2018-03-01,2677.669921875
207,2018-02-28,2713.830078125
208,2018-02-27,2744.280029296875
209,2018-02-26,2779.60009765625
210,2018-02-25,2747.300048828125
211,2018-02-24,2747.300048828125
212,2018-02-23,2747.300048828125
213,2018-02-22,2703.9599609375
214,2018-02-21,2701.330078125
215,2018-02-20,2716.260009765625
216,2018-02-19,2732.219970703125
217,2018-02-18,2732.219970703125
218,2018-02-17,2732.219970703125
219,2018-02-16,2732.219970703125
220,2018-02-15,2731.199951171875
221,2018-02-14,2698.6298828125
222,2018-02-13,2662.93994140625
223,2018-02-12,2656.0
224,2018-02-11,2619.550048828125
225,2018-02-10,2619.550048828125
226,2018-02-09,2619.550048828125
227,2018-02-08,2581.0
228,2018-02-07,2681.659912109375
229,2018-02-06,2695.139892578125
230,2018-02-05,2648.93994140625
231,2018-02-04,2762.1298828125
232,2018-02-03,2762.1298828125
233,2018-02-02,2762.1298828125
234,2018-02-01,2821.97998046875
235,2018-01-31,2823.81005859375
236,2018-01-30,2822.429931640625
237,2018-01-29,2853.530029296875
238,2018-01-28,2872.8701171875
239,2018-01-27,2872.8701171875
240,2018-01-26,2872.8701171875
241,2018-01-25,2839.25
242,2018-01-24,2837.5400390625
243,2018-01-23,2839.1298828125
244,2018-01-22,2832.969970703125
245,2018-01-21,2810.300048828125
246,2018-01-20,2810.300048828125
247,2018-01-19,2810.300048828125
248,2018-01-18,2798.030029296875
249,2018-01-17,2802.56005859375
250,2018-01-16,2776.419921875
251,2018-01-15,2786.239990234375
252,2018-01-14,2786.239990234375
253,2018-01-13,2786.239990234375
254,2018-01-12,2786.239990234375
255,2018-01-11,2767.56005859375
256,2018-01-10,2748.22998046875
257,2018-01-09,2751.2900390625
258,2018-01-08,2747.7099609375
259,2018-01-07,2743.14990234375
260,2018-01-06,2743.14990234375
261,2018-01-05,2743.14990234375
262,2018-01-04,2723.989990234375
263,2018-01-03,2713.06005859375
264,2018-01-02,2695.81005859375
265,2018-01-01,2673.610107421875
266,2017-12-31,2673.610107421875
267,2017-12-30,2673.610107421875
268,2017-12-29,2673.610107421875
269,2017-12-28,2687.5400390625
270,2017-12-27,2682.6201171875
271,2017-12-26,2680.5
272,2017-12-25,2683.340087890625
273,2017-12-24,2683.340087890625
274,2017-12-23,2683.340087890625
275,2017-12-22,2683.340087890625
276,2017-12-21,2684.570068359375
277,2017-12-20,2679.25
278,2017-12-19,2681.469970703125
279,2017-12-18,2690.159912109375
280,2017-12-17,2675.81005859375
281,2017-12-16,2675.81005859375
282,2017-12-15,2675.81005859375
283,2017-12-14,2652.010009765625
284,2017-12-13,2662.85009765625
285,2017-12-12,2664.110107421875
286,2017-12-11,2659.989990234375
287,2017-12-10,2651.5
288,2017-12-09,2651.5
289,2017-12-08,2651.5
290,2017-12-07,2636.97998046875
291,2017-12-06,2629.27001953125
292,2017-12-05,2629.570068359375
293,2017-12-04,2639.43994140625
294,2017-12-03,2642.219970703125
295,2017-12-02,2642.219970703125
296,2017-12-01,2642.219970703125
297,2017-11-30,2647.580078125
298,2017-11-29,2626.070068359375
299,2017-11-28,2627.0400390625
300,2017-11-27,2601.419921875
301,2017-11-26,2602.419921875
302,2017-11-25,2602.419921875
303,2017-11-24,2602.419921875
304,2017-11-23,2597.080078125
305,2017-11-22,2597.080078125
306,2017-11-21,2599.030029296875
307,2017-11-20,2582.139892578125
308,2017-11-19,2578.85009765625
309,2017-11-18,2578.85009765625
310,2017-11-17,2578.85009765625
311,2017-11-16,2585.639892578125
312,2017-11-15,2564.6201171875
313,2017-11-14,2578.8701171875
314,2017-11-13,2584.840087890625
315,2017-11-12,2582.300048828125
316,2017-11-11,2582.300048828125
317,2017-11-10,2582.300048828125
318,2017-11-09,2584.6201171875
319,2017-11-08,2594.3798828125
320,2017-11-07,2590.639892578125
321,2017-11-06,2591.1298828125
322,2017-11-05,2587.840087890625
323,2017-11-04,2587.840087890625
324,2017-11-03,2587.840087890625
325,2017-11-02,2579.85009765625
326,2017-11-01,2579.360107421875
327,2017-10-31,2575.260009765625
328,2017-10-30,2572.830078125
329,2017-10-29,2581.070068359375
330,2017-10-28,2581.070068359375
331,2017-10-27,2581.070068359375
332,2017-10-26,2560.39990234375
333,2017-10-25,2557.14990234375
334,2017-10-24,2569.1298828125
335,2017-10-23,2564.97998046875
336,2017-10-22,2575.2099609375
337,2017-10-21,2575.2099609375
338,2017-10-20,2575.2099609375
339,2017-10-19,2562.10009765625
340,2017-10-18,2561.260009765625
341,2017-10-17,2559.360107421875
342,2017-10-16,2557.639892578125
343,2017-10-15,2553.169921875
344,2017-10-14,2553.169921875
345,2017-10-13,2553.169921875
346,2017-10-12,2550.929931640625
347,2017-10-11,2555.239990234375
348,2017-10-10,2550.639892578125
349,2017-10-09,2544.72998046875
350,2017-10-08,2549.330078125
351,2017-10-07,2549.330078125
352,2017-10-06,2549.330078125
353,2017-10-05,2552.070068359375
354,2017-10-04,2537.739990234375
355,2017-10-03,2534.580078125
356,2017-10-02,2529.1201171875
357,2017-10-01,2519.360107421875
358,2017-09-30,2519.360107421875
359,2017-09-29,2519.360107421875
360,2017-09-28,2510.06005859375
361,2017-09-27,2507.0400390625
362,2017-09-26,2496.840087890625
363,2017-09-25,2496.659912109375
364,2017-09-24,2502.219970703125
365,2017-09-23,2502.219970703125
366,2017-09-22,2502.219970703125
367,2017-09-21,2500.60009765625
368,2017-09-20,2508.239990234375
369,2017-09-19,2506.64990234375
370,2017-09-18,2503.8701171875
371,2017-09-17,2500.22998046875
372,2017-09-16,2500.22998046875
373,2017-09-15,2500.22998046875
374,2017-09-14,2495.6201171875
375,2017-09-13,2498.3701171875
376,2017-09-12,2496.47998046875
377,2017-09-11,2488.110107421875
378,2017-09-10,2461.429931640625
379,2017-09-09,2461.429931640625
380,2017-09-08,2461.429931640625
381,2017-09-07,2465.10009765625
382,2017-09-06,2465.5400390625
383,2017-09-05,2457.85009765625
384,2017-09-04,2476.550048828125
385,2017-09-03,2476.550048828125
386,2017-09-02,2476.550048828125
387,2017-09-01,2476.550048828125
388,2017-08-31,2471.64990234375
389,2017-08-30,2457.590087890625
390,2017-08-29,2446.300048828125
391,2017-08-28,2444.239990234375
392,2017-08-27,2443.050048828125
393,2017-08-26,2443.050048828125
394,2017-08-25,2443.050048828125
395,2017-08-24,2438.969970703125
396,2017-08-23,2444.0400390625
397,2017-08-22,2452.510009765625
398,2017-08-21,2428.3701171875
399,2017-08-20,2425.550048828125
400,2017-08-19,2425.550048828125
401,2017-08-18,2425.550048828125
402,2017-08-17,2430.010009765625
403,2017-08-16,2468.110107421875
404,2017-08-15,2464.610107421875
405,2017-08-14,2465.840087890625
406,2017-08-13,2441.320068359375
407,2017-08-12,2441.320068359375
408,2017-08-11,2441.320068359375
409,2017-08-10,2438.2099609375
410,2017-08-09,2474.02001953125
411,2017-08-08,2474.919921875
412,2017-08-07,2480.909912109375
413,2017-08-06,2476.830078125
414,2017-08-05,2476.830078125
415,2017-08-04,2476.830078125
416,2017-08-03,2472.159912109375
417,2017-08-02,2477.570068359375
418,2017-08-01,2476.35009765625
419,2017-07-31,2470.300048828125
420,2017-07-30,2472.10009765625
421,2017-07-29,2472.10009765625
422,2017-07-28,2472.10009765625
423,2017-07-27,2475.419921875
424,2017-07-26,2477.830078125
425,2017-07-25,2477.1298828125
426,2017-07-24,2469.909912109375
427,2017-07-23,2472.5400390625
428,2017-07-22,2472.5400390625
429,2017-07-21,2472.5400390625
430,2017-07-20,2473.449951171875
431,2017-07-19,2473.830078125
432,2017-07-18,2460.610107421875
433,2017-07-17,2459.139892578125
434,2017-07-16,2459.27001953125
435,2017-07-15,2459.27001953125
436,2017-07-14,2459.27001953125
437,2017-07-13,2447.830078125
438,2017-07-12,2443.25
439,2017-07-11,2425.530029296875
440,2017-07-10,2427.429931640625
441,2017-07-09,2425.179931640625
442,2017-07-08,2425.179931640625
443,2017-07-07,2425.179931640625
444,2017-07-06,2409.75
445,2017-07-05,2432.5400390625
446,2017-07-04,2429.010009765625
447,2017-07-03,2429.010009765625
448,2017-07-02,2423.409912109375
449,2017-07-01,2423.409912109375
450,2017-06-30,2423.409912109375
451,2017-06-29,2419.699951171875
452,2017-06-28,2440.68994140625
453,2017-06-27,2419.3798828125
454,2017-06-26,2439.070068359375
455,2017-06-25,2438.300048828125
456,2017-06-24,2438.300048828125
457,2017-06-23,2438.300048828125
458,2017-06-22,2434.5
459,2017-06-21,2435.610107421875
460,2017-06-20,2437.030029296875
461,2017-06-19,2453.4599609375
462,2017-06-18,2433.14990234375
463,2017-06-17,2433.14990234375
464,2017-06-16,2433.14990234375
465,2017-06-15,2432.4599609375
466,2017-06-14,2437.919921875
467,2017-06-13,2440.35009765625
468,2017-06-12,2429.389892578125
469,2017-06-11,2431.77001953125
470,2017-06-10,2431.77001953125
471,2017-06-09,2431.77001953125
472,2017-06-08,2433.7900390625
473,2017-06-07,2433.139892578125
474,2017-06-06,2429.330078125
475,2017-06-05,2436.10009765625
476,2017-06-04,2439.070068359375
477,2017-06-03,2439.070068359375
478,2017-06-02,2439.070068359375
479,2017-06-01,2430.06005859375
480,2017-05-31,2411.800048828125
481,2017-05-30,2412.909912109375
482,2017-05-29,2415.820068359375
483,2017-05-28,2415.820068359375
484,2017-05-27,2415.820068359375
485,2017-05-26,2415.820068359375
486,2017-05-25,2415.070068359375
487,2017-05-24,2404.389892578125
488,2017-05-23,2398.419921875
489,2017-05-22,2394.02001953125
490,2017-05-21,2381.72998046875
491,2017-05-20,2381.72998046875
492,2017-05-19,2381.72998046875
493,2017-05-18,2365.719970703125
494,2017-05-17,2357.030029296875
495,2017-05-16,2400.669921875
496,2017-05-15,2402.320068359375
497,2017-05-14,2390.89990234375
498,2017-05-13,2390.89990234375
499,2017-05-12,2390.89990234375
500,2017-05-11,2394.43994140625
501,2017-05-10,2399.6298828125
502,2017-05-09,2396.919921875
503,2017-05-08,2399.3798828125
504,2017-05-07,2399.2900390625
505,2017-05-06,2399.2900390625
506,2017-05-05,2399.2900390625
507,2017-05-04,2389.52001953125
508,2017-05-03,2388.1298828125
509,2017-05-02,2391.169921875
510,2017-05-01,2388.330078125
511,2017-04-30,2384.199951171875
512,2017-04-29,2384.199951171875
513,2017-04-28,2384.199951171875
514,2017-04-27,2388.77001953125
515,2017-04-26,2387.449951171875
516,2017-04-25,2388.610107421875
517,2017-04-24,2374.14990234375
518,2017-04-23,2348.68994140625
519,2017-04-22,2348.68994140625
520,2017-04-21,2348.68994140625
521,2017-04-20,2355.840087890625
522,2017-04-19,2338.169921875
523,2017-04-18,2342.18994140625
524,2017-04-17,2349.010009765625
525,2017-04-16,2328.949951171875
526,2017-04-15,2328.949951171875
527,2017-04-14,2328.949951171875
528,2017-04-13,2328.949951171875
529,2017-04-12,2344.929931640625
530,2017-04-11,2353.780029296875
531,2017-04-10,2357.159912109375
532,2017-04-09,2355.5400390625
533,2017-04-08,2355.5400390625
534,2017-04-07,2355.5400390625
535,2017-04-06,2357.489990234375
536,2017-04-05,2352.949951171875
537,2017-04-04,2360.159912109375
538,2017-04-03,2358.840087890625
539,2017-04-02,2362.719970703125
540,2017-04-01,2362.719970703125
541,2017-03-31,2362.719970703125
542,2017-03-30,2368.06005859375
543,2017-03-29,2361.1298828125
544,2017-03-28,2358.570068359375
545,2017-03-27,2341.590087890625
546,2017-03-26,2343.97998046875
547,2017-03-25,2343.97998046875
548,2017-03-24,2343.97998046875
549,2017-03-23,2345.9599609375
550,2017-03-22,2348.449951171875
551,2017-03-21,2344.02001953125
552,2017-03-20,2373.469970703125
553,2017-03-19,2378.25
554,2017-03-18,2378.25
555,2017-03-17,2378.25
556,2017-03-16,2381.3798828125
557,2017-03-15,2385.260009765625
558,2017-03-14,2365.449951171875
559,2017-03-13,2373.469970703125
560,2017-03-12,2372.60009765625
561,2017-03-11,2372.60009765625
562,2017-03-10,2372.60009765625
563,2017-03-09,2364.8701171875
564,2017-03-08,2362.97998046875
565,2017-03-07,2368.389892578125
566,2017-03-06,2375.31005859375
567,2017-03-05,2383.1201171875
568,2017-03-04,2383.1201171875
569,2017-03-03,2383.1201171875
570,2017-03-02,2381.919921875
571,2017-03-01,2395.9599609375
572,2017-02-28,2363.639892578125
573,2017-02-27,2369.75
574,2017-02-26,2367.340087890625
575,2017-02-25,2367.340087890625
576,2017-02-24,2367.340087890625
577,2017-02-23,2363.81005859375
578,2017-02-22,2362.820068359375
579,2017-02-21,2365.3798828125
580,2017-02-20,2351.159912109375
581,2017-02-19,2351.159912109375
582,2017-02-18,2351.159912109375
583,2017-02-17,2351.159912109375
584,2017-02-16,2347.219970703125
585,2017-02-15,2349.25
586,2017-02-14,2337.580078125
587,2017-02-13,2328.25
588,2017-02-12,2316.10009765625
589,2017-02-11,2316.10009765625
590,2017-02-10,2316.10009765625
591,2017-02-09,2307.8701171875
592,2017-02-08,2294.669921875
593,2017-02-07,2293.080078125
594,2017-02-06,2292.56005859375
595,2017-02-05,2297.419921875
596,2017-02-04,2297.419921875
597,2017-02-03,2297.419921875
598,2017-02-02,2280.85009765625
599,2017-02-01,2279.550048828125
600,2017-01-31,2278.8701171875
601,2017-01-30,2280.89990234375
602,2017-01-29,2294.68994140625
603,2017-01-28,2294.68994140625
604,2017-01-27,2294.68994140625
605,2017-01-26,2296.679931640625
606,2017-01-25,2298.3701171875
607,2017-01-24,2280.070068359375
608,2017-01-23,2265.199951171875
609,2017-01-22,2271.31005859375
610,2017-01-21,2271.31005859375
611,2017-01-20,2271.31005859375
612,2017-01-19,2263.68994140625
613,2017-01-18,2271.889892578125
614,2017-01-17,2267.889892578125
615,2017-01-16,2274.639892578125
616,2017-01-15,2274.639892578125
617,2017-01-14,2274.639892578125
618,2017-01-13,2274.639892578125
619,2017-01-12,2270.43994140625
620,2017-01-11,2275.320068359375
621,2017-01-10,2268.89990234375
622,2017-01-09,2268.89990234375
623,2017-01-08,2276.97998046875
624,2017-01-07,2276.97998046875
625,2017-01-06,2276.97998046875
626,2017-01-05,2269.0
627,2017-01-04,2270.75
628,2017-01-03,2257.830078125
629,2017-01-02,2238.830078125
630,2017-01-01,2238.830078125
631,2016-12-31,2238.830078125
632,2016-12-30,2238.830078125
633,2016-12-29,2249.260009765625
634,2016-12-28,2249.919921875
635,2016-12-27,2268.8798828125
636,2016-12-26,2263.7900390625
637,2016-12-25,2263.7900390625
638,2016-12-24,2263.7900390625
639,2016-12-23,2263.7900390625
640,2016-12-22,2260.9599609375
641,2016-12-21,2265.179931640625
642,2016-12-20,2270.760009765625
643,2016-12-19,2262.530029296875
644,2016-12-18,2258.070068359375
645,2016-12-17,2258.070068359375
646,2016-12-16,2258.070068359375
647,2016-12-15,2262.030029296875
648,2016-12-14,2253.280029296875
649,2016-12-13,2271.719970703125
650,2016-12-12,2256.9599609375
651,2016-12-11,2259.530029296875
652,2016-12-10,2259.530029296875
653,2016-12-09,2259.530029296875
654,2016-12-08,2246.18994140625
655,2016-12-07,2241.35009765625
656,2016-12-06,2212.22998046875
657,2016-12-05,2204.7099609375
658,2016-12-04,2191.949951171875
659,2016-12-03,2191.949951171875
660,2016-12-02,2191.949951171875
661,2016-12-01,2191.080078125
662,2016-11-30,2198.81005859375
663,2016-11-29,2204.659912109375
664,2016-11-28,2201.719970703125
665,2016-11-27,2213.35009765625
666,2016-11-26,2213.35009765625
667,2016-11-25,2213.35009765625
668,2016-11-24,2204.719970703125
669,2016-11-23,2204.719970703125
670,2016-11-22,2202.93994140625
671,2016-11-21,2198.179931640625
672,2016-11-20,2181.89990234375
673,2016-11-19,2181.89990234375
674,2016-11-18,2181.89990234375
675,2016-11-17,2187.1201171875
676,2016-11-16,2176.93994140625
677,2016-11-15,2180.389892578125
678,2016-11-14,2164.199951171875
679,2016-11-13,2164.449951171875
680,2016-11-12,2164.449951171875
681,2016-11-11,2164.449951171875
682,2016-11-10,2167.47998046875
683,2016-11-09,2163.260009765625
684,2016-11-08,2139.56005859375
685,2016-11-07,2131.52001953125
686,2016-11-06,2085.179931640625
687,2016-11-05,2085.179931640625
688,2016-11-04,2085.179931640625
689,2016-11-03,2088.659912109375
690,2016-11-02,2097.93994140625
691,2016-11-01,2111.719970703125
692,2016-10-31,2126.14990234375
693,2016-10-30,2126.409912109375
694,2016-10-29,2126.409912109375
695,2016-10-28,2126.409912109375
696,2016-10-27,2133.0400390625
697,2016-10-26,2139.429931640625
698,2016-10-25,2143.159912109375
699,2016-10-24,2151.330078125
700,2016-10-23,2141.159912109375
701,2016-10-22,2141.159912109375
702,2016-10-21,2141.159912109375
703,2016-10-20,2141.340087890625
704,2016-10-19,2144.2900390625
705,2016-10-18,2139.60009765625
706,2016-10-17,2126.5
707,2016-10-16,2132.97998046875
708,2016-10-15,2132.97998046875
709,2016-10-14,2132.97998046875
710,2016-10-13,2132.550048828125
711,2016-10-12,2139.179931640625
712,2016-10-11,2136.72998046875
713,2016-10-10,2163.659912109375
714,2016-10-09,2153.739990234375
715,2016-10-08,2153.739990234375
716,2016-10-07,2153.739990234375
717,2016-10-06,2160.77001953125
718,2016-10-05,2159.72998046875
719,2016-10-04,2150.489990234375
720,2016-10-03,2161.199951171875
721,2016-10-02,2168.27001953125
722,2016-10-01,2168.27001953125
723,2016-09-30,2168.27001953125
724,2016-09-29,2151.1298828125
725,2016-09-28,2171.3701171875
726,2016-09-27,2159.929931640625
727,2016-09-26,2146.10009765625
728,2016-09-25,2164.68994140625
729,2016-09-24,2164.68994140625
730,2016-09-23,2164.68994140625
731,2016-09-22,2177.179931640625
732,2016-09-21,2163.1201171875
733,2016-09-20,2139.760009765625
734,2016-09-19,2139.1201171875
735,2016-09-18,2139.159912109375
736,2016-09-17,2139.159912109375
737,2016-09-16,2139.159912109375
738,2016-09-15,2147.260009765625
739,2016-09-14,2125.77001953125
740,2016-09-13,2127.02001953125
741,2016-09-12,2159.0400390625
742,2016-09-11,2127.81005859375
743,2016-09-10,2127.81005859375
744,2016-09-09,2127.81005859375
745,2016-09-08,2181.300048828125
746,2016-09-07,2186.159912109375
747,2016-09-06,2186.47998046875
748,2016-09-05,2179.97998046875
749,2016-09-04,2179.97998046875
750,2016-09-03,2179.97998046875
751,2016-09-02,2179.97998046875
752,2016-09-01,2170.860107421875
753,2016-08-31,2170.949951171875
754,2016-08-30,2176.1201171875
755,2016-08-29,2180.3798828125
756,2016-08-28,2169.0400390625
757,2016-08-27,2169.0400390625
758,2016-08-26,2169.0400390625
759,2016-08-25,2172.469970703125
760,2016-08-24,2175.43994140625
761,2016-08-23,2186.89990234375
762,2016-08-22,2182.639892578125
763,2016-08-21,2183.8701171875
764,2016-08-20,2183.8701171875
765,2016-08-19,2183.8701171875
766,2016-08-18,2187.02001953125
767,2016-08-17,2182.219970703125
768,2016-08-16,2178.14990234375
769,2016-08-15,2190.14990234375
770,2016-08-14,2184.050048828125
771,2016-08-13,2184.050048828125
772,2016-08-12,2184.050048828125
773,2016-08-11,2185.7900390625
774,2016-08-10,2175.489990234375
775,2016-08-09,2181.739990234375
776,2016-08-08,2180.889892578125
777,2016-08-07,2182.8701171875
778,2016-08-06,2182.8701171875
779,2016-08-05,2182.8701171875
780,2016-08-04,2164.25
781,2016-08-03,2163.7900390625
782,2016-08-02,2157.030029296875
783,2016-08-01,2170.840087890625
784,2016-07-31,2173.60009765625
785,2016-07-30,2173.60009765625
786,2016-07-29,2173.60009765625
787,2016-07-28,2170.06005859375
788,2016-07-27,2166.580078125
789,2016-07-26,2169.179931640625
790,2016-07-25,2168.47998046875
791,2016-07-24,2175.030029296875
792,2016-07-23,2175.030029296875
793,2016-07-22,2175.030029296875
794,2016-07-21,2165.169921875
795,2016-07-20,2173.02001953125
796,2016-07-19,2163.780029296875
797,2016-07-18,2166.889892578125
798,2016-07-17,2161.739990234375
799,2016-07-16,2161.739990234375
800,2016-07-15,2161.739990234375
801,2016-07-14,2163.75
802,2016-07-13,2152.429931640625
803,2016-07-12,2152.139892578125
804,2016-07-11,2137.159912109375
805,2016-07-10,2129.89990234375
806,2016-07-09,2129.89990234375
807,2016-07-08,2129.89990234375
808,2016-07-07,2097.89990234375
809,2016-07-06,2099.72998046875
810,2016-07-05,2088.550048828125
811,2016-07-04,2102.949951171875
812,2016-07-03,2102.949951171875
813,2016-07-02,2102.949951171875
814,2016-07-01,2102.949951171875
815,2016-06-30,2098.860107421875
816,2016-06-29,2070.77001953125
817,2016-06-28,2036.0899658203125
818,2016-06-27,2000.5400390625
819,2016-06-26,2037.4100341796875
820,2016-06-25,2037.4100341796875
821,2016-06-24,2037.4100341796875
822,2016-06-23,2113.320068359375
823,2016-06-22,2085.449951171875
824,2016-06-21,2088.89990234375
825,2016-06-20,2083.25
826,2016-06-19,2071.219970703125
827,2016-06-18,2071.219970703125
828,2016-06-17,2071.219970703125
829,2016-06-16,2077.989990234375
830,2016-06-15,2071.5
831,2016-06-14,2075.320068359375
832,2016-06-13,2079.06005859375
833,2016-06-12,2096.070068359375
834,2016-06-11,2096.070068359375
835,2016-06-10,2096.070068359375
836,2016-06-09,2115.47998046875
837,2016-06-08,2119.1201171875
838,2016-06-07,2112.1298828125
839,2016-06-06,2109.409912109375
840,2016-06-05,2099.1298828125
841,2016-06-04,2099.1298828125
842,2016-06-03,2099.1298828125
843,2016-06-02,2105.260009765625
844,2016-06-01,2099.330078125
845,2016-05-31,2096.949951171875
846,2016-05-30,2099.06005859375
847,2016-05-29,2099.06005859375
848,2016-05-28,2099.06005859375
849,2016-05-27,2099.06005859375
850,2016-05-26,2090.10009765625
851,2016-05-25,2090.5400390625
852,2016-05-24,2076.06005859375
853,2016-05-23,2048.0400390625
854,2016-05-22,2052.320068359375
855,2016-05-21,2052.320068359375
856,2016-05-20,2052.320068359375
857,2016-05-19,2040.0400390625
858,2016-05-18,2047.6300048828125
859,2016-05-17,2047.2099609375
860,2016-05-16,2066.659912109375
861,2016-05-15,2046.6099853515625
862,2016-05-14,2046.6099853515625
863,2016-05-13,2046.6099853515625
864,2016-05-12,2064.110107421875
865,2016-05-11,2064.4599609375
866,2016-05-10,2084.389892578125
867,2016-05-09,2058.68994140625
868,2016-05-08,2057.139892578125
869,2016-05-07,2057.139892578125
870,2016-05-06,2057.139892578125
871,2016-05-05,2050.6298828125
872,2016-05-04,2051.1201171875
873,2016-05-03,2063.3701171875
874,2016-05-02,2081.429931640625
875,2016-05-01,2065.300048828125
876,2016-04-30,2065.300048828125
877,2016-04-29,2065.300048828125
878,2016-04-28,2075.81005859375
879,2016-04-27,2095.14990234375
880,2016-04-26,2091.699951171875
881,2016-04-25,2087.7900390625
882,2016-04-24,2091.580078125
883,2016-04-23,2091.580078125
884,2016-04-22,2091.580078125
885,2016-04-21,2091.47998046875
886,2016-04-20,2102.39990234375
887,2016-04-19,2100.800048828125
888,2016-04-18,2094.340087890625
889,2016-04-17,2080.72998046875
890,2016-04-16,2080.72998046875
891,2016-04-15,2080.72998046875
892,2016-04-14,2082.780029296875
893,2016-04-13,2082.419921875
894,2016-04-12,2061.719970703125
895,2016-04-11,2041.989990234375
896,2016-04-10,2047.5999755859375
897,2016-04-09,2047.5999755859375
898,2016-04-08,2047.5999755859375
899,2016-04-07,2041.9100341796875
900,2016-04-06,2066.659912109375
901,2016-04-05,2045.1700439453125
902,2016-04-04,2066.1298828125
903,2016-04-03,2072.780029296875
904,2016-04-02,2072.780029296875
905,2016-04-01,2072.780029296875
906,2016-03-31,2059.739990234375
907,2016-03-30,2063.949951171875
908,2016-03-29,2055.010009765625
909,2016-03-28,2037.050048828125
910,2016-03-27,2035.93994140625
911,2016-03-26,2035.93994140625
912,2016-03-25,2035.93994140625
913,2016-03-24,2035.93994140625
914,2016-03-23,2036.7099609375
915,2016-03-22,2049.800048828125
916,2016-03-21,2051.60009765625
917,2016-03-20,2049.580078125
918,2016-03-19,2049.580078125
919,2016-03-18,2049.580078125
920,2016-03-17,2040.5899658203125
921,2016-03-16,2027.219970703125
922,2016-03-15,2015.9300537109375
923,2016-03-14,2019.6400146484375
924,2016-03-13,2022.18994140625
925,2016-03-12,2022.18994140625
926,2016-03-11,2022.18994140625
927,2016-03-10,1989.5699462890625
928,2016-03-09,1989.260009765625
929,2016-03-08,1979.260009765625
930,2016-03-07,2001.760009765625
931,2016-03-06,1999.989990234375
932,2016-03-05,1999.989990234375
933,2016-03-04,1999.989990234375
934,2016-03-03,1993.4000244140625
935,2016-03-02,1986.449951171875
936,2016-03-01,1978.3499755859375
937,2016-02-29,1932.22998046875
938,2016-02-28,1948.050048828125
939,2016-02-27,1948.050048828125
940,2016-02-26,1948.050048828125
941,2016-02-25,1951.699951171875
942,2016-02-24,1929.800048828125
943,2016-02-23,1921.27001953125
944,2016-02-22,1945.5
945,2016-02-21,1917.780029296875
946,2016-02-20,1917.780029296875
947,2016-02-19,1917.780029296875
948,2016-02-18,1917.8299560546875
949,2016-02-17,1926.8199462890625
950,2016-02-16,1895.5799560546875
951,2016-02-15,1864.780029296875
952,2016-02-14,1864.780029296875
953,2016-02-13,1864.780029296875
954,2016-02-12,1864.780029296875
955,2016-02-11,1829.0799560546875
956,2016-02-10,1851.8599853515625
957,2016-02-09,1852.2099609375
958,2016-02-08,1853.43994140625
959,2016-02-07,1880.050048828125
960,2016-02-06,1880.050048828125
961,2016-02-05,1880.050048828125
962,2016-02-04,1915.449951171875
963,2016-02-03,1912.530029296875
964,2016-02-02,1903.030029296875
965,2016-02-01,1939.3800048828125
966,2016-01-31,1940.239990234375
967,2016-01-30,1940.239990234375
968,2016-01-29,1940.239990234375
969,2016-01-28,1893.3599853515625
970,2016-01-27,1882.949951171875
971,2016-01-26,1903.6300048828125
972,2016-01-25,1877.0799560546875
973,2016-01-24,1906.9000244140625
974,2016-01-23,1906.9000244140625
975,2016-01-22,1906.9000244140625
976,2016-01-21,1868.989990234375
977,2016-01-20,1859.3299560546875
978,2016-01-19,1881.3299560546875
979,2016-01-18,1880.3299560546875
980,2016-01-17,1880.3299560546875
981,2016-01-16,1880.3299560546875
982,2016-01-15,1880.3299560546875
983,2016-01-14,1921.8399658203125
984,2016-01-13,1890.280029296875
985,2016-01-12,1938.6800537109375
986,2016-01-11,1923.6700439453125
987,2016-01-10,1922.030029296875
988,2016-01-09,1922.030029296875
989,2016-01-08,1922.030029296875
990,2016-01-07,1943.0899658203125
991,2016-01-06,1990.260009765625
992,2016-01-05,2016.7099609375
993,2016-01-04,2012.6600341796875
994,2016-01-03,2043.93994140625
995,2016-01-02,2043.93994140625
996,2016-01-01,2043.93994140625
997,2015-12-31,2043.93994140625
998,2015-12-30,2063.360107421875
999,2015-12-29,2078.360107421875
1000,2015-12-28,2056.5
1001,2015-12-27,2060.989990234375
1002,2015-12-26,2060.989990234375
1003,2015-12-25,2060.989990234375
1004,2015-12-24,2060.989990234375
1005,2015-12-23,2064.2900390625
1006,2015-12-22,2038.969970703125
1007,2015-12-21,2021.1500244140625
1008,2015-12-20,2005.550048828125
1009,2015-12-19,2005.550048828125
1010,2015-12-18,2005.550048828125
1011,2015-12-17,2041.8900146484375
1012,2015-12-16,2073.070068359375
1013,2015-12-15,2043.4100341796875
1014,2015-12-14,2021.93994140625
1015,2015-12-13,2012.3699951171875
1016,2015-12-12,2012.3699951171875
1017,2015-12-11,2012.3699951171875
1018,2015-12-10,2052.22998046875
1019,2015-12-09,2047.6199951171875
1020,2015-12-08,2063.590087890625
1021,2015-12-07,2077.070068359375
1022,2015-12-06,2091.68994140625
1023,2015-12-05,2091.68994140625
1024,2015-12-04,2091.68994140625
1025,2015-12-03,2049.6201171875
1026,2015-12-02,2079.510009765625
1027,2015-12-01,2102.6298828125
1028,2015-11-30,2080.409912109375
1029,2015-11-29,2090.110107421875
1030,2015-11-28,2090.110107421875
1031,2015-11-27,2090.110107421875
1032,2015-11-26,2088.8701171875
1033,2015-11-25,2088.8701171875
1034,2015-11-24,2089.139892578125
1035,2015-11-23,2086.590087890625
1036,2015-11-22,2089.169921875
1037,2015-11-21,2089.169921875
1038,2015-11-20,2089.169921875
1039,2015-11-19,2081.239990234375
1040,2015-11-18,2083.580078125
1041,2015-11-17,2050.43994140625
1042,2015-11-16,2053.18994140625
1043,2015-11-15,2023.0400390625
1044,2015-11-14,2023.0400390625
1045,2015-11-13,2023.0400390625
1046,2015-11-12,2045.969970703125
1047,2015-11-11,2075.0
1048,2015-11-10,2081.719970703125
1049,2015-11-09,2078.580078125
1050,2015-11-08,2099.199951171875
1051,2015-11-07,2099.199951171875
1052,2015-11-06,2099.199951171875
1053,2015-11-05,2099.929931640625
1054,2015-11-04,2102.31005859375
1055,2015-11-03,2109.7900390625
1056,2015-11-02,2104.050048828125
1057,2015-11-01,2079.360107421875
1058,2015-10-31,2079.360107421875
1059,2015-10-30,2079.360107421875
1060,2015-10-29,2089.409912109375
1061,2015-10-28,2090.35009765625
1062,2015-10-27,2065.889892578125
1063,2015-10-26,2071.179931640625
1064,2015-10-25,2075.14990234375
1065,2015-10-24,2075.14990234375
1066,2015-10-23,2075.14990234375
1067,2015-10-22,2052.510009765625
1068,2015-10-21,2018.93994140625
1069,2015-10-20,2030.77001953125
1070,2015-10-19,2033.6600341796875
1071,2015-10-18,2033.1099853515625
1072,2015-10-17,2033.1099853515625
1073,2015-10-16,2033.1099853515625
1074,2015-10-15,2023.8599853515625
1075,2015-10-14,1994.239990234375
1076,2015-10-13,2003.68994140625
1077,2015-10-12,2017.4599609375
1078,2015-10-11,2014.8900146484375
1079,2015-10-10,2014.8900146484375
1080,2015-10-09,2014.8900146484375
1081,2015-10-08,2013.4300537109375
1082,2015-10-07,1995.8299560546875
1083,2015-10-06,1979.9200439453125
1084,2015-10-05,1987.050048828125
1085,2015-10-04,1951.3599853515625
1086,2015-10-03,1951.3599853515625
1087,2015-10-02,1951.3599853515625
1088,2015-10-01,1923.8199462890625
1089,2015-09-30,1920.030029296875
1090,2015-09-29,1884.0899658203125
1091,2015-09-28,1881.77001953125
1092,2015-09-27,1931.3399658203125
1093,2015-09-26,1931.3399658203125
1094,2015-09-25,1931.3399658203125
1095,2015-09-24,1932.239990234375
1096,2015-09-23,1938.760009765625
1097,2015-09-22,1942.739990234375
1098,2015-09-21,1966.969970703125
1099,2015-09-20,1958.030029296875
1100,2015-09-19,1958.030029296875
1101,2015-09-18,1958.030029296875
1102,2015-09-17,1990.199951171875
1103,2015-09-16,1995.31005859375
1104,2015-09-15,1978.0899658203125
1105,2015-09-14,1953.030029296875
1106,2015-09-13,1961.050048828125
1107,2015-09-12,1961.050048828125
1108,2015-09-11,1961.050048828125
1109,2015-09-10,1952.2900390625
1110,2015-09-09,1942.0400390625
1111,2015-09-08,1969.4100341796875
1112,2015-09-07,1921.219970703125
1113,2015-09-06,1921.219970703125
1114,2015-09-05,1921.219970703125
1115,2015-09-04,1921.219970703125
1116,2015-09-03,1951.1300048828125
1117,2015-09-02,1948.8599853515625
1118,2015-09-01,1913.8499755859375
1119,2015-08-31,1972.1800537109375
1120,2015-08-30,1988.8699951171875
1121,2015-08-29,1988.8699951171875
1122,2015-08-28,1988.8699951171875
1123,2015-08-27,1987.6600341796875
1124,2015-08-26,1940.510009765625
1125,2015-08-25,1867.6099853515625
1126,2015-08-24,1893.2099609375
1127,2015-08-23,1970.8900146484375
1128,2015-08-22,1970.8900146484375
1129,2015-08-21,1970.8900146484375
1130,2015-08-20,2035.72998046875
1131,2015-08-19,2079.610107421875
1132,2015-08-18,2096.919921875
1133,2015-08-17,2102.43994140625
1134,2015-08-16,2091.5400390625
1135,2015-08-15,2091.5400390625
1136,2015-08-14,2091.5400390625
1137,2015-08-13,2083.389892578125
1138,2015-08-12,2086.050048828125
1139,2015-08-11,2084.070068359375
1140,2015-08-10,2104.179931640625
1141,2015-08-09,2077.570068359375
1142,2015-08-08,2077.570068359375
1143,2015-08-07,2077.570068359375
1144,2015-08-06,2083.56005859375
1145,2015-08-05,2099.840087890625
1146,2015-08-04,2093.320068359375
1147,2015-08-03,2098.0400390625
1148,2015-08-02,2103.840087890625
1149,2015-08-01,2103.840087890625
1150,2015-07-31,2103.840087890625
1151,2015-07-30,2108.6298828125
1152,2015-07-29,2108.570068359375
1153,2015-07-28,2093.25
1154,2015-07-27,2067.639892578125
1155,2015-07-26,2079.64990234375
1156,2015-07-25,2079.64990234375
1157,2015-07-24,2079.64990234375
1158,2015-07-23,2102.14990234375
1159,2015-07-22,2114.14990234375
1160,2015-07-21,2119.2099609375
1161,2015-07-20,2128.280029296875
1162,2015-07-19,2126.639892578125
1163,2015-07-18,2126.639892578125
1164,2015-07-17,2126.639892578125
1165,2015-07-16,2124.2900390625
1166,2015-07-15,2107.39990234375
1167,2015-07-14,2108.949951171875
1168,2015-07-13,2099.60009765625
1169,2015-07-12,2076.6201171875
1170,2015-07-11,2076.6201171875
1171,2015-07-10,2076.6201171875
1172,2015-07-09,2051.31005859375
1173,2015-07-08,2046.6800537109375
1174,2015-07-07,2081.340087890625
1175,2015-07-06,2068.760009765625
1176,2015-07-05,2076.780029296875
1177,2015-07-04,2076.780029296875
1178,2015-07-03,2076.780029296875
1179,2015-07-02,2076.780029296875
1180,2015-07-01,2077.419921875
1181,2015-06-30,2063.110107421875
1182,2015-06-29,2057.639892578125
1183,2015-06-28,2101.489990234375
1184,2015-06-27,2101.489990234375
1185,2015-06-26,2101.489990234375
1186,2015-06-25,2102.31005859375
1187,2015-06-24,2108.580078125
1188,2015-06-23,2124.199951171875
1189,2015-06-22,2122.85009765625
1190,2015-06-21,2109.989990234375
1191,2015-06-20,2109.989990234375
1192,2015-06-19,2109.989990234375
1193,2015-06-18,2121.239990234375
1194,2015-06-17,2100.43994140625
1195,2015-06-16,2096.2900390625
1196,2015-06-15,2084.429931640625
1197,2015-06-14,2094.110107421875
1198,2015-06-13,2094.110107421875
1199,2015-06-12,2094.110107421875
1200,2015-06-11,2108.860107421875
1201,2015-06-10,2105.199951171875
1202,2015-06-09,2080.14990234375
1203,2015-06-08,2079.280029296875
1204,2015-06-07,2092.830078125
1205,2015-06-06,2092.830078125
1206,2015-06-05,2092.830078125
1207,2015-06-04,2095.840087890625
1208,2015-06-03,2114.070068359375
1209,2015-06-02,2109.60009765625
1210,2015-06-01,2111.72998046875
1211,2015-05-31,2107.389892578125
1212,2015-05-30,2107.389892578125
1213,2015-05-29,2107.389892578125
1214,2015-05-28,2120.7900390625
1215,2015-05-27,2123.47998046875
1216,2015-05-26,2104.199951171875
1217,2015-05-25,2126.06005859375
1218,2015-05-24,2126.06005859375
1219,2015-05-23,2126.06005859375
1220,2015-05-22,2126.06005859375
1221,2015-05-21,2130.820068359375
1222,2015-05-20,2125.85009765625
1223,2015-05-19,2127.830078125
1224,2015-05-18,2129.199951171875
1225,2015-05-17,2122.72998046875
1226,2015-05-16,2122.72998046875
1227,2015-05-15,2122.72998046875
1228,2015-05-14,2121.10009765625
1229,2015-05-13,2098.47998046875
1230,2015-05-12,2099.1201171875
1231,2015-05-11,2105.330078125
1232,2015-05-10,2116.10009765625
1233,2015-05-09,2116.10009765625
1234,2015-05-08,2116.10009765625
1235,2015-05-07,2088.0
1236,2015-05-06,2080.14990234375
1237,2015-05-05,2089.4599609375
1238,2015-05-04,2114.489990234375
1239,2015-05-03,2108.2900390625
1240,2015-05-02,2108.2900390625
1241,2015-05-01,2108.2900390625
1242,2015-04-30,2085.510009765625
1243,2015-04-29,2106.85009765625
1244,2015-04-28,2114.760009765625
1245,2015-04-27,2108.919921875
1246,2015-04-26,2117.68994140625
1247,2015-04-25,2117.68994140625
1248,2015-04-24,2117.68994140625
1249,2015-04-23,2112.929931640625
1250,2015-04-22,2107.9599609375
1251,2015-04-21,2097.2900390625
1252,2015-04-20,2100.39990234375
1253,2015-04-19,2081.179931640625
1254,2015-04-18,2081.179931640625
1255,2015-04-17,2081.179931640625
1256,2015-04-16,2104.989990234375
1257,2015-04-15,2106.6298828125
1258,2015-04-14,2095.840087890625
1259,2015-04-13,2092.429931640625
1260,2015-04-12,2102.06005859375
1261,2015-04-11,2102.06005859375
1262,2015-04-10,2102.06005859375
1263,2015-04-09,2091.179931640625
1264,2015-04-08,2081.89990234375
1265,2015-04-07,2076.330078125
1266,2015-04-06,2080.6201171875
1267,2015-04-05,2066.9599609375
1268,2015-04-04,2066.9599609375
1269,2015-04-03,2066.9599609375
1270,2015-04-02,2066.9599609375
1271,2015-04-01,2059.68994140625
1272,2015-03-31,2067.889892578125
1273,2015-03-30,2086.239990234375
1274,2015-03-29,2061.02001953125
1275,2015-03-28,2061.02001953125
1276,2015-03-27,2061.02001953125
1277,2015-03-26,2056.14990234375
1278,2015-03-25,2061.050048828125
1279,2015-03-24,2091.5
1280,2015-03-23,2104.419921875
1281,2015-03-22,2108.10009765625
1282,2015-03-21,2108.10009765625
1283,2015-03-20,2108.10009765625
1284,2015-03-19,2089.27001953125
1285,2015-03-18,2099.5
1286,2015-03-17,2074.280029296875
1287,2015-03-16,2081.18994140625
1288,2015-03-15,2053.39990234375
1289,2015-03-14,2053.39990234375
1290,2015-03-13,2053.39990234375
1291,2015-03-12,2065.949951171875
1292,2015-03-11,2040.239990234375
1293,2015-03-10,2044.1600341796875
1294,2015-03-09,2079.429931640625
1295,2015-03-08,2071.260009765625
1296,2015-03-07,2071.260009765625
1297,2015-03-06,2071.260009765625
1298,2015-03-05,2101.0400390625
1299,2015-03-04,2098.530029296875
1300,2015-03-03,2107.780029296875
1301,2015-03-02,2117.389892578125
1302,2015-03-01,2104.5
1303,2015-02-28,2104.5
1304,2015-02-27,2104.5
1305,2015-02-26,2110.739990234375
1306,2015-02-25,2113.860107421875
1307,2015-02-24,2115.47998046875
1308,2015-02-23,2109.659912109375
1309,2015-02-22,2110.300048828125
1310,2015-02-21,2110.300048828125
1311,2015-02-20,2110.300048828125
1312,2015-02-19,2097.449951171875
1313,2015-02-18,2099.679931640625
1314,2015-02-17,2100.340087890625
1315,2015-02-16,2096.989990234375
1316,2015-02-15,2096.989990234375
1317,2015-02-14,2096.989990234375
1318,2015-02-13,2096.989990234375
1319,2015-02-12,2088.47998046875
1320,2015-02-11,2068.530029296875
1321,2015-02-10,2068.590087890625
1322,2015-02-09,2046.739990234375
1323,2015-02-08,2055.469970703125
1324,2015-02-07,2055.469970703125
1325,2015-02-06,2055.469970703125
1326,2015-02-05,2062.52001953125
1327,2015-02-04,2041.510009765625
1328,2015-02-03,2050.030029296875
1329,2015-02-02,2020.8499755859375
1330,2015-02-01,1994.989990234375
1331,2015-01-31,1994.989990234375
1332,2015-01-30,1994.989990234375
1333,2015-01-29,2021.25
1334,2015-01-28,2002.1600341796875
1335,2015-01-27,2029.550048828125
1336,2015-01-26,2057.090087890625
1337,2015-01-25,2051.820068359375
1338,2015-01-24,2051.820068359375
1339,2015-01-23,2051.820068359375
1340,2015-01-22,2063.14990234375
1341,2015-01-21,2032.1199951171875
1342,2015-01-20,2022.550048828125
1343,2015-01-19,2019.4200439453125
1344,2015-01-18,2019.4200439453125
1345,2015-01-17,2019.4200439453125
1346,2015-01-16,2019.4200439453125
1347,2015-01-15,1992.6700439453125
1348,2015-01-14,2011.27001953125
1349,2015-01-13,2023.030029296875
1350,2015-01-12,2028.260009765625
1351,2015-01-11,2044.81005859375
1352,2015-01-10,2044.81005859375
1353,2015-01-09,2044.81005859375
1354,2015-01-08,2062.139892578125
1355,2015-01-07,2025.9000244140625
1356,2015-01-06,2002.6099853515625
1357,2015-01-05,2020.5799560546875
1358,2015-01-04,2058.199951171875
1359,2015-01-03,2058.199951171875
1360,2015-01-02,2058.199951171875
1361,2015-01-01,2058.89990234375
1362,2014-12-31,2058.89990234375
1363,2014-12-30,2080.35009765625
1364,2014-12-29,2090.570068359375
1365,2014-12-28,2088.77001953125
1366,2014-12-27,2088.77001953125
1367,2014-12-26,2088.77001953125
1368,2014-12-25,2081.8798828125
1369,2014-12-24,2081.8798828125
1370,2014-12-23,2082.169921875
1371,2014-12-22,2078.5400390625
1372,2014-12-21,2070.64990234375
1373,2014-12-20,2070.64990234375
1374,2014-12-19,2070.64990234375
1375,2014-12-18,2061.22998046875
1376,2014-12-17,2012.8900146484375
1377,2014-12-16,1972.739990234375
1378,2014-12-15,1989.6300048828125
1379,2014-12-14,2002.3299560546875
1380,2014-12-13,2002.3299560546875
1381,2014-12-12,2002.3299560546875
1382,2014-12-11,2035.3299560546875
1383,2014-12-10,2026.1400146484375
1384,2014-12-09,2059.820068359375
1385,2014-12-08,2060.31005859375
1386,2014-12-07,2075.3701171875
1387,2014-12-06,2075.3701171875
1388,2014-12-05,2075.3701171875
1389,2014-12-04,2071.919921875
1390,2014-12-03,2074.330078125
1391,2014-12-02,2066.550048828125
1392,2014-12-01,2053.43994140625
1393,2014-11-30,2067.56005859375
1394,2014-11-29,2067.56005859375
1395,2014-11-28,2067.56005859375
1396,2014-11-27,2072.830078125
1397,2014-11-26,2072.830078125
1398,2014-11-25,2067.030029296875
1399,2014-11-24,2069.409912109375
1400,2014-11-23,2063.5
1401,2014-11-22,2063.5
1402,2014-11-21,2063.5
1403,2014-11-20,2052.75
1404,2014-11-19,2048.719970703125
1405,2014-11-18,2051.800048828125
1406,2014-11-17,2041.3199462890625
1407,2014-11-16,2039.8199462890625
1408,2014-11-15,2039.8199462890625
1409,2014-11-14,2039.8199462890625
1410,2014-11-13,2039.3299560546875
1411,2014-11-12,2038.25
1412,2014-11-11,2039.6800537109375
1413,2014-11-10,2038.260009765625
1414,2014-11-09,2031.9200439453125
1415,2014-11-08,2031.9200439453125
1416,2014-11-07,2031.9200439453125
1417,2014-11-06,2031.2099609375
1418,2014-11-05,2023.5699462890625
1419,2014-11-04,2012.0999755859375
1420,2014-11-03,2017.81005859375
1421,2014-11-02,2018.050048828125
1422,2014-11-01,2018.050048828125
1423,2014-10-31,2018.050048828125
1424,2014-10-30,1994.6500244140625
1425,2014-10-29,1982.300048828125
1426,2014-10-28,1985.050048828125
1427,2014-10-27,1961.6300048828125
1428,2014-10-26,1964.5799560546875
1429,2014-10-25,1964.5799560546875
1430,2014-10-24,1964.5799560546875
1431,2014-10-23,1950.8199462890625
1432,2014-10-22,1927.1099853515625
1433,2014-10-21,1941.280029296875
1434,2014-10-20,1904.010009765625
1435,2014-10-19,1886.760009765625
1436,2014-10-18,1886.760009765625
1437,2014-10-17,1886.760009765625
1438,2014-10-16,1862.760009765625
1439,2014-10-15,1862.489990234375
1440,2014-10-14,1877.699951171875
1441,2014-10-13,1874.739990234375
1442,2014-10-12,1906.1300048828125
1443,2014-10-11,1906.1300048828125
1444,2014-10-10,1906.1300048828125
1445,2014-10-09,1928.2099609375
1446,2014-10-08,1968.8900146484375
1447,2014-10-07,1935.0999755859375
1448,2014-10-06,1964.8199462890625
1449,2014-10-05,1967.9000244140625
1450,2014-10-04,1967.9000244140625
1451,2014-10-03,1967.9000244140625
1452,2014-10-02,1946.1700439453125
1453,2014-10-01,1946.1600341796875
1454,2014-09-30,1972.2900390625
1455,2014-09-29,1977.800048828125
1456,2014-09-28,1982.8499755859375
1457,2014-09-27,1982.8499755859375
1458,2014-09-26,1982.8499755859375
1459,2014-09-25,1965.989990234375
1460,2014-09-24,1998.300048828125
1461,2014-09-23,1982.77001953125
1462,2014-09-22,1994.2900390625
1463,2014-09-21,2010.4000244140625
1464,2014-09-20,2010.4000244140625
1465,2014-09-19,2010.4000244140625
1466,2014-09-18,2011.3599853515625
1467,2014-09-17,2001.5699462890625
1468,2014-09-16,1998.97998046875
1469,2014-09-15,1984.1300048828125
1470,2014-09-14,1985.5400390625
1471,2014-09-13,1985.5400390625
1472,2014-09-12,1985.5400390625
1473,2014-09-11,1997.449951171875
1474,2014-09-10,1995.68994140625
1475,2014-09-09,1988.43994140625
1476,2014-09-08,2001.5400390625
1477,2014-09-07,2007.7099609375
1478,2014-09-06,2007.7099609375
1479,2014-09-05,2007.7099609375
1480,2014-09-04,1997.6500244140625
1481,2014-09-03,2000.719970703125
1482,2014-09-02,2002.280029296875
1483,2014-09-01,2003.3699951171875
1484,2014-08-31,2003.3699951171875
1485,2014-08-30,2003.3699951171875
1486,2014-08-29,2003.3699951171875
1487,2014-08-28,1996.739990234375
1488,2014-08-27,2000.1199951171875
1489,2014-08-26,2000.02001953125
1490,2014-08-25,1997.9200439453125
1491,2014-08-24,1988.4000244140625
1492,2014-08-23,1988.4000244140625
1493,2014-08-22,1988.4000244140625
1494,2014-08-21,1992.3699951171875
1495,2014-08-20,1986.510009765625
1496,2014-08-19,1981.5999755859375
1497,2014-08-18,1971.739990234375
1498,2014-08-17,1955.06005859375
1499,2014-08-16,1955.06005859375
1500,2014-08-15,1955.06005859375
1501,2014-08-14,1955.1800537109375
1502,2014-08-13,1946.719970703125
1503,2014-08-12,1933.75
1504,2014-08-11,1936.9200439453125
1505,2014-08-10,1931.5899658203125
1506,2014-08-09,1931.5899658203125
1507,2014-08-08,1931.5899658203125
1508,2014-08-07,1909.5699462890625
1509,2014-08-06,1920.239990234375
1510,2014-08-05,1920.2099609375
1511,2014-08-04,1938.989990234375
1512,2014-08-03,1925.1500244140625
1513,2014-08-02,1925.1500244140625
1514,2014-08-01,1925.1500244140625
1515,2014-07-31,1930.6700439453125
1516,2014-07-30,1970.0699462890625
1517,2014-07-29,1969.949951171875
1518,2014-07-28,1978.9100341796875
1519,2014-07-27,1978.3399658203125
1520,2014-07-26,1978.3399658203125
1521,2014-07-25,1978.3399658203125
1522,2014-07-24,1987.97998046875
1523,2014-07-23,1987.010009765625
1524,2014-07-22,1983.530029296875
1525,2014-07-21,1973.6300048828125
1526,2014-07-20,1978.219970703125
1527,2014-07-19,1978.219970703125
1528,2014-07-18,1978.219970703125
1529,2014-07-17,1958.1199951171875
1530,2014-07-16,1981.5699462890625
1531,2014-07-15,1973.280029296875
1532,2014-07-14,1977.0999755859375
1533,2014-07-13,1967.5699462890625
1534,2014-07-12,1967.5699462890625
1535,2014-07-11,1967.5699462890625
1536,2014-07-10,1964.6800537109375
1537,2014-07-09,1972.8299560546875
1538,2014-07-08,1963.7099609375
1539,2014-07-07,1977.6500244140625
1540,2014-07-06,1985.43994140625
1541,2014-07-05,1985.43994140625
1542,2014-07-04,1985.43994140625
1543,2014-07-03,1985.43994140625
1544,2014-07-02,1974.6199951171875
1545,2014-07-01,1973.3199462890625
1546,2014-06-30,1960.22998046875
1547,2014-06-29,1960.9599609375
1548,2014-06-28,1960.9599609375
1549,2014-06-27,1960.9599609375
1550,2014-06-26,1957.219970703125
1551,2014-06-25,1959.530029296875
1552,2014-06-24,1949.97998046875
1553,2014-06-23,1962.6099853515625
1554,2014-06-22,1962.8699951171875
1555,2014-06-21,1962.8699951171875
1556,2014-06-20,1962.8699951171875
1557,2014-06-19,1959.47998046875
1558,2014-06-18,1956.97998046875
1559,2014-06-17,1941.989990234375
1560,2014-06-16,1937.780029296875
1561,2014-06-15,1936.1600341796875
1562,2014-06-14,1936.1600341796875
1563,2014-06-13,1936.1600341796875
1564,2014-06-12,1930.1099853515625
1565,2014-06-11,1943.8900146484375
1566,2014-06-10,1950.7900390625
1567,2014-06-09,1951.27001953125
1568,2014-06-08,1949.43994140625
1569,2014-06-07,1949.43994140625
1570,2014-06-06,1949.43994140625
1571,2014-06-05,1940.4599609375
1572,2014-06-04,1927.8800048828125
1573,2014-06-03,1924.239990234375
1574,2014-06-02,1924.969970703125
1575,2014-06-01,1923.5699462890625
1576,2014-05-31,1923.5699462890625
1577,2014-05-30,1923.5699462890625
1578,2014-05-29,1920.030029296875
1579,2014-05-28,1909.780029296875
1580,2014-05-27,1911.9100341796875
1581,2014-05-26,1900.530029296875
1582,2014-05-25,1900.530029296875
1583,2014-05-24,1900.530029296875
1584,2014-05-23,1900.530029296875
1585,2014-05-22,1892.489990234375
1586,2014-05-21,1888.030029296875
1587,2014-05-20,1872.8299560546875
1588,2014-05-19,1885.0799560546875
1589,2014-05-18,1877.8599853515625
1590,2014-05-17,1877.8599853515625
1591,2014-05-16,1877.8599853515625
1592,2014-05-15,1870.8499755859375
1593,2014-05-14,1888.530029296875
1594,2014-05-13,1897.449951171875
1595,2014-05-12,1896.6500244140625
1596,2014-05-11,1878.47998046875
1597,2014-05-10,1878.47998046875
1598,2014-05-09,1878.47998046875
1599,2014-05-08,1875.6300048828125
1600,2014-05-07,1878.2099609375
1601,2014-05-06,1867.719970703125
1602,2014-05-05,1884.6600341796875
1603,2014-05-04,1881.1400146484375
1604,2014-05-03,1881.1400146484375
1605,2014-05-02,1881.1400146484375
1606,2014-05-01,1883.6800537109375
1607,2014-04-30,1883.949951171875
1608,2014-04-29,1878.3299560546875
1609,2014-04-28,1869.4300537109375
1610,2014-04-27,1863.4000244140625
1611,2014-04-26,1863.4000244140625
1612,2014-04-25,1863.4000244140625
1613,2014-04-24,1878.6099853515625
1614,2014-04-23,1875.3900146484375
1615,2014-04-22,1879.550048828125
1616,2014-04-21,1871.8900146484375
1617,2014-04-20,1864.8499755859375
1618,2014-04-19,1864.8499755859375
1619,2014-04-18,1864.8499755859375
1620,2014-04-17,1864.8499755859375
1621,2014-04-16,1862.31005859375
1622,2014-04-15,1842.97998046875
1623,2014-04-14,1830.6099853515625
1624,2014-04-13,1815.68994140625
1625,2014-04-12,1815.68994140625
1626,2014-04-11,1815.68994140625
1627,2014-04-10,1833.0799560546875
1628,2014-04-09,1872.1800537109375
1629,2014-04-08,1851.9599609375
1630,2014-04-07,1845.0400390625
1631,2014-04-06,1865.0899658203125
1632,2014-04-05,1865.0899658203125
1633,2014-04-04,1865.0899658203125
1634,2014-04-03,1888.77001953125
1635,2014-04-02,1890.9000244140625
1636,2014-04-01,1885.52001953125
1637,2014-03-31,1872.3399658203125
1638,2014-03-30,1857.6199951171875
1639,2014-03-29,1857.6199951171875
1640,2014-03-28,1857.6199951171875
1641,2014-03-27,1849.0400390625
1642,2014-03-26,1852.56005859375
1643,2014-03-25,1865.6199951171875
1644,2014-03-24,1857.43994140625
1645,2014-03-23,1866.52001953125
1646,2014-03-22,1866.52001953125
1647,2014-03-21,1866.52001953125
1648,2014-03-20,1872.010009765625
1649,2014-03-19,1860.77001953125
1650,2014-03-18,1872.25
1651,2014-03-17,1858.8299560546875
1652,2014-03-16,1841.1300048828125
1653,2014-03-15,1841.1300048828125
1654,2014-03-14,1841.1300048828125
1655,2014-03-13,1846.3399658203125
1656,2014-03-12,1868.199951171875
1657,2014-03-11,1867.6300048828125
1658,2014-03-10,1877.1700439453125
1659,2014-03-09,1878.0400390625
1660,2014-03-08,1878.0400390625
1661,2014-03-07,1878.0400390625
1662,2014-03-06,1877.030029296875
1663,2014-03-05,1873.81005859375
1664,2014-03-04,1873.9100341796875
1665,2014-03-03,1845.72998046875
1666,2014-03-02,1859.449951171875
1667,2014-03-01,1859.449951171875
1668,2014-02-28,1859.449951171875
1669,2014-02-27,1854.2900390625
1670,2014-02-26,1845.1600341796875
1671,2014-02-25,1845.1199951171875
1672,2014-02-24,1847.6099853515625
1673,2014-02-23,1836.25
1674,2014-02-22,1836.25
1675,2014-02-21,1836.25
1676,2014-02-20,1839.780029296875
1677,2014-02-19,1828.75
1678,2014-02-18,1840.760009765625
1679,2014-02-17,1838.6300048828125
1680,2014-02-16,1838.6300048828125
1681,2014-02-15,1838.6300048828125
1682,2014-02-14,1838.6300048828125
1683,2014-02-13,1829.8299560546875
1684,2014-02-12,1819.260009765625
1685,2014-02-11,1819.75
1686,2014-02-10,1799.8399658203125
1687,2014-02-09,1797.02001953125
1688,2014-02-08,1797.02001953125
1689,2014-02-07,1797.02001953125
1690,2014-02-06,1773.4300537109375
1691,2014-02-05,1751.6400146484375
1692,2014-02-04,1755.199951171875
1693,2014-02-03,1741.8900146484375
1694,2014-02-02,1782.5899658203125
1695,2014-02-01,1782.5899658203125
1696,2014-01-31,1782.5899658203125
1697,2014-01-30,1794.18994140625
1698,2014-01-29,1774.199951171875
1699,2014-01-28,1792.5
1700,2014-01-27,1781.56005859375
1701,2014-01-26,1790.2900390625
1702,2014-01-25,1790.2900390625
1703,2014-01-24,1790.2900390625
1704,2014-01-23,1828.4599609375
1705,2014-01-22,1844.8599853515625
1706,2014-01-21,1843.800048828125
1707,2014-01-20,1838.699951171875
1708,2014-01-19,1838.699951171875
1709,2014-01-18,1838.699951171875
1710,2014-01-17,1838.699951171875
1711,2014-01-16,1845.8900146484375
1712,2014-01-15,1848.3800048828125
1713,2014-01-14,1838.8800048828125
1714,2014-01-13,1819.199951171875
1715,2014-01-12,1842.3699951171875
1716,2014-01-11,1842.3699951171875
1717,2014-01-10,1842.3699951171875
1718,2014-01-09,1838.1300048828125
1719,2014-01-08,1837.489990234375
1720,2014-01-07,1837.8800048828125
1721,2014-01-06,1826.77001953125
1722,2014-01-05,1831.3699951171875
1723,2014-01-04,1831.3699951171875
1724,2014-01-03,1831.3699951171875
1725,2014-01-02,1831.97998046875
1726,2014-01-01,1848.3599853515625
1727,2013-12-31,1848.3599853515625
1728,2013-12-30,1841.0699462890625
1729,2013-12-29,1841.4000244140625
1730,2013-12-28,1841.4000244140625
1731,2013-12-27,1841.4000244140625
1732,2013-12-26,1842.02001953125
1733,2013-12-25,1833.3199462890625
1734,2013-12-24,1833.3199462890625
1735,2013-12-23,1827.989990234375
1736,2013-12-22,1818.3199462890625
1737,2013-12-21,1818.3199462890625
1738,2013-12-20,1818.3199462890625
1739,2013-12-19,1809.5999755859375
1740,2013-12-18,1810.6500244140625
1741,2013-12-17,1781.0
1742,2013-12-16,1786.5400390625
1743,2013-12-15,1775.3199462890625
1744,2013-12-14,1775.3199462890625
1745,2013-12-13,1775.3199462890625
1746,2013-12-12,1775.5
1747,2013-12-11,1782.219970703125
1748,2013-12-10,1802.6199951171875
1749,2013-12-09,1808.3699951171875
1750,2013-12-08,1805.0899658203125
1751,2013-12-07,1805.0899658203125
1752,2013-12-06,1805.0899658203125
1753,2013-12-05,1785.030029296875
1754,2013-12-04,1792.81005859375
1755,2013-12-03,1795.1500244140625
1756,2013-12-02,1800.9000244140625
1757,2013-12-01,1805.81005859375
1758,2013-11-30,1805.81005859375
1759,2013-11-29,1805.81005859375
1760,2013-11-28,1807.22998046875
1761,2013-11-27,1807.22998046875
1762,2013-11-26,1802.75
1763,2013-11-25,1802.47998046875
1764,2013-11-24,1804.760009765625
1765,2013-11-23,1804.760009765625
1766,2013-11-22,1804.760009765625
1767,2013-11-21,1795.8499755859375
1768,2013-11-20,1781.3699951171875
1769,2013-11-19,1787.8699951171875
1770,2013-11-18,1791.530029296875
1771,2013-11-17,1798.1800537109375
1772,2013-11-16,1798.1800537109375
1773,2013-11-15,1798.1800537109375
1774,2013-11-14,1790.6199951171875
1775,2013-11-13,1782.0
1776,2013-11-12,1767.68994140625
1777,2013-11-11,1771.8900146484375
1778,2013-11-10,1770.6099853515625
1779,2013-11-09,1770.6099853515625
1780,2013-11-08,1770.6099853515625
1781,2013-11-07,1747.1500244140625
1782,2013-11-06,1770.489990234375
1783,2013-11-05,1762.969970703125
1784,2013-11-04,1767.9300537109375
1785,2013-11-03,1761.6400146484375
1786,2013-11-02,1761.6400146484375
1787,2013-11-01,1761.6400146484375
1788,2013-10-31,1756.5400390625
1789,2013-10-30,1763.31005859375
1790,2013-10-29,1771.949951171875
1791,2013-10-28,1762.1099853515625
1792,2013-10-27,1759.77001953125
1793,2013-10-26,1759.77001953125
1794,2013-10-25,1759.77001953125
1795,2013-10-24,1752.0699462890625
1796,2013-10-23,1746.3800048828125
1797,2013-10-22,1754.6700439453125
1798,2013-10-21,1744.6600341796875
1799,2013-10-20,1744.5
1800,2013-10-19,1744.5
1801,2013-10-18,1744.5
1802,2013-10-17,1733.1500244140625
1803,2013-10-16,1721.5400390625
1804,2013-10-15,1698.06005859375
1805,2013-10-14,1710.1400146484375
1806,2013-10-13,1703.199951171875
1807,2013-10-12,1703.199951171875
1808,2013-10-11,1703.199951171875
1809,2013-10-10,1692.56005859375
1810,2013-10-09,1656.4000244140625
1811,2013-10-08,1655.449951171875
1812,2013-10-07,1676.1199951171875
1813,2013-10-06,1690.5
1814,2013-10-05,1690.5
1815,2013-10-04,1690.5
1816,2013-10-03,1678.6600341796875
1817,2013-10-02,1693.8699951171875
1818,2013-10-01,1695.0
1819,2013-09-30,1681.550048828125
1820,2013-09-29,1691.75
1821,2013-09-28,1691.75
1822,2013-09-27,1691.75
1823,2013-09-26,1698.6700439453125
1824,2013-09-25,1692.77001953125
1825,2013-09-24,1697.4200439453125
1826,2013-09-23,1701.8399658203125
1827,2013-09-22,1709.9100341796875
1828,2013-09-21,1709.9100341796875
1829,2013-09-20,1709.9100341796875
1830,2013-09-19,1722.3399658203125
1831,2013-09-18,1725.52001953125
1832,2013-09-17,1704.760009765625
1833,2013-09-16,1697.5999755859375
1834,2013-09-15,1687.989990234375
1835,2013-09-14,1687.989990234375
1836,2013-09-13,1687.989990234375
1837,2013-09-12,1683.4200439453125
1838,2013-09-11,1689.1300048828125
1839,2013-09-10,1683.989990234375
1840,2013-09-09,1671.7099609375
1841,2013-09-08,1655.1700439453125
1842,2013-09-07,1655.1700439453125
1843,2013-09-06,1655.1700439453125
1844,2013-09-05,1655.0799560546875
1845,2013-09-04,1653.0799560546875
1846,2013-09-03,1639.77001953125
1847,2013-09-02,1632.969970703125
1848,2013-09-01,1632.969970703125
1849,2013-08-31,1632.969970703125
1850,2013-08-30,1632.969970703125
1851,2013-08-29,1638.1700439453125
1852,2013-08-28,1634.9599609375
1853,2013-08-27,1630.47998046875
1854,2013-08-26,1656.780029296875
1855,2013-08-25,1663.5
1856,2013-08-24,1663.5
1857,2013-08-23,1663.5
1858,2013-08-22,1656.9599609375
1859,2013-08-21,1642.800048828125
1860,2013-08-20,1652.3499755859375
1861,2013-08-19,1646.06005859375
1862,2013-08-18,1655.8299560546875
1863,2013-08-17,1655.8299560546875
1864,2013-08-16,1655.8299560546875
1865,2013-08-15,1661.3199462890625
1866,2013-08-14,1685.3900146484375
1867,2013-08-13,1694.1600341796875
1868,2013-08-12,1689.469970703125
1869,2013-08-11,1691.4200439453125
1870,2013-08-10,1691.4200439453125
1871,2013-08-09,1691.4200439453125
1872,2013-08-08,1697.47998046875
1873,2013-08-07,1690.9100341796875
1874,2013-08-06,1697.3699951171875
1875,2013-08-05,1707.1400146484375
1876,2013-08-04,1709.6700439453125
1877,2013-08-03,1709.6700439453125
1878,2013-08-02,1709.6700439453125
1879,2013-08-01,1706.8699951171875
1880,2013-07-31,1685.72998046875
1881,2013-07-30,1685.9599609375
1882,2013-07-29,1685.3299560546875
1883,2013-07-28,1691.6500244140625
1884,2013-07-27,1691.6500244140625
1885,2013-07-26,1691.6500244140625
1886,2013-07-25,1690.25
1887,2013-07-24,1685.93994140625
1888,2013-07-23,1692.3900146484375
1889,2013-07-22,1695.530029296875
1890,2013-07-21,1692.0899658203125
1891,2013-07-20,1692.0899658203125
1892,2013-07-19,1692.0899658203125
1893,2013-07-18,1689.3699951171875
1894,2013-07-17,1680.9100341796875
1895,2013-07-16,1676.260009765625
1896,2013-07-15,1682.5
1897,2013-07-14,1680.18994140625
1898,2013-07-13,1680.18994140625
1899,2013-07-12,1680.18994140625
1900,2013-07-11,1675.02001953125
1901,2013-07-10,1652.6199951171875
1902,2013-07-09,1652.3199462890625
1903,2013-07-08,1640.4599609375
1904,2013-07-07,1631.8900146484375
1905,2013-07-06,1631.8900146484375
1906,2013-07-05,1631.8900146484375
1907,2013-07-04,1615.4100341796875
1908,2013-07-03,1615.4100341796875
1909,2013-07-02,1614.0799560546875
1910,2013-07-01,1614.9599609375
1911,2013-06-30,1606.280029296875
1912,2013-06-29,1606.280029296875
1913,2013-06-28,1606.280029296875
1914,2013-06-27,1613.199951171875
1915,2013-06-26,1603.260009765625
1916,2013-06-25,1588.030029296875
1917,2013-06-24,1573.0899658203125
1918,2013-06-23,1592.4300537109375
1919,2013-06-22,1592.4300537109375
1920,2013-06-21,1592.4300537109375
1921,2013-06-20,1588.18994140625
1922,2013-06-19,1628.9300537109375
1923,2013-06-18,1651.81005859375
1924,2013-06-17,1639.0400390625
1925,2013-06-16,1626.72998046875
1926,2013-06-15,1626.72998046875
1927,2013-06-14,1626.72998046875
1928,2013-06-13,1636.3599853515625
1929,2013-06-12,1612.52001953125
1930,2013-06-11,1626.1300048828125
1931,2013-06-10,1642.81005859375
1932,2013-06-09,1643.3800048828125
1933,2013-06-08,1643.3800048828125
1934,2013-06-07,1643.3800048828125
1935,2013-06-06,1622.56005859375
1936,2013-06-05,1608.9000244140625
1937,2013-06-04,1631.3800048828125
1938,2013-06-03,1640.4200439453125
1939,2013-06-02,1630.739990234375
1940,2013-06-01,1630.739990234375
1941,2013-05-31,1630.739990234375
1942,2013-05-30,1654.4100341796875
1943,2013-05-29,1648.3599853515625
1944,2013-05-28,1660.06005859375
1945,2013-05-27,1649.5999755859375
1946,2013-05-26,1649.5999755859375
1947,2013-05-25,1649.5999755859375
1948,2013-05-24,1649.5999755859375
1949,2013-05-23,1650.510009765625
1950,2013-05-22,1655.3499755859375
1951,2013-05-21,1669.1600341796875
1952,2013-05-20,1666.2900390625
1953,2013-05-19,1667.469970703125
1954,2013-05-18,1667.469970703125
1955,2013-05-17,1667.469970703125
1956,2013-05-16,1650.469970703125
1957,2013-05-15,1658.780029296875
1958,2013-05-14,1650.3399658203125
1959,2013-05-13,1633.77001953125
1960,2013-05-12,1633.699951171875
1961,2013-05-11,1633.699951171875
1962,2013-05-10,1633.699951171875
1963,2013-05-09,1626.6700439453125
1964,2013-05-08,1632.68994140625
1965,2013-05-07,1625.9599609375
1966,2013-05-06,1617.5
1967,2013-05-05,1614.4200439453125
1968,2013-05-04,1614.4200439453125
1969,2013-05-03,1614.4200439453125
1970,2013-05-02,1597.5899658203125
1971,2013-05-01,1582.699951171875
1972,2013-04-30,1597.5699462890625
1973,2013-04-29,1593.6099853515625
1974,2013-04-28,
