,date,google_trends_bitcoin
0,2018-10-04,4.982078320794374
1,2018-10-03,5.1330503911214755
2,2018-10-02,4.982078320794374
3,2018-10-01,4.831106250467271
4,2018-09-30,4.5291621098130666
5,2018-09-29,4.5291621098130666
6,2018-09-28,5.43499453177568
7,2018-09-27,5.284022461448578
8,2018-09-26,5.43499453177568
9,2018-09-25,5.7369386724298845
10,2018-09-24,5.284022461448578
11,2018-09-23,4.982078320794374
12,2018-09-22,5.284022461448578
13,2018-09-21,6.189854883411192
14,2018-09-20,5.43499453177568
15,2018-09-19,5.7369386724298845
16,2018-09-18,5.43499453177568
17,2018-09-17,5.585966602102783
18,2018-09-16,4.982078320794374
19,2018-09-15,5.1330503911214755
20,2018-09-14,5.887910742756987
21,2018-09-13,6.3408269537382935
22,2018-09-12,6.642771094392498
23,2018-09-11,5.887910742756987
24,2018-09-10,6.189854883411192
25,2018-09-09,5.43499453177568
26,2018-09-08,5.585966602102783
27,2018-09-07,6.642771094392498
28,2018-09-06,8.605408008644828
29,2018-09-05,7.699575586682213
30,2018-09-04,6.642771094392498
31,2018-09-03,5.887910742756987
32,2018-09-02,5.7369386724298845
33,2018-09-01,5.585966602102783
34,2018-08-31,5.7369386724298845
35,2018-08-30,6.3408269537382935
36,2018-08-29,6.189854883411192
37,2018-08-28,6.9447152350467025
38,2018-08-27,5.887910742756987
39,2018-08-26,5.1330503911214755
40,2018-08-25,5.284022461448578
41,2018-08-24,5.585966602102783
42,2018-08-23,6.189854883411192
43,2018-08-22,6.793743164719601
44,2018-08-21,6.3408269537382935
45,2018-08-20,5.887910742756987
46,2018-08-19,5.1330503911214755
47,2018-08-18,5.585966602102783
48,2018-08-17,6.3408269537382935
49,2018-08-16,6.642771094392498
50,2018-08-15,7.5486035163551115
51,2018-08-14,8.303463867990622
52,2018-08-13,6.793743164719601
53,2018-08-12,5.7369386724298845
54,2018-08-11,6.793743164719601
55,2018-08-10,6.793743164719601
56,2018-08-09,6.9447152350467025
57,2018-08-08,8.15249179766352
58,2018-08-07,6.491799024065396
59,2018-08-06,6.3408269537382935
60,2018-08-05,5.7369386724298845
61,2018-08-04,6.189854883411192
62,2018-08-03,6.491799024065396
63,2018-08-02,6.3408269537382935
64,2018-08-01,6.793743164719601
65,2018-07-31,6.9447152350467025
66,2018-07-30,6.793743164719601
67,2018-07-29,5.887910742756987
68,2018-07-28,5.887910742756987
69,2018-07-27,7.397631446028009
70,2018-07-26,7.5486035163551115
71,2018-07-25,8.303463867990622
72,2018-07-24,9.209296289953237
73,2018-07-23,7.095687305373805
74,2018-07-22,5.887910742756987
75,2018-07-21,5.7369386724298845
76,2018-07-20,6.642771094392498
77,2018-07-19,7.246659375700907
78,2018-07-18,8.454435938317724
79,2018-07-17,7.699575586682213
80,2018-07-16,5.887910742756987
81,2018-07-15,4.680134180140169
82,2018-07-14,5.1330503911214755
83,2018-07-13,5.7369386724298845
84,2018-07-12,5.887910742756987
85,2018-07-11,5.585966602102783
86,2018-07-10,5.887910742756987
87,2018-07-09,5.585966602102783
88,2018-07-08,5.43499453177568
89,2018-07-07,4.982078320794374
90,2018-07-06,5.43499453177568
91,2018-07-05,6.189854883411192
92,2018-07-04,5.887910742756987
93,2018-07-03,6.3408269537382935
94,2018-07-02,6.642771094392498
95,2018-07-01,5.887910742756987
96,2018-06-30,6.793743164719601
97,2018-06-29,7.699575586682213
98,2018-06-28,5.887910742756987
99,2018-06-27,5.887910742756987
100,2018-06-26,6.189854883411192
101,2018-06-25,6.642771094392498
102,2018-06-24,7.095687305373805
103,2018-06-23,6.3408269537382935
104,2018-06-22,7.246659375700907
105,2018-06-21,5.7369386724298845
106,2018-06-20,6.189854883411192
107,2018-06-19,6.491799024065396
108,2018-06-18,6.642771094392498
109,2018-06-17,5.43499453177568
110,2018-06-16,5.7369386724298845
111,2018-06-15,6.491799024065396
112,2018-06-14,7.850547657009316
113,2018-06-13,8.75638007897193
114,2018-06-12,7.850547657009316
115,2018-06-11,9.51124043060744
116,2018-06-10,7.397631446028009
117,2018-06-09,5.1330503911214755
118,2018-06-08,5.7369386724298845
119,2018-06-07,6.038882813084089
120,2018-06-06,5.887910742756987
121,2018-06-05,6.189854883411192
122,2018-06-04,6.038882813084089
123,2018-06-03,5.7369386724298845
124,2018-06-02,5.585966602102783
125,2018-06-01,6.038882813084089
126,2018-05-31,6.189854883411192
127,2018-05-30,6.793743164719601
128,2018-05-29,7.095687305373805
129,2018-05-28,6.9447152350467025
130,2018-05-27,6.038882813084089
131,2018-05-26,5.887910742756987
132,2018-05-25,6.793743164719601
133,2018-05-24,8.15249179766352
134,2018-05-23,8.454435938317724
135,2018-05-22,6.793743164719601
136,2018-05-21,6.642771094392498
137,2018-05-20,6.038882813084089
138,2018-05-19,5.7369386724298845
139,2018-05-18,6.9447152350467025
140,2018-05-17,6.9447152350467025
141,2018-05-16,7.246659375700907
142,2018-05-15,7.246659375700907
143,2018-05-14,7.5486035163551115
144,2018-05-13,6.793743164719601
145,2018-05-12,7.095687305373805
146,2018-05-11,8.75638007897193
147,2018-05-10,7.5486035163551115
148,2018-05-09,7.5486035163551115
149,2018-05-08,7.850547657009316
150,2018-05-07,8.303463867990622
151,2018-05-06,7.397631446028009
152,2018-05-05,8.001519727336419
153,2018-05-04,8.001519727336419
154,2018-05-03,7.850547657009316
155,2018-05-02,7.246659375700907
156,2018-05-01,7.699575586682213
157,2018-04-30,7.5486035163551115
158,2018-04-29,7.397631446028009
159,2018-04-28,7.397631446028009
160,2018-04-27,8.303463867990622
161,2018-04-26,8.454435938317724
162,2018-04-25,10.266100782242951
163,2018-04-24,10.86998906355136
164,2018-04-23,9.058324219626133
165,2018-04-22,8.001519727336419
166,2018-04-21,8.454435938317724
167,2018-04-20,8.907352149299031
168,2018-04-19,8.907352149299031
169,2018-04-18,8.75638007897193
170,2018-04-17,8.454435938317724
171,2018-04-16,8.907352149299031
172,2018-04-15,8.303463867990622
173,2018-04-14,8.303463867990622
174,2018-04-13,11.020961133878462
175,2018-04-12,10.86998906355136
176,2018-04-11,8.907352149299031
177,2018-04-10,9.360268360280338
178,2018-04-09,9.662212500934542
179,2018-04-08,8.303463867990622
180,2018-04-07,9.058324219626133
181,2018-04-06,11.020961133878462
182,2018-04-05,10.719016993224258
183,2018-04-04,9.813184571261646
184,2018-04-03,10.417072852570055
185,2018-04-02,11.473877344859769
186,2018-04-01,10.719016993224258
187,2018-03-31,9.964156641588747
188,2018-03-30,13.587486329439201
189,2018-03-29,12.077765626168178
190,2018-03-28,9.964156641588747
191,2018-03-27,10.86998906355136
192,2018-03-26,12.077765626168178
193,2018-03-25,8.454435938317724
194,2018-03-24,8.454435938317724
195,2018-03-23,9.813184571261646
196,2018-03-22,10.719016993224258
197,2018-03-21,11.020961133878462
198,2018-03-20,11.322905274532667
199,2018-03-19,12.077765626168178
200,2018-03-18,12.681653907476587
201,2018-03-17,10.86998906355136
202,2018-03-16,11.775821485513974
203,2018-03-15,14.19137461074761
204,2018-03-14,12.681653907476587
205,2018-03-13,11.020961133878462
206,2018-03-12,11.322905274532667
207,2018-03-11,10.266100782242951
208,2018-03-10,10.266100782242951
209,2018-03-09,13.889430470093405
210,2018-03-08,12.530681837149485
211,2018-03-07,12.832625977803689
212,2018-03-06,11.62484941518687
213,2018-03-05,11.171933204205565
214,2018-03-04,9.964156641588747
215,2018-03-03,10.719016993224258
216,2018-03-02,11.322905274532667
217,2018-03-01,11.473877344859769
218,2018-02-28,12.077765626168178
219,2018-02-27,12.832625977803689
220,2018-02-26,12.681653907476587
221,2018-02-25,11.473877344859769
222,2018-02-24,11.926793555841076
223,2018-02-23,13.587486329439201
224,2018-02-22,15.097207032710223
225,2018-02-21,17.0
226,2018-02-20,16.0
227,2018-02-19,15.0
228,2018-02-18,16.0
229,2018-02-17,15.0
230,2018-02-16,16.0
231,2018-02-15,18.0
232,2018-02-14,17.0
233,2018-02-13,17.0
234,2018-02-12,18.0
235,2018-02-11,16.0
236,2018-02-10,18.0
237,2018-02-09,22.0
238,2018-02-08,25.0
239,2018-02-07,30.0
240,2018-02-06,48.0
241,2018-02-05,37.0
242,2018-02-04,21.0
243,2018-02-03,25.0
244,2018-02-02,38.0
245,2018-02-01,27.999999999999996
246,2018-01-31,22.0
247,2018-01-30,21.0
248,2018-01-29,19.0
249,2018-01-28,18.0
250,2018-01-27,19.0
251,2018-01-26,22.999999999999996
252,2018-01-25,22.0
253,2018-01-24,22.999999999999996
254,2018-01-23,26.0
255,2018-01-22,27.0
256,2018-01-21,22.999999999999996
257,2018-01-20,24.0
258,2018-01-19,30.0
259,2018-01-18,41.0
260,2018-01-17,57.99999999999999
261,2018-01-16,44.99999999999999
262,2018-01-15,22.0
263,2018-01-14,22.0
264,2018-01-13,22.999999999999996
265,2018-01-12,27.0
266,2018-01-11,32.0
267,2018-01-10,28.999999999999996
268,2018-01-09,27.999999999999996
269,2018-01-08,28.999999999999996
270,2018-01-07,26.0
271,2018-01-06,27.0
272,2018-01-05,28.999999999999996
273,2018-01-04,30.0
274,2018-01-03,32.0
275,2018-01-02,32.0
276,2018-01-01,26.0
277,2017-12-31,27.999999999999996
278,2017-12-30,33.0
279,2017-12-29,34.0
280,2017-12-28,38.0
281,2017-12-27,39.0
282,2017-12-26,41.0
283,2017-12-25,41.0
284,2017-12-24,46.99999999999999
285,2017-12-23,61.0
286,2017-12-22,100.0
287,2017-12-21,52.0
288,2017-12-20,71.0
289,2017-12-19,51.0
290,2017-12-18,48.0
291,2017-12-17,46.99999999999999
292,2017-12-16,42.0
293,2017-12-15,42.0
294,2017-12-14,45.99999999999999
295,2017-12-13,54.0
296,2017-12-12,61.0
297,2017-12-11,63.0
298,2017-12-10,55.0
299,2017-12-09,57.99999999999999
300,2017-12-08,89.0
301,2017-12-07,96.0
302,2017-12-06,46.99999999999999
303,2017-12-05,35.0
304,2017-12-04,36.0
305,2017-12-03,30.0
306,2017-12-02,30.0
307,2017-12-01,38.0
308,2017-11-30,52.0
309,2017-11-29,61.0
310,2017-11-28,38.0
311,2017-11-27,32.0
312,2017-11-26,24.0
313,2017-11-25,16.0
314,2017-11-24,15.0
315,2017-11-23,16.0
316,2017-11-22,17.0
317,2017-11-21,20.0
318,2017-11-20,19.0
319,2017-11-19,15.0
320,2017-11-18,16.0
321,2017-11-17,20.0
322,2017-11-16,18.0
323,2017-11-15,17.0
324,2017-11-14,17.0
325,2017-11-13,21.0
326,2017-11-12,24.0
327,2017-11-11,20.0
328,2017-11-10,20.0
329,2017-11-09,17.0
330,2017-11-08,18.0
331,2017-11-07,16.0
332,2017-11-06,17.0
333,2017-11-05,17.0
334,2017-11-04,17.0
335,2017-11-03,21.0
336,2017-11-02,24.0
337,2017-11-01,18.0
338,2017-10-31,15.0
339,2017-10-30,12.0
340,2017-10-29,10.0
341,2017-10-28,10.0
342,2017-10-27,11.0
343,2017-10-26,13.0
344,2017-10-25,13.0
345,2017-10-24,15.0
346,2017-10-23,13.999999999999998
347,2017-10-22,12.0
348,2017-10-21,15.0
349,2017-10-20,13.0
350,2017-10-19,11.0
351,2017-10-18,12.0
352,2017-10-17,11.0
353,2017-10-16,12.0
354,2017-10-15,12.0
355,2017-10-14,13.0
356,2017-10-13,19.0
357,2017-10-12,15.0
358,2017-10-11,9.0
359,2017-10-10,10.0
360,2017-10-09,9.0
361,2017-10-08,8.0
362,2017-10-07,6.999999999999999
363,2017-10-06,6.999999999999999
364,2017-10-05,8.0
365,2017-10-04,8.0
366,2017-10-03,8.0
367,2017-10-02,8.0
368,2017-10-01,6.999999999999999
369,2017-09-30,6.999999999999999
370,2017-09-29,8.0
371,2017-09-28,8.0
372,2017-09-27,8.0
373,2017-09-26,8.0
374,2017-09-25,8.0
375,2017-09-24,7.0208508794919675
376,2017-09-23,7.0208508794919675
377,2017-09-22,9.02680827363253
378,2017-09-21,10.029786970702812
379,2017-09-20,9.02680827363253
380,2017-09-19,10.029786970702812
381,2017-09-18,11.032765667773091
382,2017-09-17,10.029786970702812
383,2017-09-16,12.035744364843374
384,2017-09-15,19.05659524433534
385,2017-09-14,16.0476591531245
386,2017-09-13,14.041701758983935
387,2017-09-12,10.029786970702812
388,2017-09-11,10.029786970702812
389,2017-09-10,9.02680827363253
390,2017-09-09,9.02680827363253
391,2017-09-08,11.032765667773091
392,2017-09-07,10.029786970702812
393,2017-09-06,11.032765667773091
394,2017-09-05,13.038723061913657
395,2017-09-04,13.038723061913657
396,2017-09-03,10.029786970702812
397,2017-09-02,12.035744364843374
398,2017-09-01,12.035744364843374
399,2017-08-31,11.032765667773091
400,2017-08-30,11.032765667773091
401,2017-08-29,10.029786970702812
402,2017-08-28,8.02382957656225
403,2017-08-27,8.02382957656225
404,2017-08-26,9.02680827363253
405,2017-08-25,10.029786970702812
406,2017-08-24,9.02680827363253
407,2017-08-23,10.029786970702812
408,2017-08-22,11.032765667773091
409,2017-08-21,10.029786970702812
410,2017-08-20,10.029786970702812
411,2017-08-19,11.032765667773091
412,2017-08-18,11.032765667773091
413,2017-08-17,11.032765667773091
414,2017-08-16,12.035744364843374
415,2017-08-15,14.041701758983935
416,2017-08-14,14.041701758983935
417,2017-08-13,12.035744364843374
418,2017-08-12,10.029786970702812
419,2017-08-11,9.02680827363253
420,2017-08-10,8.02382957656225
421,2017-08-09,9.02680827363253
422,2017-08-08,10.029786970702812
423,2017-08-07,9.02680827363253
424,2017-08-06,8.02382957656225
425,2017-08-05,10.029786970702812
426,2017-08-04,7.0208508794919675
427,2017-08-03,8.02382957656225
428,2017-08-02,12.035744364843374
429,2017-08-01,13.038723061913657
430,2017-07-31,8.02382957656225
431,2017-07-30,6.017872182421687
432,2017-07-29,6.017872182421687
433,2017-07-28,7.0208508794919675
434,2017-07-27,6.017872182421687
435,2017-07-26,7.0208508794919675
436,2017-07-25,7.0208508794919675
437,2017-07-24,7.0208508794919675
438,2017-07-23,6.017872182421687
439,2017-07-22,6.017872182421687
440,2017-07-21,7.0208508794919675
441,2017-07-20,7.0208508794919675
442,2017-07-19,7.0208508794919675
443,2017-07-18,7.0208508794919675
444,2017-07-17,7.0208508794919675
445,2017-07-16,8.02382957656225
446,2017-07-15,7.0208508794919675
447,2017-07-14,6.017872182421687
448,2017-07-13,6.017872182421687
449,2017-07-12,6.017872182421687
450,2017-07-11,7.0208508794919675
451,2017-07-10,6.017872182421687
452,2017-07-09,5.014893485351406
453,2017-07-08,5.014893485351406
454,2017-07-07,6.017872182421687
455,2017-07-06,6.017872182421687
456,2017-07-05,6.017872182421687
457,2017-07-04,6.017872182421687
458,2017-07-03,6.017872182421687
459,2017-07-02,5.014893485351406
460,2017-07-01,5.014893485351406
461,2017-06-30,6.017872182421687
462,2017-06-29,7.0208508794919675
463,2017-06-28,8.02382957656225
464,2017-06-27,8.02382957656225
465,2017-06-26,7.0208508794919675
466,2017-06-25,6.017872182421687
467,2017-06-24,6.017872182421687
468,2017-06-23,7.0208508794919675
469,2017-06-22,7.0208508794919675
470,2017-06-21,7.0208508794919675
471,2017-06-20,7.0208508794919675
472,2017-06-19,7.0208508794919675
473,2017-06-18,6.017872182421687
474,2017-06-17,6.017872182421687
475,2017-06-16,8.02382957656225
476,2017-06-15,9.02680827363253
477,2017-06-14,8.02382957656225
478,2017-06-13,8.02382957656225
479,2017-06-12,9.02680827363253
480,2017-06-11,7.0208508794919675
481,2017-06-10,7.0208508794919675
482,2017-06-09,7.0208508794919675
483,2017-06-08,7.0208508794919675
484,2017-06-07,8.02382957656225
485,2017-06-06,9.02680827363253
486,2017-06-05,7.0208508794919675
487,2017-06-04,6.017872182421687
488,2017-06-03,6.017872182421687
489,2017-06-02,7.0208508794919675
490,2017-06-01,8.02382957656225
491,2017-05-31,8.02382957656225
492,2017-05-30,8.02382957656225
493,2017-05-29,8.02382957656225
494,2017-05-28,8.02382957656225
495,2017-05-27,11.032765667773091
496,2017-05-26,13.038723061913657
497,2017-05-25,17.05063785019478
498,2017-05-24,12.035744364843374
499,2017-05-23,11.032765667773091
500,2017-05-22,11.032765667773091
501,2017-05-21,7.0208508794919675
502,2017-05-20,7.0208508794919675
503,2017-05-19,6.017872182421687
504,2017-05-18,6.017872182421687
505,2017-05-17,6.017872182421687
506,2017-05-16,8.02382957656225
507,2017-05-15,9.02680827363253
508,2017-05-14,6.017872182421687
509,2017-05-13,7.0208508794919675
510,2017-05-12,7.0208508794919675
511,2017-05-11,6.017872182421687
512,2017-05-10,6.017872182421687
513,2017-05-09,6.017872182421687
514,2017-05-08,5.014893485351406
515,2017-05-07,4.011914788281125
516,2017-05-06,4.011914788281125
517,2017-05-05,5.014893485351406
518,2017-05-04,5.014893485351406
519,2017-05-03,4.011914788281125
520,2017-05-02,4.011914788281125
521,2017-05-01,4.011914788281125
522,2017-04-30,3.0089360912108436
523,2017-04-29,3.0089360912108436
524,2017-04-28,3.0089360912108436
525,2017-04-27,3.4274161897019155
526,2017-04-26,3.264205894954205
527,2017-04-25,3.100995600206495
528,2017-04-24,2.7745750107110747
529,2017-04-23,2.611364715963364
530,2017-04-22,2.611364715963364
531,2017-04-21,2.7745750107110747
532,2017-04-20,2.7745750107110747
533,2017-04-19,2.7745750107110747
534,2017-04-18,3.100995600206495
535,2017-04-17,2.937785305458785
536,2017-04-16,2.611364715963364
537,2017-04-15,2.448154421215654
538,2017-04-14,2.7745750107110747
539,2017-04-13,2.937785305458785
540,2017-04-12,2.937785305458785
541,2017-04-11,3.100995600206495
542,2017-04-10,2.7745750107110747
543,2017-04-09,2.611364715963364
544,2017-04-08,2.7745750107110747
545,2017-04-07,2.7745750107110747
546,2017-04-06,2.7745750107110747
547,2017-04-05,2.7745750107110747
548,2017-04-04,2.7745750107110747
549,2017-04-03,2.937785305458785
550,2017-04-02,2.7745750107110747
551,2017-04-01,2.7745750107110747
552,2017-03-31,2.7745750107110747
553,2017-03-30,2.937785305458785
554,2017-03-29,3.100995600206495
555,2017-03-28,2.937785305458785
556,2017-03-27,3.100995600206495
557,2017-03-26,2.937785305458785
558,2017-03-25,3.4274161897019155
559,2017-03-24,3.264205894954205
560,2017-03-23,3.100995600206495
561,2017-03-22,3.264205894954205
562,2017-03-21,3.264205894954205
563,2017-03-20,3.264205894954205
564,2017-03-19,3.590626484449625
565,2017-03-18,3.9170470739450463
566,2017-03-17,3.4274161897019155
567,2017-03-16,3.264205894954205
568,2017-03-15,3.100995600206495
569,2017-03-14,3.264205894954205
570,2017-03-13,3.590626484449625
571,2017-03-12,3.264205894954205
572,2017-03-11,4.406677958188177
573,2017-03-10,5.222729431926728
574,2017-03-09,3.7538367791973353
575,2017-03-08,4.080257368692757
576,2017-03-07,3.7538367791973353
577,2017-03-06,3.590626484449625
578,2017-03-05,3.4274161897019155
579,2017-03-04,3.9170470739450463
580,2017-03-03,4.896308842431308
581,2017-03-02,3.9170470739450463
582,2017-03-01,3.100995600206495
583,2017-02-28,3.100995600206495
584,2017-02-27,3.100995600206495
585,2017-02-26,2.7745750107110747
586,2017-02-25,3.264205894954205
587,2017-02-24,3.7538367791973353
588,2017-02-23,3.264205894954205
589,2017-02-22,3.100995600206495
590,2017-02-21,3.100995600206495
591,2017-02-20,2.448154421215654
592,2017-02-19,2.448154421215654
593,2017-02-18,2.611364715963364
594,2017-02-17,2.611364715963364
595,2017-02-16,2.448154421215654
596,2017-02-15,2.448154421215654
597,2017-02-14,2.448154421215654
598,2017-02-13,2.448154421215654
599,2017-02-12,2.448154421215654
600,2017-02-11,2.611364715963364
601,2017-02-10,2.7745750107110747
602,2017-02-09,3.100995600206495
603,2017-02-08,2.937785305458785
604,2017-02-07,2.7745750107110747
605,2017-02-06,2.448154421215654
606,2017-02-05,2.611364715963364
607,2017-02-04,2.611364715963364
608,2017-02-03,2.7745750107110747
609,2017-02-02,2.7745750107110747
610,2017-02-01,2.611364715963364
611,2017-01-31,2.611364715963364
612,2017-01-30,2.2849441264679435
613,2017-01-29,2.2849441264679435
614,2017-01-28,2.448154421215654
615,2017-01-27,2.2849441264679435
616,2017-01-26,2.448154421215654
617,2017-01-25,2.448154421215654
618,2017-01-24,2.611364715963364
619,2017-01-23,2.611364715963364
620,2017-01-22,2.448154421215654
621,2017-01-21,2.448154421215654
622,2017-01-20,2.611364715963364
623,2017-01-19,2.611364715963364
624,2017-01-18,2.611364715963364
625,2017-01-17,2.7745750107110747
626,2017-01-16,2.611364715963364
627,2017-01-15,2.7745750107110747
628,2017-01-14,2.937785305458785
629,2017-01-13,3.264205894954205
630,2017-01-12,3.7538367791973353
631,2017-01-11,3.7538367791973353
632,2017-01-10,3.100995600206495
633,2017-01-09,3.590626484449625
634,2017-01-08,3.590626484449625
635,2017-01-07,4.080257368692757
636,2017-01-06,4.733098547683597
637,2017-01-05,5.712360316169859
638,2017-01-04,4.733098547683597
639,2017-01-03,4.080257368692757
640,2017-01-02,4.243467663440467
641,2017-01-01,2.7745750107110747
642,2016-12-31,2.448154421215654
643,2016-12-30,2.937785305458785
644,2016-12-29,3.100995600206495
645,2016-12-28,3.264205894954205
646,2016-12-27,2.7745750107110747
647,2016-12-26,2.448154421215654
648,2016-12-25,2.611364715963364
649,2016-12-24,2.7745750107110747
650,2016-12-23,3.4274161897019155
651,2016-12-22,2.937785305458785
652,2016-12-21,2.2849441264679435
653,2016-12-20,1.9585235369725231
654,2016-12-19,2.1217338317202334
655,2016-12-18,1.7953132422248126
656,2016-12-17,1.9585235369725231
657,2016-12-16,1.7953132422248126
658,2016-12-15,1.9585235369725231
659,2016-12-14,1.9585235369725231
660,2016-12-13,2.1217338317202334
661,2016-12-12,1.9585235369725231
662,2016-12-11,1.7953132422248126
663,2016-12-10,1.9585235369725231
664,2016-12-09,1.7953132422248126
665,2016-12-08,2.1217338317202334
666,2016-12-07,1.9585235369725231
667,2016-12-06,1.9585235369725231
668,2016-12-05,1.9585235369725231
669,2016-12-04,1.7953132422248126
670,2016-12-03,1.9585235369725231
671,2016-12-02,2.1217338317202334
672,2016-12-01,2.1217338317202334
673,2016-11-30,1.7953132422248126
674,2016-11-29,1.9585235369725231
675,2016-11-28,2.047109025457711
676,2016-11-27,1.8257999416244446
677,2016-11-26,1.881127212582761
678,2016-11-25,1.881127212582761
679,2016-11-24,1.9364544835410775
680,2016-11-23,1.9364544835410775
681,2016-11-22,2.047109025457711
682,2016-11-21,1.9364544835410775
683,2016-11-20,1.881127212582761
684,2016-11-19,1.881127212582761
685,2016-11-18,2.047109025457711
686,2016-11-17,2.047109025457711
687,2016-11-16,1.9364544835410775
688,2016-11-15,1.881127212582761
689,2016-11-14,1.881127212582761
690,2016-11-13,1.770472670666128
691,2016-11-12,1.881127212582761
692,2016-11-11,1.8257999416244446
693,2016-11-10,1.9364544835410775
694,2016-11-09,2.6003817350408758
695,2016-11-08,1.8257999416244446
696,2016-11-07,1.8257999416244446
697,2016-11-06,1.881127212582761
698,2016-11-05,2.047109025457711
699,2016-11-04,1.9364544835410775
700,2016-11-03,2.047109025457711
701,2016-11-02,1.9917817544993943
702,2016-11-01,2.1024362964160273
703,2016-10-31,1.881127212582761
704,2016-10-30,1.881127212582761
705,2016-10-29,2.157763567374344
706,2016-10-28,2.157763567374344
707,2016-10-27,1.9364544835410775
708,2016-10-26,1.770472670666128
709,2016-10-25,1.659818128749495
710,2016-10-24,1.6044908577911785
711,2016-10-23,1.5491635868328621
712,2016-10-22,1.4385090449162292
713,2016-10-21,1.3831817739579126
714,2016-10-20,1.5491635868328621
715,2016-10-19,1.5491635868328621
716,2016-10-18,1.5491635868328621
717,2016-10-17,1.6044908577911785
718,2016-10-16,1.4938363158745456
719,2016-10-15,1.5491635868328621
720,2016-10-14,1.6044908577911785
721,2016-10-13,1.659818128749495
722,2016-10-12,1.8257999416244446
723,2016-10-11,1.7151453997078114
724,2016-10-10,1.5491635868328621
725,2016-10-09,1.5491635868328621
726,2016-10-08,1.5491635868328621
727,2016-10-07,1.4938363158745456
728,2016-10-06,1.4938363158745456
729,2016-10-05,1.4385090449162292
730,2016-10-04,1.5491635868328621
731,2016-10-03,1.6044908577911785
732,2016-10-02,1.4385090449162292
733,2016-10-01,1.4385090449162292
734,2016-09-30,1.4385090449162292
735,2016-09-29,1.5491635868328621
736,2016-09-28,1.3831817739579126
737,2016-09-27,1.4385090449162292
738,2016-09-26,1.4938363158745456
739,2016-09-25,1.6044908577911785
740,2016-09-24,1.4385090449162292
741,2016-09-23,1.4938363158745456
742,2016-09-22,1.4938363158745456
743,2016-09-21,1.659818128749495
744,2016-09-20,1.5491635868328621
745,2016-09-19,1.4385090449162292
746,2016-09-18,1.4938363158745456
747,2016-09-17,1.4385090449162292
748,2016-09-16,1.5491635868328621
749,2016-09-15,1.6044908577911785
750,2016-09-14,1.4938363158745456
751,2016-09-13,1.659818128749495
752,2016-09-12,1.6044908577911785
753,2016-09-11,1.6044908577911785
754,2016-09-10,1.5491635868328621
755,2016-09-09,1.6044908577911785
756,2016-09-08,1.7151453997078114
757,2016-09-07,1.4938363158745456
758,2016-09-06,1.4938363158745456
759,2016-09-05,1.6044908577911785
760,2016-09-04,1.6044908577911785
761,2016-09-03,1.4938363158745456
762,2016-09-02,1.3831817739579126
763,2016-09-01,1.4385090449162292
764,2016-08-31,1.3831817739579126
765,2016-08-30,1.4385090449162292
766,2016-08-29,1.5491635868328621
767,2016-08-28,1.4385090449162292
768,2016-08-27,1.4385090449162292
769,2016-08-26,1.4938363158745456
770,2016-08-25,1.6044908577911785
771,2016-08-24,1.6044908577911785
772,2016-08-23,1.5491635868328621
773,2016-08-22,1.3831817739579126
774,2016-08-21,1.327854502999596
775,2016-08-20,1.3831817739579126
776,2016-08-19,1.4385090449162292
777,2016-08-18,1.4385090449162292
778,2016-08-17,1.4938363158745456
779,2016-08-16,1.4938363158745456
780,2016-08-15,1.4938363158745456
781,2016-08-14,1.2725272320412795
782,2016-08-13,1.3831817739579126
783,2016-08-12,1.4938363158745456
784,2016-08-11,1.3831817739579126
785,2016-08-10,1.4938363158745456
786,2016-08-09,1.659818128749495
787,2016-08-08,1.8257999416244446
788,2016-08-07,1.7151453997078114
789,2016-08-06,1.659818128749495
790,2016-08-05,1.881127212582761
791,2016-08-04,2.21309083833266
792,2016-08-03,3.3749635284573065
793,2016-08-02,2.047109025457711
794,2016-08-01,1.7151453997078114
795,2016-07-31,1.4938363158745456
796,2016-07-30,1.4385090449162292
797,2016-07-29,1.4938363158745456
798,2016-07-28,1.659818128749495
799,2016-07-27,1.7151453997078114
800,2016-07-26,1.6044908577911785
801,2016-07-25,1.5491635868328621
802,2016-07-24,1.4385090449162292
803,2016-07-23,1.3831817739579126
804,2016-07-22,1.5491635868328621
805,2016-07-21,1.5491635868328621
806,2016-07-20,1.5491635868328621
807,2016-07-19,1.659818128749495
808,2016-07-18,1.659818128749495
809,2016-07-17,1.5491635868328621
810,2016-07-16,1.4938363158745456
811,2016-07-15,1.6044908577911785
812,2016-07-14,1.7151453997078114
813,2016-07-13,1.7151453997078114
814,2016-07-12,1.7151453997078114
815,2016-07-11,1.881127212582761
816,2016-07-10,1.9917817544993943
817,2016-07-09,2.6003817350408758
818,2016-07-08,1.9917817544993943
819,2016-07-07,2.047109025457711
820,2016-07-06,1.770472670666128
821,2016-07-05,1.9364544835410775
822,2016-07-04,1.8257999416244446
823,2016-07-03,1.9917817544993943
824,2016-07-02,1.881127212582761
825,2016-07-01,1.9717908022715431
826,2016-06-30,2.0176464023243694
827,2016-06-29,2.063502002377196
828,2016-06-28,2.063502002377196
829,2016-06-27,2.201068802535676
830,2016-06-26,2.201068802535676
831,2016-06-25,2.476202402852635
832,2016-06-24,3.5767368041204732
833,2016-06-23,2.522058002905462
834,2016-06-22,2.3844912027469825
835,2016-06-21,2.7054804031167685
836,2016-06-20,2.3844912027469825
837,2016-06-19,2.338635602694156
838,2016-06-18,2.338635602694156
839,2016-06-17,2.888902803328075
840,2016-06-16,2.888902803328075
841,2016-06-15,2.246924402588503
842,2016-06-14,2.522058002905462
843,2016-06-13,3.164036403645034
844,2016-06-12,2.7054804031167685
845,2016-06-11,1.6966572019545838
846,2016-06-10,1.8800796021658899
847,2016-06-09,1.7883684020602366
848,2016-06-08,1.8342240021130634
849,2016-06-07,1.9717908022715431
850,2016-06-06,1.9259352022187166
851,2016-06-05,1.8800796021658899
852,2016-06-04,2.0176464023243694
853,2016-06-03,1.9717908022715431
854,2016-06-02,1.7883684020602366
855,2016-06-01,1.8800796021658899
856,2016-05-31,2.109357602430023
857,2016-05-30,2.063502002377196
858,2016-05-29,2.063502002377196
859,2016-05-28,1.8800796021658899
860,2016-05-27,1.6049460018489303
861,2016-05-26,1.5590904017961038
862,2016-05-25,1.329812401531971
863,2016-05-24,1.4215236016376243
864,2016-05-23,1.4673792016904506
865,2016-05-22,1.329812401531971
866,2016-05-21,1.329812401531971
867,2016-05-20,1.4673792016904506
868,2016-05-19,1.513234801743277
869,2016-05-18,1.513234801743277
870,2016-05-17,1.513234801743277
871,2016-05-16,1.4673792016904506
872,2016-05-15,1.3756680015847973
873,2016-05-14,1.3756680015847973
874,2016-05-13,1.4673792016904506
875,2016-05-12,1.6049460018489303
876,2016-05-11,1.6049460018489303
877,2016-05-10,1.7425128020074103
878,2016-05-09,1.7425128020074103
879,2016-05-08,1.650801601901757
880,2016-05-07,1.6049460018489303
881,2016-05-06,1.8342240021130634
882,2016-05-05,2.063502002377196
883,2016-05-04,2.0176464023243694
884,2016-05-03,2.8430472032752485
885,2016-05-02,4.585560005282658
886,2016-05-01,1.4215236016376243
887,2016-04-30,1.4673792016904506
888,2016-04-29,1.4673792016904506
889,2016-04-28,1.6966572019545838
890,2016-04-27,1.5590904017961038
891,2016-04-26,1.5590904017961038
892,2016-04-25,1.513234801743277
893,2016-04-24,1.650801601901757
894,2016-04-23,1.3756680015847973
895,2016-04-22,1.5590904017961038
896,2016-04-21,1.513234801743277
897,2016-04-20,1.4215236016376243
898,2016-04-19,1.4215236016376243
899,2016-04-18,1.2839568014791445
900,2016-04-17,1.2839568014791445
901,2016-04-16,1.2381012014263175
902,2016-04-15,1.329812401531971
903,2016-04-14,1.3756680015847973
904,2016-04-13,1.329812401531971
905,2016-04-12,1.3756680015847973
906,2016-04-11,1.513234801743277
907,2016-04-10,1.3756680015847973
908,2016-04-09,1.2839568014791445
909,2016-04-08,1.2381012014263175
910,2016-04-07,1.3756680015847973
911,2016-04-06,1.4215236016376243
912,2016-04-05,1.3756680015847973
913,2016-04-04,1.3756680015847973
914,2016-04-03,1.2839568014791445
915,2016-04-02,1.2839568014791445
916,2016-04-01,1.2839568014791445
917,2016-03-31,1.329812401531971
918,2016-03-30,1.3756680015847973
919,2016-03-29,1.4673792016904506
920,2016-03-28,1.4673792016904506
921,2016-03-27,1.329812401531971
922,2016-03-26,1.2381012014263175
923,2016-03-25,1.2839568014791445
924,2016-03-24,1.329812401531971
925,2016-03-23,1.3756680015847973
926,2016-03-22,1.4673792016904506
927,2016-03-21,1.4215236016376243
928,2016-03-20,1.2381012014263175
929,2016-03-19,1.2381012014263175
930,2016-03-18,1.4215236016376243
931,2016-03-17,1.4215236016376243
932,2016-03-16,1.3756680015847973
933,2016-03-15,1.513234801743277
934,2016-03-14,1.4215236016376243
935,2016-03-13,1.2839568014791445
936,2016-03-12,1.329812401531971
937,2016-03-11,1.3756680015847973
938,2016-03-10,1.3756680015847973
939,2016-03-09,1.3756680015847973
940,2016-03-08,1.4673792016904506
941,2016-03-07,1.5590904017961038
942,2016-03-06,1.3756680015847973
943,2016-03-05,1.3756680015847973
944,2016-03-04,1.4673792016904506
945,2016-03-03,1.5590904017961038
946,2016-03-02,1.4673792016904506
947,2016-03-01,1.5590904017961038
948,2016-02-29,1.4215236016376243
949,2016-02-28,1.3756680015847973
950,2016-02-27,1.4215236016376243
951,2016-02-26,1.4673792016904506
952,2016-02-25,1.4673792016904506
953,2016-02-24,1.4673792016904506
954,2016-02-23,1.513234801743277
955,2016-02-22,1.513234801743277
956,2016-02-21,1.650801601901757
957,2016-02-20,1.6049460018489303
958,2016-02-19,1.650801601901757
959,2016-02-18,1.8342240021130634
960,2016-02-17,1.5590904017961038
961,2016-02-16,1.6049460018489303
962,2016-02-15,1.650801601901757
963,2016-02-14,1.4215236016376243
964,2016-02-13,1.329812401531971
965,2016-02-12,1.4215236016376243
966,2016-02-11,1.513234801743277
967,2016-02-10,1.4215236016376243
968,2016-02-09,1.4215236016376243
969,2016-02-08,1.3756680015847973
970,2016-02-07,1.3756680015847973
971,2016-02-06,1.3756680015847973
972,2016-02-05,1.4215236016376243
973,2016-02-04,1.4215236016376243
974,2016-02-03,1.4673792016904506
975,2016-02-02,1.407217599688553
976,2016-02-01,1.3618234835695675
977,2016-01-31,1.3618234835695675
978,2016-01-30,1.316429367450582
979,2016-01-29,1.3618234835695675
980,2016-01-28,1.3618234835695675
981,2016-01-27,1.407217599688553
982,2016-01-26,1.4526117158075387
983,2016-01-25,1.4526117158075387
984,2016-01-24,1.4526117158075387
985,2016-01-23,1.4980058319265241
986,2016-01-22,1.588794064164495
987,2016-01-21,1.7703705286404379
988,2016-01-20,1.9065528769973945
989,2016-01-19,1.6795822964024665
990,2016-01-18,1.8157646447594231
991,2016-01-17,1.7703705286404379
992,2016-01-16,2.178917573711308
993,2016-01-15,2.133523457592322
994,2016-01-14,1.407217599688553
995,2016-01-13,1.4980058319265241
996,2016-01-12,1.4526117158075387
997,2016-01-11,1.5433999480455096
998,2016-01-10,1.4980058319265241
999,2016-01-09,1.5433999480455096
1000,2016-01-08,1.7249764125214522
1001,2016-01-07,1.7249764125214522
1002,2016-01-06,1.4526117158075387
1003,2016-01-05,1.4980058319265241
1004,2016-01-04,1.5433999480455096
1005,2016-01-03,1.4526117158075387
1006,2016-01-02,1.407217599688553
1007,2016-01-01,1.2710352513315963
1008,2015-12-31,1.407217599688553
1009,2015-12-30,1.5433999480455096
1010,2015-12-29,1.588794064164495
1011,2015-12-28,1.6795822964024665
1012,2015-12-27,1.634188180283481
1013,2015-12-26,1.634188180283481
1014,2015-12-25,1.4980058319265241
1015,2015-12-24,1.634188180283481
1016,2015-12-23,1.588794064164495
1017,2015-12-22,1.4980058319265241
1018,2015-12-21,1.5433999480455096
1019,2015-12-20,1.4980058319265241
1020,2015-12-19,1.5433999480455096
1021,2015-12-18,1.588794064164495
1022,2015-12-17,1.7249764125214522
1023,2015-12-16,1.9065528769973945
1024,2015-12-15,1.8611587608784086
1025,2015-12-14,1.7249764125214522
1026,2015-12-13,1.6795822964024665
1027,2015-12-12,1.8611587608784086
1028,2015-12-11,2.0881293414733366
1029,2015-12-10,2.587464618782178
1030,2015-12-09,4.040076334589716
1031,2015-12-08,1.8611587608784086
1032,2015-12-07,1.4980058319265241
1033,2015-12-06,1.4526117158075387
1034,2015-12-05,1.407217599688553
1035,2015-12-04,1.316429367450582
1036,2015-12-03,1.407217599688553
1037,2015-12-02,1.407217599688553
1038,2015-12-01,1.5433999480455096
1039,2015-11-30,1.4980058319265241
1040,2015-11-29,1.316429367450582
1041,2015-11-28,1.316429367450582
1042,2015-11-27,1.3618234835695675
1043,2015-11-26,1.5433999480455096
1044,2015-11-25,1.4526117158075387
1045,2015-11-24,1.407217599688553
1046,2015-11-23,1.4526117158075387
1047,2015-11-22,1.407217599688553
1048,2015-11-21,1.4526117158075387
1049,2015-11-20,1.5433999480455096
1050,2015-11-19,1.588794064164495
1051,2015-11-18,1.5433999480455096
1052,2015-11-17,1.4526117158075387
1053,2015-11-16,1.4526117158075387
1054,2015-11-15,1.4526117158075387
1055,2015-11-14,1.316429367450582
1056,2015-11-13,1.588794064164495
1057,2015-11-12,1.588794064164495
1058,2015-11-11,1.8157646447594231
1059,2015-11-10,1.7703705286404379
1060,2015-11-09,1.8611587608784086
1061,2015-11-08,1.634188180283481
1062,2015-11-07,1.8157646447594231
1063,2015-11-06,2.269705805949279
1064,2015-11-05,2.9960116638530483
1065,2015-11-04,3.49534694116189
1066,2015-11-03,2.678252851020149
1067,2015-11-02,1.7703705286404379
1068,2015-11-01,1.588794064164495
1069,2015-10-31,1.4980058319265241
1070,2015-10-30,1.7703705286404379
1071,2015-10-29,1.588794064164495
1072,2015-10-28,1.4526117158075387
1073,2015-10-27,1.4526117158075387
1074,2015-10-26,1.3618234835695675
1075,2015-10-25,1.4526117158075387
1076,2015-10-24,1.316429367450582
1077,2015-10-23,1.407217599688553
1078,2015-10-22,1.4526117158075387
1079,2015-10-21,1.2710352513315963
1080,2015-10-20,1.2256411352126106
1081,2015-10-19,1.1348529029746395
1082,2015-10-18,1.1802470190936252
1083,2015-10-17,1.2256411352126106
1084,2015-10-16,1.1802470190936252
1085,2015-10-15,1.1802470190936252
1086,2015-10-14,1.2256411352126106
1087,2015-10-13,1.1802470190936252
1088,2015-10-12,1.1802470190936252
1089,2015-10-11,1.089458786855654
1090,2015-10-10,1.1802470190936252
1091,2015-10-09,1.1348529029746395
1092,2015-10-08,1.1802470190936252
1093,2015-10-07,1.1802470190936252
1094,2015-10-06,1.316429367450582
1095,2015-10-05,1.1802470190936252
1096,2015-10-04,1.089458786855654
1097,2015-10-03,0.9986705546176828
1098,2015-10-02,1.089458786855654
1099,2015-10-01,1.1348529029746395
1100,2015-09-30,1.1348529029746395
1101,2015-09-29,1.1802470190936252
1102,2015-09-28,1.1348529029746395
1103,2015-09-27,1.2256411352126106
1104,2015-09-26,1.1802470190936252
1105,2015-09-25,1.1348529029746395
1106,2015-09-24,1.1348529029746395
1107,2015-09-23,1.1802470190936252
1108,2015-09-22,1.2710352513315963
1109,2015-09-21,1.1802470190936252
1110,2015-09-20,1.089458786855654
1111,2015-09-19,1.1802470190936252
1112,2015-09-18,1.2256411352126106
1113,2015-09-17,1.2256411352126106
1114,2015-09-16,1.2256411352126106
1115,2015-09-15,1.2256411352126106
1116,2015-09-14,1.1802470190936252
1117,2015-09-13,1.089458786855654
1118,2015-09-12,1.1348529029746395
1119,2015-09-11,1.1348529029746395
1120,2015-09-10,1.089458786855654
1121,2015-09-09,1.1348529029746395
1122,2015-09-08,1.2710352513315963
1123,2015-09-07,1.089458786855654
1124,2015-09-06,1.0440646707366683
1125,2015-09-05,1.0770255202127055
1126,2015-09-04,1.1169153542946575
1127,2015-09-03,1.236584856540514
1128,2015-09-02,1.196695022458562
1129,2015-09-01,1.196695022458562
1130,2015-08-31,1.196695022458562
1131,2015-08-30,1.316364524704418
1132,2015-08-29,1.1568051883766097
1133,2015-08-28,1.236584856540514
1134,2015-08-27,1.236584856540514
1135,2015-08-26,1.35625435878637
1136,2015-08-25,1.6354831973600346
1137,2015-08-24,1.5557035291961305
1138,2015-08-23,1.35625435878637
1139,2015-08-22,1.276474690622466
1140,2015-08-21,1.436034026950274
1141,2015-08-20,1.475923861032226
1142,2015-08-19,1.7152628655239386
1143,2015-08-18,1.3961441928683218
1144,2015-08-17,1.276474690622466
1145,2015-08-16,1.236584856540514
1146,2015-08-15,1.1169153542946575
1147,2015-08-14,1.1568051883766097
1148,2015-08-13,1.276474690622466
1149,2015-08-12,1.196695022458562
1150,2015-08-11,1.196695022458562
1151,2015-08-10,1.236584856540514
1152,2015-08-09,1.1169153542946575
1153,2015-08-08,1.276474690622466
1154,2015-08-07,1.196695022458562
1155,2015-08-06,1.236584856540514
1156,2015-08-05,1.236584856540514
1157,2015-08-04,1.316364524704418
1158,2015-08-03,1.436034026950274
1159,2015-08-02,1.5955933632780825
1160,2015-08-01,1.7950425336878426
1161,2015-07-31,1.1169153542946575
1162,2015-07-30,1.1568051883766097
1163,2015-07-29,1.236584856540514
1164,2015-07-28,1.236584856540514
1165,2015-07-27,1.35625435878637
1166,2015-07-26,1.276474690622466
1167,2015-07-25,1.1568051883766097
1168,2015-07-24,1.236584856540514
1169,2015-07-23,1.196695022458562
1170,2015-07-22,1.276474690622466
1171,2015-07-21,1.236584856540514
1172,2015-07-20,1.276474690622466
1173,2015-07-19,1.316364524704418
1174,2015-07-18,1.196695022458562
1175,2015-07-17,1.196695022458562
1176,2015-07-16,1.35625435878637
1177,2015-07-15,1.35625435878637
1178,2015-07-14,1.35625435878637
1179,2015-07-13,1.5158136951141783
1180,2015-07-12,1.6354831973600346
1181,2015-07-11,1.3961441928683218
1182,2015-07-10,1.5158136951141783
1183,2015-07-09,1.3961441928683218
1184,2015-07-08,1.475923861032226
1185,2015-07-07,1.436034026950274
1186,2015-07-06,1.6354831973600346
1187,2015-07-05,1.475923861032226
1188,2015-07-04,1.35625435878637
1189,2015-07-03,1.3961441928683218
1190,2015-07-02,1.316364524704418
1191,2015-07-01,1.5557035291961305
1192,2015-06-30,1.6354831973600346
1193,2015-06-29,1.3961441928683218
1194,2015-06-28,1.1568051883766097
1195,2015-06-27,1.196695022458562
1196,2015-06-26,1.0371356861307535
1197,2015-06-25,1.276474690622466
1198,2015-06-24,1.0770255202127055
1199,2015-06-23,1.0371356861307535
1200,2015-06-22,1.1169153542946575
1201,2015-06-21,1.196695022458562
1202,2015-06-20,1.276474690622466
1203,2015-06-19,1.316364524704418
1204,2015-06-18,2.2737205426712674
1205,2015-06-17,1.196695022458562
1206,2015-06-16,1.236584856540514
1207,2015-06-15,1.0770255202127055
1208,2015-06-14,1.0770255202127055
1209,2015-06-13,0.9573560179668494
1210,2015-06-12,1.0371356861307535
1211,2015-06-11,1.0770255202127055
1212,2015-06-10,1.1568051883766097
1213,2015-06-09,1.0371356861307535
1214,2015-06-08,1.0371356861307535
1215,2015-06-07,1.0770255202127055
1216,2015-06-06,0.9972458520488015
1217,2015-06-05,1.0770255202127055
1218,2015-06-04,1.1169153542946575
1219,2015-06-03,1.1169153542946575
1220,2015-06-02,1.196695022458562
1221,2015-06-01,1.1568051883766097
1222,2015-05-31,1.236584856540514
1223,2015-05-30,1.436034026950274
1224,2015-05-29,1.276474690622466
1225,2015-05-28,1.0770255202127055
1226,2015-05-27,1.1568051883766097
1227,2015-05-26,1.196695022458562
1228,2015-05-25,1.1169153542946575
1229,2015-05-24,1.1169153542946575
1230,2015-05-23,1.0770255202127055
1231,2015-05-22,1.1568051883766097
1232,2015-05-21,1.236584856540514
1233,2015-05-20,1.196695022458562
1234,2015-05-19,1.236584856540514
1235,2015-05-18,1.196695022458562
1236,2015-05-17,1.1169153542946575
1237,2015-05-16,1.1169153542946575
1238,2015-05-15,1.1169153542946575
1239,2015-05-14,1.276474690622466
1240,2015-05-13,1.1169153542946575
1241,2015-05-12,1.1169153542946575
1242,2015-05-11,1.196695022458562
1243,2015-05-10,1.0770255202127055
1244,2015-05-09,0.9174661838848974
1245,2015-05-08,1.0770255202127055
1246,2015-05-07,1.0770255202127055
1247,2015-05-06,1.0770255202127055
1248,2015-05-05,1.1169153542946575
1249,2015-05-04,1.1169153542946575
1250,2015-05-03,0.9573560179668494
1251,2015-05-02,0.9573560179668494
1252,2015-05-01,1.0770255202127055
1253,2015-04-30,1.236584856540514
1254,2015-04-29,1.196695022458562
1255,2015-04-28,1.1169153542946575
1256,2015-04-27,1.1568051883766097
1257,2015-04-26,1.0770255202127055
1258,2015-04-25,0.9573560179668494
1259,2015-04-24,1.0770255202127055
1260,2015-04-23,1.1568051883766097
1261,2015-04-22,1.236584856540514
1262,2015-04-21,1.196695022458562
1263,2015-04-20,1.0770255202127055
1264,2015-04-19,1.0770255202127055
1265,2015-04-18,1.0770255202127055
1266,2015-04-17,1.0371356861307535
1267,2015-04-16,1.196695022458562
1268,2015-04-15,1.196695022458562
1269,2015-04-14,1.276474690622466
1270,2015-04-13,1.196695022458562
1271,2015-04-12,1.1169153542946575
1272,2015-04-11,1.1169153542946575
1273,2015-04-10,1.1169153542946575
1274,2015-04-09,1.236584856540514
1275,2015-04-08,1.241982368697084
1276,2015-04-07,1.1828403511400798
1277,2015-04-06,1.2124113599185817
1278,2015-04-05,1.123698333583076
1279,2015-04-04,1.123698333583076
1280,2015-04-03,1.241982368697084
1281,2015-04-02,1.1828403511400798
1282,2015-04-01,1.2124113599185817
1283,2015-03-31,1.301124386254088
1284,2015-03-30,1.3306953950325902
1285,2015-03-29,1.2124113599185817
1286,2015-03-28,1.0349853072475699
1287,2015-03-27,1.241982368697084
1288,2015-03-26,1.2124113599185817
1289,2015-03-25,1.448979430146598
1290,2015-03-24,1.2715533774755858
1291,2015-03-23,1.241982368697084
1292,2015-03-22,1.153269342361578
1293,2015-03-21,1.2124113599185817
1294,2015-03-20,1.360266403811092
1295,2015-03-19,1.360266403811092
1296,2015-03-18,1.4785504389250999
1297,2015-03-17,1.360266403811092
1298,2015-03-16,1.2715533774755858
1299,2015-03-15,1.3306953950325902
1300,2015-03-14,1.2715533774755858
1301,2015-03-13,1.360266403811092
1302,2015-03-12,1.3306953950325902
1303,2015-03-11,1.4194084213680958
1304,2015-03-10,1.5672634652606061
1305,2015-03-09,1.4785504389250999
1306,2015-03-08,1.4194084213680958
1307,2015-03-07,1.5672634652606061
1308,2015-03-06,1.5968344740391078
1309,2015-03-05,1.4194084213680958
1310,2015-03-04,1.301124386254088
1311,2015-03-03,1.360266403811092
1312,2015-03-02,1.360266403811092
1313,2015-03-01,1.2124113599185817
1314,2015-02-28,1.1828403511400798
1315,2015-02-27,1.1828403511400798
1316,2015-02-26,1.241982368697084
1317,2015-02-25,1.241982368697084
1318,2015-02-24,1.241982368697084
1319,2015-02-23,1.301124386254088
1320,2015-02-22,1.4194084213680958
1321,2015-02-21,1.4785504389250999
1322,2015-02-20,2.0699706144951397
1323,2015-02-19,1.3898374125895938
1324,2015-02-18,1.360266403811092
1325,2015-02-17,1.3306953950325902
1326,2015-02-16,1.360266403811092
1327,2015-02-15,1.301124386254088
1328,2015-02-14,1.2715533774755858
1329,2015-02-13,1.3898374125895938
1330,2015-02-12,1.360266403811092
1331,2015-02-11,1.3898374125895938
1332,2015-02-10,1.5376924564821042
1333,2015-02-09,1.5672634652606061
1334,2015-02-08,1.5672634652606061
1335,2015-02-07,1.448979430146598
1336,2015-02-06,1.360266403811092
1337,2015-02-05,1.448979430146598
1338,2015-02-04,1.3306953950325902
1339,2015-02-03,1.3306953950325902
1340,2015-02-02,1.2124113599185817
1341,2015-02-01,1.241982368697084
1342,2015-01-31,1.241982368697084
1343,2015-01-30,1.2124113599185817
1344,2015-01-29,1.3898374125895938
1345,2015-01-28,1.4785504389250999
1346,2015-01-27,1.6559764915961117
1347,2015-01-26,1.8629735530456257
1348,2015-01-25,1.3898374125895938
1349,2015-01-24,1.301124386254088
1350,2015-01-23,1.3898374125895938
1351,2015-01-22,1.448979430146598
1352,2015-01-21,1.5376924564821042
1353,2015-01-20,1.3898374125895938
1354,2015-01-19,1.360266403811092
1355,2015-01-18,1.360266403811092
1356,2015-01-17,1.4194084213680958
1357,2015-01-16,1.7446895179316182
1358,2015-01-15,2.0699706144951397
1359,2015-01-14,2.4543937286156656
1360,2015-01-13,1.715118509153116
1361,2015-01-12,1.3306953950325902
1362,2015-01-11,1.301124386254088
1363,2015-01-10,1.301124386254088
1364,2015-01-09,1.448979430146598
1365,2015-01-08,1.4785504389250999
1366,2015-01-07,1.4785504389250999
1367,2015-01-06,1.8038315354886219
1368,2015-01-05,1.6264054828176098
1369,2015-01-04,1.6559764915961117
1370,2015-01-03,1.4194084213680958
1371,2015-01-02,1.301124386254088
1372,2015-01-01,1.153269342361578
1373,2014-12-31,1.301124386254088
1374,2014-12-30,1.241982368697084
1375,2014-12-29,1.2715533774755858
1376,2014-12-28,1.2715533774755858
1377,2014-12-27,2.9571008778501997
1378,2014-12-26,1.4194084213680958
1379,2014-12-25,1.301124386254088
1380,2014-12-24,1.2715533774755858
1381,2014-12-23,1.360266403811092
1382,2014-12-22,1.360266403811092
1383,2014-12-21,1.3898374125895938
1384,2014-12-20,1.241982368697084
1385,2014-12-19,1.3306953950325902
1386,2014-12-18,1.448979430146598
1387,2014-12-17,1.4785504389250999
1388,2014-12-16,1.508121447703602
1389,2014-12-15,1.3306953950325902
1390,2014-12-14,1.301124386254088
1391,2014-12-13,1.360266403811092
1392,2014-12-12,1.5672634652606061
1393,2014-12-11,1.892544561824128
1394,2014-12-10,1.301124386254088
1395,2014-12-09,1.1828403511400798
1396,2014-12-08,1.3898374125895938
1397,2014-12-07,1.301124386254088
1398,2014-12-06,1.2124113599185817
1399,2014-12-05,1.2124113599185817
1400,2014-12-04,1.301124386254088
1401,2014-12-03,1.360266403811092
1402,2014-12-02,1.360266403811092
1403,2014-12-01,1.241982368697084
1404,2014-11-30,1.153269342361578
1405,2014-11-29,1.123698333583076
1406,2014-11-28,1.153269342361578
1407,2014-11-27,1.2715533774755858
1408,2014-11-26,1.1828403511400798
1409,2014-11-25,1.2715533774755858
1410,2014-11-24,1.3306953950325902
1411,2014-11-23,1.1828403511400798
1412,2014-11-22,1.153269342361578
1413,2014-11-21,1.2715533774755858
1414,2014-11-20,1.360266403811092
1415,2014-11-19,1.301124386254088
1416,2014-11-18,1.3898374125895938
1417,2014-11-17,1.4194084213680958
1418,2014-11-16,1.360266403811092
1419,2014-11-15,1.3306953950325902
1420,2014-11-14,1.4785504389250999
1421,2014-11-13,1.7446895179316182
1422,2014-11-12,1.5672634652606061
1423,2014-11-11,1.448979430146598
1424,2014-11-10,1.5376924564821042
1425,2014-11-09,1.3958698589395329
1426,2014-11-08,1.3661705002386917
1427,2014-11-07,1.425569217640374
1428,2014-11-06,1.4849679350420566
1429,2014-11-05,1.3067717828370096
1430,2014-11-04,1.2770724241361686
1431,2014-11-03,1.2473730654353274
1432,2014-11-02,1.128575630631963
1433,2014-11-01,1.158274989332804
1434,2014-10-31,1.0988762719311218
1435,2014-10-30,1.2473730654353274
1436,2014-10-29,1.3067717828370096
1437,2014-10-28,1.187974348033645
1438,2014-10-27,1.2176737067344863
1439,2014-10-26,1.2176737067344863
1440,2014-10-25,1.2176737067344863
1441,2014-10-24,1.3067717828370096
1442,2014-10-23,1.3364711415378507
1443,2014-10-22,1.2176737067344863
1444,2014-10-21,1.3364711415378507
1445,2014-10-20,1.2770724241361686
1446,2014-10-19,1.3067717828370096
1447,2014-10-18,1.2176737067344863
1448,2014-10-17,1.3958698589395329
1449,2014-10-16,1.3661705002386917
1450,2014-10-15,1.425569217640374
1451,2014-10-14,1.5443666524437387
1452,2014-10-13,1.3958698589395329
1453,2014-10-12,1.3067717828370096
1454,2014-10-11,1.3364711415378507
1455,2014-10-10,1.5146672937428975
1456,2014-10-09,1.603765369845421
1457,2014-10-08,1.603765369845421
1458,2014-10-07,1.7225628046487853
1459,2014-10-06,1.9601576742555147
1460,2014-10-05,1.7819615220504679
1461,2014-10-04,1.5146672937428975
1462,2014-10-03,1.3958698589395329
1463,2014-10-02,1.3364711415378507
1464,2014-10-01,1.425569217640374
1465,2014-09-30,1.4849679350420566
1466,2014-09-29,1.5146672937428975
1467,2014-09-28,1.3958698589395329
1468,2014-09-27,1.2176737067344863
1469,2014-09-26,1.4552685763412154
1470,2014-09-25,1.4849679350420566
1471,2014-09-24,1.633464728546262
1472,2014-09-23,1.752262163349627
1473,2014-09-22,1.3364711415378507
1474,2014-09-21,1.3364711415378507
1475,2014-09-20,1.3958698589395329
1476,2014-09-19,1.603765369845421
1477,2014-09-18,1.4552685763412154
1478,2014-09-17,1.3958698589395329
1479,2014-09-16,1.3364711415378507
1480,2014-09-15,1.425569217640374
1481,2014-09-14,1.2770724241361686
1482,2014-09-13,1.2770724241361686
1483,2014-09-12,1.5146672937428975
1484,2014-09-11,1.9304583155546733
1485,2014-09-10,1.8116608807513088
1486,2014-09-09,1.5146672937428975
1487,2014-09-08,1.2770724241361686
1488,2014-09-07,1.2473730654353274
1489,2014-09-06,1.3364711415378507
1490,2014-09-05,1.3958698589395329
1491,2014-09-04,1.5146672937428975
1492,2014-09-03,1.5443666524437387
1493,2014-09-02,1.5443666524437387
1494,2014-09-01,1.57406601114458
1495,2014-08-31,1.425569217640374
1496,2014-08-30,1.128575630631963
1497,2014-08-29,1.3364711415378507
1498,2014-08-28,1.2473730654353274
1499,2014-08-27,1.2473730654353274
1500,2014-08-26,1.3661705002386917
1501,2014-08-25,1.2176737067344863
1502,2014-08-24,1.2176737067344863
1503,2014-08-23,1.2770724241361686
1504,2014-08-22,1.4849679350420566
1505,2014-08-21,1.5443666524437387
1506,2014-08-20,1.633464728546262
1507,2014-08-19,1.633464728546262
1508,2014-08-18,1.7819615220504679
1509,2014-08-17,1.3958698589395329
1510,2014-08-16,1.663164087247103
1511,2014-08-15,1.7819615220504679
1512,2014-08-14,1.752262163349627
1513,2014-08-13,2.0195563916571966
1514,2014-08-12,1.5146672937428975
1515,2014-08-11,1.3661705002386917
1516,2014-08-10,1.2770724241361686
1517,2014-08-09,1.2473730654353274
1518,2014-08-08,1.2770724241361686
1519,2014-08-07,1.4849679350420566
1520,2014-08-06,1.4552685763412154
1521,2014-08-05,1.425569217640374
1522,2014-08-04,1.2176737067344863
1523,2014-08-03,1.187974348033645
1524,2014-08-02,1.2473730654353274
1525,2014-08-01,1.2473730654353274
1526,2014-07-31,1.425569217640374
1527,2014-07-30,1.4552685763412154
1528,2014-07-29,1.3661705002386917
1529,2014-07-28,1.3661705002386917
1530,2014-07-27,1.158274989332804
1531,2014-07-26,1.128575630631963
1532,2014-07-25,1.2770724241361686
1533,2014-07-24,1.3364711415378507
1534,2014-07-23,1.4552685763412154
1535,2014-07-22,1.3067717828370096
1536,2014-07-21,1.3067717828370096
1537,2014-07-20,1.3661705002386917
1538,2014-07-19,1.425569217640374
1539,2014-07-18,1.425569217640374
1540,2014-07-17,1.4849679350420566
1541,2014-07-16,1.633464728546262
1542,2014-07-15,1.3958698589395329
1543,2014-07-14,1.2770724241361686
1544,2014-07-13,1.187974348033645
1545,2014-07-12,1.2770724241361686
1546,2014-07-11,1.425569217640374
1547,2014-07-10,1.3661705002386917
1548,2014-07-09,1.2770724241361686
1549,2014-07-08,1.2770724241361686
1550,2014-07-07,1.603765369845421
1551,2014-07-06,1.425569217640374
1552,2014-07-05,1.158274989332804
1553,2014-07-04,1.3661705002386917
1554,2014-07-03,1.4552685763412154
1555,2014-07-02,1.57406601114458
1556,2014-07-01,1.57406601114458
1557,2014-06-30,1.4849679350420566
1558,2014-06-29,1.158274989332804
1559,2014-06-28,1.2770724241361686
1560,2014-06-27,1.5443666524437387
1561,2014-06-26,1.158274989332804
1562,2014-06-25,1.3067717828370096
1563,2014-06-24,1.3067717828370096
1564,2014-06-23,1.3364711415378507
1565,2014-06-22,1.3661705002386917
1566,2014-06-21,1.187974348033645
1567,2014-06-20,1.4552685763412154
1568,2014-06-19,1.4849679350420566
1569,2014-06-18,1.663164087247103
1570,2014-06-17,1.6928634459479444
1571,2014-06-16,1.7225628046487853
1572,2014-06-15,1.5146672937428975
1573,2014-06-14,1.6928634459479444
1574,2014-06-13,2.0195563916571966
1575,2014-06-12,1.7050391218166492
1576,2014-06-11,1.5984741767031088
1577,2014-06-10,1.5984741767031088
1578,2014-06-09,1.3853442864760275
1579,2014-06-08,1.3853442864760275
1580,2014-06-07,1.2787793413624868
1581,2014-06-06,1.3853442864760275
1582,2014-06-05,1.5984741767031088
1583,2014-06-04,1.7050391218166492
1584,2014-06-03,1.8116040669301896
1585,2014-06-02,1.5984741767031088
1586,2014-06-01,1.5984741767031088
1587,2014-05-31,1.5984741767031088
1588,2014-05-30,1.8116040669301896
1589,2014-05-29,1.8116040669301896
1590,2014-05-28,1.8116040669301896
1591,2014-05-27,1.7050391218166492
1592,2014-05-26,1.7050391218166492
1593,2014-05-25,1.7050391218166492
1594,2014-05-24,1.2787793413624868
1595,2014-05-23,1.5984741767031088
1596,2014-05-22,1.7050391218166492
1597,2014-05-21,1.5984741767031088
1598,2014-05-20,1.491909231589568
1599,2014-05-19,1.3853442864760275
1600,2014-05-18,1.2787793413624868
1601,2014-05-17,1.2787793413624868
1602,2014-05-16,1.491909231589568
1603,2014-05-15,1.491909231589568
1604,2014-05-14,1.3853442864760275
1605,2014-05-13,1.491909231589568
1606,2014-05-12,1.3853442864760275
1607,2014-05-11,1.2787793413624868
1608,2014-05-10,1.3853442864760275
1609,2014-05-09,1.491909231589568
1610,2014-05-08,1.491909231589568
1611,2014-05-07,1.491909231589568
1612,2014-05-06,1.5984741767031088
1613,2014-05-05,1.5984741767031088
1614,2014-05-04,1.3853442864760275
1615,2014-05-03,1.2787793413624868
1616,2014-05-02,1.491909231589568
1617,2014-05-01,1.8116040669301896
1618,2014-04-30,1.7050391218166492
1619,2014-04-29,1.5984741767031088
1620,2014-04-28,1.5984741767031088
1621,2014-04-27,1.491909231589568
1622,2014-04-26,1.491909231589568
1623,2014-04-25,1.8116040669301896
1624,2014-04-24,1.5984741767031088
1625,2014-04-23,1.7050391218166492
1626,2014-04-22,1.7050391218166492
1627,2014-04-21,1.7050391218166492
1628,2014-04-20,1.491909231589568
1629,2014-04-19,1.7050391218166492
1630,2014-04-18,1.7050391218166492
1631,2014-04-17,1.9181690120437305
1632,2014-04-16,2.1312989022708115
1633,2014-04-15,2.024733957157271
1634,2014-04-14,1.9181690120437305
1635,2014-04-13,1.8116040669301896
1636,2014-04-12,1.8116040669301896
1637,2014-04-11,2.237863847384352
1638,2014-04-10,2.4509937376114332
1639,2014-04-09,2.1312989022708115
1640,2014-04-08,1.8116040669301896
1641,2014-04-07,1.8116040669301896
1642,2014-04-06,1.7050391218166492
1643,2014-04-05,1.7050391218166492
1644,2014-04-04,2.024733957157271
1645,2014-04-03,2.237863847384352
1646,2014-04-02,2.237863847384352
1647,2014-04-01,2.1312989022708115
1648,2014-03-31,2.3444287924978924
1649,2014-03-30,2.237863847384352
1650,2014-03-29,2.024733957157271
1651,2014-03-28,2.5575586827249737
1652,2014-03-27,2.6641236278385145
1653,2014-03-26,2.877253518065596
1654,2014-03-25,2.770688572952055
1655,2014-03-24,2.237863847384352
1656,2014-03-23,2.024733957157271
1657,2014-03-22,2.237863847384352
1658,2014-03-21,3.0903834082926767
1659,2014-03-20,2.3444287924978924
1660,2014-03-19,2.3444287924978924
1661,2014-03-18,2.4509937376114332
1662,2014-03-17,2.3444287924978924
1663,2014-03-16,2.1312989022708115
1664,2014-03-15,2.1312989022708115
1665,2014-03-14,2.4509937376114332
1666,2014-03-13,2.6641236278385145
1667,2014-03-12,2.877253518065596
1668,2014-03-11,2.983818463179136
1669,2014-03-10,3.1969483534062175
1670,2014-03-09,3.4100782436332984
1671,2014-03-08,3.9429029692010014
1672,2014-03-07,8.312065718856166
1673,2014-03-06,6.820156487266597
1674,2014-03-05,4.582292639882245
1675,2014-03-04,4.049467914314542
1676,2014-03-03,3.72977307897392
1677,2014-03-02,3.9429029692010014
1678,2014-03-01,5.328247255677029
1679,2014-02-28,7.3529812128343
1680,2014-02-27,5.008552420336407
1681,2014-02-26,8.098935828629084
1682,2014-02-25,10.656494511354058
1683,2014-02-24,4.688857584995785
1684,2014-02-23,2.770688572952055
1685,2014-02-22,3.0903834082926767
1686,2014-02-21,3.623208133860379
1687,2014-02-20,4.049467914314542
1688,2014-02-19,3.623208133860379
1689,2014-02-18,3.623208133860379
1690,2014-02-17,3.4100782436332984
1691,2014-02-16,3.4100782436332984
1692,2014-02-15,3.3035132985197575
1693,2014-02-14,4.688857584995785
1694,2014-02-13,3.72977307897392
1695,2014-02-12,4.049467914314542
1696,2014-02-11,4.688857584995785
1697,2014-02-10,5.115117365449947
1698,2014-02-09,3.3035132985197575
1699,2014-02-08,3.5166431887468392
1700,2014-02-07,4.475727694768704
1701,2014-02-06,3.0903834082926767
1702,2014-02-05,3.0903834082926767
1703,2014-02-04,3.0903834082926767
1704,2014-02-03,2.770688572952055
1705,2014-02-02,2.877253518065596
1706,2014-02-01,2.983818463179136
1707,2014-01-31,3.0903834082926767
1708,2014-01-30,3.5166431887468392
1709,2014-01-29,3.836338024087461
1710,2014-01-28,5.115117365449947
1711,2014-01-27,4.582292639882245
1712,2014-01-26,3.3035132985197575
1713,2014-01-25,3.3035132985197575
1714,2014-01-24,3.9429029692010014
1715,2014-01-23,3.9429029692010014
1716,2014-01-22,4.475727694768704
1717,2014-01-21,4.262597804541623
1718,2014-01-20,3.836338024087461
1719,2014-01-19,3.1969483534062175
1720,2014-01-18,3.1969483534062175
1721,2014-01-17,4.369162749655163
1722,2014-01-16,4.262597804541623
1723,2014-01-15,3.72977307897392
1724,2014-01-14,3.623208133860379
1725,2014-01-13,3.6804749396640966
1726,2014-01-12,3.5490294061046646
1727,2014-01-11,3.6804749396640966
1728,2014-01-10,4.074811540342393
1729,2014-01-09,4.074811540342393
1730,2014-01-08,4.337702607461257
1731,2014-01-07,4.206257073901825
1732,2014-01-06,4.469148141020689
1733,2014-01-05,3.6804749396640966
1734,2014-01-04,3.286138338985801
1735,2014-01-03,3.6804749396640966
1736,2014-01-02,3.417583872545232
1737,2014-01-01,2.8918017383075045
1738,2013-12-31,3.286138338985801
1739,2013-12-30,3.417583872545232
1740,2013-12-29,3.154692805426369
1741,2013-12-28,3.5490294061046646
1742,2013-12-27,3.8119204732235286
1743,2013-12-26,3.6804749396640966
1744,2013-12-25,3.9433660067829606
1745,2013-12-24,4.074811540342393
1746,2013-12-23,4.337702607461257
1747,2013-12-22,4.732039208139553
1748,2013-12-21,4.600593674580121
1749,2013-12-20,5.1263758088178495
1750,2013-12-19,6.9666132786498975
1751,2013-12-18,9.989860550516834
1752,2013-12-17,5.783603476615009
1753,2013-12-16,5.520712409496144
1754,2013-12-15,5.1263758088178495
1755,2013-12-14,4.600593674580121
1756,2013-12-13,5.3892668759367135
1757,2013-12-12,5.3892668759367135
1758,2013-12-11,5.915049010174441
1759,2013-12-10,6.046494543733873
1760,2013-12-09,6.572276677971602
1761,2013-12-08,6.835167745090464
1762,2013-12-07,9.06974181560081
1763,2013-12-06,8.41251414780365
1764,2013-12-05,9.595523949838537
1765,2013-12-04,6.835167745090464
1766,2013-12-03,7.2295043457687616
1767,2013-12-02,8.281068614244218
1768,2013-12-01,7.7552864800064905
1769,2013-11-30,9.332632882719674
1770,2013-11-29,11.830098020348881
1771,2013-11-28,13.144553355943204
1772,2013-11-27,8.938296282041378
1773,2013-11-26,5.3892668759367135
1774,2013-11-25,5.1263758088178495
1775,2013-11-24,4.994930275258417
1776,2013-11-23,5.652157943055577
1777,2013-11-22,6.1779400772933055
1778,2013-11-21,5.915049010174441
1779,2013-11-20,7.7552864800064905
1780,2013-11-19,11.435761419670587
1781,2013-11-18,7.7552864800064905
1782,2013-11-17,3.5490294061046646
1783,2013-11-16,3.154692805426369
1784,2013-11-15,3.286138338985801
1785,2013-11-14,3.5490294061046646
1786,2013-11-13,3.154692805426369
1787,2013-11-12,2.8918017383075045
1788,2013-11-11,2.6289106711886405
1789,2013-11-10,3.0232472718669365
1790,2013-11-09,3.417583872545232
1791,2013-11-08,3.5490294061046646
1792,2013-11-07,3.417583872545232
1793,2013-11-06,2.8918017383075045
1794,2013-11-05,2.4974651376292085
1795,2013-11-04,2.3660196040697765
1796,2013-11-03,1.9716830033914803
1797,2013-11-02,2.1031285369509125
1798,2013-11-01,2.6289106711886405
1799,2013-10-31,3.5490294061046646
1800,2013-10-30,5.1263758088178495
1801,2013-10-29,3.286138338985801
1802,2013-10-28,1.5773464027131845
1803,2013-10-27,1.4459008691537523
1804,2013-10-26,1.5773464027131845
1805,2013-10-25,1.1830098020348883
1806,2013-10-24,1.3144553355943203
1807,2013-10-23,1.3144553355943203
1808,2013-10-22,1.3144553355943203
1809,2013-10-21,1.0515642684754563
1810,2013-10-20,0.9201187349160241
1811,2013-10-19,1.0515642684754563
1812,2013-10-18,1.0515642684754563
1813,2013-10-17,1.0515642684754563
1814,2013-10-16,1.0515642684754563
1815,2013-10-15,0.9201187349160241
1816,2013-10-14,0.7886732013565922
1817,2013-10-13,0.7886732013565922
1818,2013-10-12,0.7886732013565922
1819,2013-10-11,0.7886732013565922
1820,2013-10-10,0.9201187349160241
1821,2013-10-09,1.0515642684754563
1822,2013-10-08,1.1830098020348883
1823,2013-10-07,1.1830098020348883
1824,2013-10-06,1.1830098020348883
1825,2013-10-05,1.3144553355943203
1826,2013-10-04,1.8402374698320483
1827,2013-10-03,2.760356204748072
1828,2013-10-02,1.8402374698320483
1829,2013-10-01,0.6572276677971601
1830,2013-09-30,0.7886732013565922
1831,2013-09-29,0.6572276677971601
1832,2013-09-28,0.6572276677971601
1833,2013-09-27,0.6572276677971601
1834,2013-09-26,0.7886732013565922
1835,2013-09-25,0.7886732013565922
1836,2013-09-24,0.9201187349160241
1837,2013-09-23,0.9201187349160241
1838,2013-09-22,0.7886732013565922
1839,2013-09-21,0.7886732013565922
1840,2013-09-20,0.9201187349160241
1841,2013-09-19,0.7886732013565922
1842,2013-09-18,0.7886732013565922
1843,2013-09-17,0.7886732013565922
1844,2013-09-16,0.7886732013565922
1845,2013-09-15,0.7886732013565922
1846,2013-09-14,0.6572276677971601
1847,2013-09-13,0.6572276677971601
1848,2013-09-12,0.7886732013565922
1849,2013-09-11,0.7886732013565922
1850,2013-09-10,0.7886732013565922
1851,2013-09-09,0.9201187349160241
1852,2013-09-08,0.7886732013565922
1853,2013-09-07,0.7886732013565922
1854,2013-09-06,0.7886732013565922
1855,2013-09-05,0.7886732013565922
1856,2013-09-04,0.7886732013565922
1857,2013-09-03,0.9201187349160241
1858,2013-09-02,0.7886732013565922
1859,2013-09-01,0.7886732013565922
1860,2013-08-31,0.9201187349160241
1861,2013-08-30,0.9201187349160241
1862,2013-08-29,0.9201187349160241
1863,2013-08-28,1.0515642684754563
1864,2013-08-27,1.0515642684754563
1865,2013-08-26,0.7886732013565922
1866,2013-08-25,1.0515642684754563
1867,2013-08-24,0.9201187349160241
1868,2013-08-23,0.9201187349160241
1869,2013-08-22,1.1830098020348883
1870,2013-08-21,1.3144553355943203
1871,2013-08-20,1.1830098020348883
1872,2013-08-19,1.1830098020348883
1873,2013-08-18,1.0515642684754563
1874,2013-08-17,0.9201187349160241
1875,2013-08-16,1.0480161006291433
1876,2013-08-15,0.9315698672259052
1877,2013-08-14,1.2809085674356195
1878,2013-08-13,1.0480161006291433
1879,2013-08-12,1.0480161006291433
1880,2013-08-11,0.8151236338226671
1881,2013-08-10,0.8151236338226671
1882,2013-08-09,0.8151236338226671
1883,2013-08-08,0.9315698672259052
1884,2013-08-07,0.8151236338226671
1885,2013-08-06,0.8151236338226671
1886,2013-08-05,0.8151236338226671
1887,2013-08-04,0.9315698672259052
1888,2013-08-03,0.8151236338226671
1889,2013-08-02,0.8151236338226671
1890,2013-08-01,0.9315698672259052
1891,2013-07-31,1.0480161006291433
1892,2013-07-30,1.0480161006291433
1893,2013-07-29,0.8151236338226671
1894,2013-07-28,0.8151236338226671
1895,2013-07-27,0.6986774004194288
1896,2013-07-26,0.8151236338226671
1897,2013-07-25,0.8151236338226671
1898,2013-07-24,0.9315698672259052
1899,2013-07-23,0.9315698672259052
1900,2013-07-22,0.8151236338226671
1901,2013-07-21,0.6986774004194288
1902,2013-07-20,0.6986774004194288
1903,2013-07-19,0.8151236338226671
1904,2013-07-18,0.8151236338226671
1905,2013-07-17,0.8151236338226671
1906,2013-07-16,0.8151236338226671
1907,2013-07-15,0.8151236338226671
1908,2013-07-14,0.6986774004194288
1909,2013-07-13,0.8151236338226671
1910,2013-07-12,0.9315698672259052
1911,2013-07-11,0.9315698672259052
1912,2013-07-10,0.9315698672259052
1913,2013-07-09,0.9315698672259052
1914,2013-07-08,0.9315698672259052
1915,2013-07-07,1.0480161006291433
1916,2013-07-06,1.0480161006291433
1917,2013-07-05,1.0480161006291433
1918,2013-07-04,1.1644623340323814
1919,2013-07-03,1.3973548008388577
1920,2013-07-02,1.7466935010485722
1921,2013-07-01,1.0480161006291433
1922,2013-06-30,1.1644623340323814
1923,2013-06-29,0.9315698672259052
1924,2013-06-28,0.9315698672259052
1925,2013-06-27,1.0480161006291433
1926,2013-06-26,0.9315698672259052
1927,2013-06-25,0.9315698672259052
1928,2013-06-24,1.0480161006291433
1929,2013-06-23,0.9315698672259052
1930,2013-06-22,0.8151236338226671
1931,2013-06-21,0.8151236338226671
1932,2013-06-20,0.9315698672259052
1933,2013-06-19,0.9315698672259052
1934,2013-06-18,0.9315698672259052
1935,2013-06-17,0.8151236338226671
1936,2013-06-16,0.8151236338226671
1937,2013-06-15,0.9315698672259052
1938,2013-06-14,0.9315698672259052
1939,2013-06-13,0.9315698672259052
1940,2013-06-12,1.1644623340323814
1941,2013-06-11,1.1644623340323814
1942,2013-06-10,1.0480161006291433
1943,2013-06-09,1.1644623340323814
1944,2013-06-08,0.9315698672259052
1945,2013-06-07,1.0480161006291433
1946,2013-06-06,1.0480161006291433
1947,2013-06-05,1.0480161006291433
1948,2013-06-04,1.0480161006291433
1949,2013-06-03,1.1644623340323814
1950,2013-06-02,1.1644623340323814
1951,2013-06-01,1.0480161006291433
1952,2013-05-31,1.1644623340323814
1953,2013-05-30,1.2809085674356195
1954,2013-05-29,1.3973548008388577
1955,2013-05-28,1.3973548008388577
1956,2013-05-27,1.1644623340323814
1957,2013-05-26,1.0480161006291433
1958,2013-05-25,1.0480161006291433
1959,2013-05-24,1.2809085674356195
1960,2013-05-23,1.1644623340323814
1961,2013-05-22,1.2809085674356195
1962,2013-05-21,1.2809085674356195
1963,2013-05-20,1.5138010342420958
1964,2013-05-19,1.6302472676453341
1965,2013-05-18,1.2809085674356195
1966,2013-05-17,1.5138010342420958
1967,2013-05-16,1.5138010342420958
1968,2013-05-15,1.6302472676453341
1969,2013-05-14,1.3973548008388577
1970,2013-05-13,1.5138010342420958
1971,2013-05-12,1.3973548008388577
1972,2013-05-11,1.2809085674356195
1973,2013-05-10,1.3973548008388577
1974,2013-05-09,1.5138010342420958
1975,2013-05-08,1.3973548008388577
1976,2013-05-07,1.6302472676453341
1977,2013-05-06,1.7466935010485722
1978,2013-05-05,1.7466935010485722
1979,2013-05-04,1.7466935010485722
1980,2013-05-03,2.2124784346615245
1981,2013-05-02,2.0960322012582866
1982,2013-05-01,2.0960322012582866
1983,2013-04-30,1.6302472676453341
1984,2013-04-29,1.7466935010485722
1985,2013-04-28,1.9795859678550483
