,Date,transactions
0,2013-04-28,40986.0
1,2013-04-29,40986.0
2,2013-04-30,48795.0
3,2013-05-01,48795.0
4,2013-05-02,57278.0
5,2013-05-03,57278.0
6,2013-05-04,48349.0
7,2013-05-05,48349.0
8,2013-05-06,51244.0
9,2013-05-07,51244.0
10,2013-05-08,47359.0
11,2013-05-09,47359.0
12,2013-05-10,67937.0
13,2013-05-11,67937.0
14,2013-05-12,69320.0
15,2013-05-13,69320.0
16,2013-05-14,63287.0
17,2013-05-15,63287.0
18,2013-05-16,60543.0
19,2013-05-17,60543.0
20,2013-05-18,51982.0
21,2013-05-19,51982.0
22,2013-05-20,50093.0
23,2013-05-21,50093.0
24,2013-05-22,53981.0
25,2013-05-23,53981.0
26,2013-05-24,55106.0
27,2013-05-25,55106.0
28,2013-05-26,39879.0
29,2013-05-27,39879.0
30,2013-05-28,55138.0
31,2013-05-29,55138.0
32,2013-05-30,57170.0
33,2013-05-31,57170.0
34,2013-06-01,52390.0
35,2013-06-02,52390.0
36,2013-06-03,52048.0
37,2013-06-04,52048.0
38,2013-06-05,54947.0
39,2013-06-06,54947.0
40,2013-06-07,54331.0
41,2013-06-08,54331.0
42,2013-06-09,46237.0
43,2013-06-10,46237.0
44,2013-06-11,51208.0
45,2013-06-12,51208.0
46,2013-06-13,43302.0
47,2013-06-14,43302.0
48,2013-06-15,41531.0
49,2013-06-16,41531.0
50,2013-06-17,43399.0
51,2013-06-18,43399.0
52,2013-06-19,46903.0
53,2013-06-20,46903.0
54,2013-06-21,52994.0
55,2013-06-22,52994.0
56,2013-06-23,40634.0
57,2013-06-24,40634.0
58,2013-06-25,45588.0
59,2013-06-26,45588.0
60,2013-06-27,46797.0
61,2013-06-28,46797.0
62,2013-06-29,38973.0
63,2013-06-30,38973.0
64,2013-07-01,34053.0
65,2013-07-02,34053.0
66,2013-07-03,35351.0
67,2013-07-04,35351.0
68,2013-07-05,36291.0
69,2013-07-06,36291.0
70,2013-07-07,28865.0
71,2013-07-08,28865.0
72,2013-07-09,41777.0
73,2013-07-10,41777.0
74,2013-07-11,41040.0
75,2013-07-12,41040.0
76,2013-07-13,40313.0
77,2013-07-14,40313.0
78,2013-07-15,36738.0
79,2013-07-16,36738.0
80,2013-07-17,39565.0
81,2013-07-18,39565.0
82,2013-07-19,38020.0
83,2013-07-20,38020.0
84,2013-07-21,36884.0
85,2013-07-22,36884.0
86,2013-07-23,39644.0
87,2013-07-24,39644.0
88,2013-07-25,42304.0
89,2013-07-26,42304.0
90,2013-07-27,35987.0
91,2013-07-28,35987.0
92,2013-07-29,44260.0
93,2013-07-30,44260.0
94,2013-07-31,51919.0
95,2013-08-01,51919.0
96,2013-08-02,53174.0
97,2013-08-03,53174.0
98,2013-08-04,44605.0
99,2013-08-05,44605.0
100,2013-08-06,52260.0
101,2013-08-07,52260.0
102,2013-08-08,57036.0
103,2013-08-09,57036.0
104,2013-08-10,52040.0
105,2013-08-11,52040.0
106,2013-08-12,45811.0
107,2013-08-13,45811.0
108,2013-08-14,50484.0
109,2013-08-15,50484.0
110,2013-08-16,68301.0
111,2013-08-17,68301.0
112,2013-08-18,53134.0
113,2013-08-19,53134.0
114,2013-08-20,66539.0
115,2013-08-21,66539.0
116,2013-08-22,62772.0
117,2013-08-23,62772.0
118,2013-08-24,51085.0
119,2013-08-25,51085.0
120,2013-08-26,53528.0
121,2013-08-27,53528.0
122,2013-08-28,63645.0
123,2013-08-29,63645.0
124,2013-08-30,60716.0
125,2013-08-31,60716.0
126,2013-09-01,45578.0
127,2013-09-02,45578.0
128,2013-09-03,50503.0
129,2013-09-04,50503.0
130,2013-09-05,60222.0
131,2013-09-06,60222.0
132,2013-09-07,54231.0
133,2013-09-08,54231.0
134,2013-09-09,54966.0
135,2013-09-10,54966.0
136,2013-09-11,49512.0
137,2013-09-12,49512.0
138,2013-09-13,48362.0
139,2013-09-14,48362.0
140,2013-09-15,46764.0
141,2013-09-16,46764.0
142,2013-09-17,66291.0
143,2013-09-18,66291.0
144,2013-09-19,59004.0
145,2013-09-20,59004.0
146,2013-09-21,53286.0
147,2013-09-22,53286.0
148,2013-09-23,60286.0
149,2013-09-24,60286.0
150,2013-09-25,58150.0
151,2013-09-26,58150.0
152,2013-09-27,50429.0
153,2013-09-28,50429.0
154,2013-09-29,41741.0
155,2013-09-30,41741.0
156,2013-10-01,55320.0
157,2013-10-02,55320.0
158,2013-10-03,61708.0
159,2013-10-04,61708.0
160,2013-10-05,47895.0
161,2013-10-06,47895.0
162,2013-10-07,43235.0
163,2013-10-08,43235.0
164,2013-10-09,46991.0
165,2013-10-10,46991.0
166,2013-10-11,54449.0
167,2013-10-12,54449.0
168,2013-10-13,51248.0
169,2013-10-14,51248.0
170,2013-10-15,57320.0
171,2013-10-16,57320.0
172,2013-10-17,45193.0
173,2013-10-18,45193.0
174,2013-10-19,54639.0
175,2013-10-20,54639.0
176,2013-10-21,58142.0
177,2013-10-22,58142.0
178,2013-10-23,54572.0
179,2013-10-24,54572.0
180,2013-10-25,59853.0
181,2013-10-26,59853.0
182,2013-10-27,44388.0
183,2013-10-28,44388.0
184,2013-10-29,51237.0
185,2013-10-30,51237.0
186,2013-10-31,56476.0
187,2013-11-01,56476.0
188,2013-11-02,41179.0
189,2013-11-03,41179.0
190,2013-11-04,42094.0
191,2013-11-05,42094.0
192,2013-11-06,55035.0
193,2013-11-07,55035.0
194,2013-11-08,59961.0
195,2013-11-09,59961.0
196,2013-11-10,57169.0
197,2013-11-11,57169.0
198,2013-11-12,58510.0
199,2013-11-13,58510.0
200,2013-11-14,70175.0
201,2013-11-15,70175.0
202,2013-11-16,51595.0
203,2013-11-17,51595.0
204,2013-11-18,73198.0
205,2013-11-19,73198.0
206,2013-11-20,77962.0
207,2013-11-21,77962.0
208,2013-11-22,76646.0
209,2013-11-23,76646.0
210,2013-11-24,60018.0
211,2013-11-25,60018.0
212,2013-11-26,80055.0
213,2013-11-27,80055.0
214,2013-11-28,102010.0
215,2013-11-29,102010.0
216,2013-11-30,80868.0
217,2013-12-01,80868.0
218,2013-12-02,74324.0
219,2013-12-03,74324.0
220,2013-12-04,79738.0
221,2013-12-05,79738.0
222,2013-12-06,71277.0
223,2013-12-07,71277.0
224,2013-12-08,49174.0
225,2013-12-09,49174.0
226,2013-12-10,67874.0
227,2013-12-11,67874.0
228,2013-12-12,59677.0
229,2013-12-13,59677.0
230,2013-12-14,55858.0
231,2013-12-15,55858.0
232,2013-12-16,63090.0
233,2013-12-17,63090.0
234,2013-12-18,81656.0
235,2013-12-19,81656.0
236,2013-12-20,69475.0
237,2013-12-21,69475.0
238,2013-12-22,51543.0
239,2013-12-23,51543.0
240,2013-12-24,56872.0
241,2013-12-25,56872.0
242,2013-12-26,48575.0
243,2013-12-27,48575.0
244,2013-12-28,47777.0
245,2013-12-29,47777.0
246,2013-12-30,56501.0
247,2013-12-31,56501.0
248,2014-01-01,41476.0
249,2014-01-02,41476.0
250,2014-01-03,63821.0
251,2014-01-04,63821.0
252,2014-01-05,55761.0
253,2014-01-06,55761.0
254,2014-01-07,62126.0
255,2014-01-08,62126.0
256,2014-01-09,58365.0
257,2014-01-10,58365.0
258,2014-01-11,56464.0
259,2014-01-12,56464.0
260,2014-01-13,54756.0
261,2014-01-14,54756.0
262,2014-01-15,60392.0
263,2014-01-16,60392.0
264,2014-01-17,58397.0
265,2014-01-18,58397.0
266,2014-01-19,49224.0
267,2014-01-20,49224.0
268,2014-01-21,71521.0
269,2014-01-22,71521.0
270,2014-01-23,63527.0
271,2014-01-24,63527.0
272,2014-01-25,55371.0
273,2014-01-26,55371.0
274,2014-01-27,60746.0
275,2014-01-28,60746.0
276,2014-01-29,61786.0
277,2014-01-30,61786.0
278,2014-01-31,61999.0
279,2014-02-01,61999.0
280,2014-02-02,50400.0
281,2014-02-03,50400.0
282,2014-02-04,65812.0
283,2014-02-05,65812.0
284,2014-02-06,69721.0
285,2014-02-07,69721.0
286,2014-02-08,64069.0
287,2014-02-09,64069.0
288,2014-02-10,67622.0
289,2014-02-11,67622.0
290,2014-02-12,62805.0
291,2014-02-13,62805.0
292,2014-02-14,76660.0
293,2014-02-15,76660.0
294,2014-02-16,56785.0
295,2014-02-17,56785.0
296,2014-02-18,68333.0
297,2014-02-19,68333.0
298,2014-02-20,71666.0
299,2014-02-21,71666.0
300,2014-02-22,59691.0
301,2014-02-23,59691.0
302,2014-02-24,68496.0
303,2014-02-25,68496.0
304,2014-02-26,71527.0
305,2014-02-27,71527.0
306,2014-02-28,71658.0
307,2014-03-01,71658.0
308,2014-03-02,59067.0
309,2014-03-03,59067.0
310,2014-03-04,85916.0
311,2014-03-05,85916.0
312,2014-03-06,71619.0
313,2014-03-07,71619.0
314,2014-03-08,71019.0
315,2014-03-09,71019.0
316,2014-03-10,66786.0
317,2014-03-11,66786.0
318,2014-03-12,76019.0
319,2014-03-13,76019.0
320,2014-03-14,68735.0
321,2014-03-15,68735.0
322,2014-03-16,58730.0
323,2014-03-17,58730.0
324,2014-03-18,57881.0
325,2014-03-19,57881.0
326,2014-03-20,72117.0
327,2014-03-21,72117.0
328,2014-03-22,69139.0
329,2014-03-23,69139.0
330,2014-03-24,67382.0
331,2014-03-25,67382.0
332,2014-03-26,69897.0
333,2014-03-27,69897.0
334,2014-03-28,69155.0
335,2014-03-29,69155.0
336,2014-03-30,55333.0
337,2014-03-31,55333.0
338,2014-04-01,64692.0
339,2014-04-02,64692.0
340,2014-04-03,67292.0
341,2014-04-04,67292.0
342,2014-04-05,59610.0
343,2014-04-06,59610.0
344,2014-04-07,62222.0
345,2014-04-08,62222.0
346,2014-04-09,64278.0
347,2014-04-10,64278.0
348,2014-04-11,66874.0
349,2014-04-12,66874.0
350,2014-04-13,49420.0
351,2014-04-14,49420.0
352,2014-04-15,74882.0
353,2014-04-16,74882.0
354,2014-04-17,67212.0
355,2014-04-18,67212.0
356,2014-04-19,56685.0
357,2014-04-20,56685.0
358,2014-04-21,57961.0
359,2014-04-22,57961.0
360,2014-04-23,72147.0
361,2014-04-24,72147.0
362,2014-04-25,78038.0
363,2014-04-26,78038.0
364,2014-04-27,50392.0
365,2014-04-28,50392.0
366,2014-04-29,64207.0
367,2014-04-30,64207.0
368,2014-05-01,60910.0
369,2014-05-02,60910.0
370,2014-05-03,56112.0
371,2014-05-04,56112.0
372,2014-05-05,63433.0
373,2014-05-06,63433.0
374,2014-05-07,70424.0
375,2014-05-08,70424.0
376,2014-05-09,67693.0
377,2014-05-10,67693.0
378,2014-05-11,51666.0
379,2014-05-12,51666.0
380,2014-05-13,70672.0
381,2014-05-14,70672.0
382,2014-05-15,72761.0
383,2014-05-16,72761.0
384,2014-05-17,55577.0
385,2014-05-18,55577.0
386,2014-05-19,60368.0
387,2014-05-20,60368.0
388,2014-05-21,71120.0
389,2014-05-22,71120.0
390,2014-05-23,74593.0
391,2014-05-24,74593.0
392,2014-05-25,53928.0
393,2014-05-26,53928.0
394,2014-05-27,67040.0
395,2014-05-28,67040.0
396,2014-05-29,65930.0
397,2014-05-30,65930.0
398,2014-05-31,55166.0
399,2014-06-01,55166.0
400,2014-06-02,61179.0
401,2014-06-03,61179.0
402,2014-06-04,66435.0
403,2014-06-05,66435.0
404,2014-06-06,64859.0
405,2014-06-07,64859.0
406,2014-06-08,47730.0
407,2014-06-09,47730.0
408,2014-06-10,65460.0
409,2014-06-11,65460.0
410,2014-06-12,61583.0
411,2014-06-13,61583.0
412,2014-06-14,58961.0
413,2014-06-15,58961.0
414,2014-06-16,65347.0
415,2014-06-17,65347.0
416,2014-06-18,66992.0
417,2014-06-19,66992.0
418,2014-06-20,59884.0
419,2014-06-21,59884.0
420,2014-06-22,50429.0
421,2014-06-23,50429.0
422,2014-06-24,64766.0
423,2014-06-25,64766.0
424,2014-06-26,62354.0
425,2014-06-27,62354.0
426,2014-06-28,56883.0
427,2014-06-29,56883.0
428,2014-06-30,62009.0
429,2014-07-01,62009.0
430,2014-07-02,67724.0
431,2014-07-03,67724.0
432,2014-07-04,61901.0
433,2014-07-05,61901.0
434,2014-07-06,53366.0
435,2014-07-07,53366.0
436,2014-07-08,70042.0
437,2014-07-09,70042.0
438,2014-07-10,64146.0
439,2014-07-11,64146.0
440,2014-07-12,54181.0
441,2014-07-13,54181.0
442,2014-07-14,59877.0
443,2014-07-15,59877.0
444,2014-07-16,67767.0
445,2014-07-17,67767.0
446,2014-07-18,62427.0
447,2014-07-19,62427.0
448,2014-07-20,54742.0
449,2014-07-21,54742.0
450,2014-07-22,66921.0
451,2014-07-23,66921.0
452,2014-07-24,64815.0
453,2014-07-25,64815.0
454,2014-07-26,57528.0
455,2014-07-27,57528.0
456,2014-07-28,59561.0
457,2014-07-29,59561.0
458,2014-07-30,64442.0
459,2014-07-31,64442.0
460,2014-08-01,69283.0
461,2014-08-02,69283.0
462,2014-08-03,52550.0
463,2014-08-04,52550.0
464,2014-08-05,72928.0
465,2014-08-06,72928.0
466,2014-08-07,70732.0
467,2014-08-08,70732.0
468,2014-08-09,62960.0
469,2014-08-10,62960.0
470,2014-08-11,70184.0
471,2014-08-12,70184.0
472,2014-08-13,75011.0
473,2014-08-14,75011.0
474,2014-08-15,69698.0
475,2014-08-16,69698.0
476,2014-08-17,59319.0
477,2014-08-18,59319.0
478,2014-08-19,75458.0
479,2014-08-20,75458.0
480,2014-08-21,75470.0
481,2014-08-22,75470.0
482,2014-08-23,60189.0
483,2014-08-24,60189.0
484,2014-08-25,66411.0
485,2014-08-26,66411.0
486,2014-08-27,74318.0
487,2014-08-28,74318.0
488,2014-08-29,67664.0
489,2014-08-30,67664.0
490,2014-08-31,59751.0
491,2014-09-01,59751.0
492,2014-09-02,71539.0
493,2014-09-03,71539.0
494,2014-09-04,70940.0
495,2014-09-05,70940.0
496,2014-09-06,67529.0
497,2014-09-07,67529.0
498,2014-09-08,71754.0
499,2014-09-09,71754.0
500,2014-09-10,76417.0
501,2014-09-11,76417.0
502,2014-09-12,66303.0
503,2014-09-13,66303.0
504,2014-09-14,66033.0
505,2014-09-15,66033.0
506,2014-09-16,89326.0
507,2014-09-17,89326.0
508,2014-09-18,79754.0
509,2014-09-19,79754.0
510,2014-09-20,62315.0
511,2014-09-21,62315.0
512,2014-09-22,68526.0
513,2014-09-23,68526.0
514,2014-09-24,81104.0
515,2014-09-25,81104.0
516,2014-09-26,73278.0
517,2014-09-27,73278.0
518,2014-09-28,62200.0
519,2014-09-29,62200.0
520,2014-09-30,78590.0
521,2014-10-01,78590.0
522,2014-10-02,74630.0
523,2014-10-03,74630.0
524,2014-10-04,70430.0
525,2014-10-05,70430.0
526,2014-10-06,75126.0
527,2014-10-07,75126.0
528,2014-10-08,80324.0
529,2014-10-09,80324.0
530,2014-10-10,84811.0
531,2014-10-11,84811.0
532,2014-10-12,63946.0
533,2014-10-13,63946.0
534,2014-10-14,81491.0
535,2014-10-15,81491.0
536,2014-10-16,74010.0
537,2014-10-17,74010.0
538,2014-10-18,69474.0
539,2014-10-19,69474.0
540,2014-10-20,78443.0
541,2014-10-21,78443.0
542,2014-10-22,79546.0
543,2014-10-23,79546.0
544,2014-10-24,81643.0
545,2014-10-25,81643.0
546,2014-10-26,70537.0
547,2014-10-27,70537.0
548,2014-10-28,88600.0
549,2014-10-29,88600.0
550,2014-10-30,93338.0
551,2014-10-31,93338.0
552,2014-11-01,74548.0
553,2014-11-02,74548.0
554,2014-11-03,84522.0
555,2014-11-04,84522.0
556,2014-11-05,89249.0
557,2014-11-06,89249.0
558,2014-11-07,89542.0
559,2014-11-08,89542.0
560,2014-11-09,72217.0
561,2014-11-10,72217.0
562,2014-11-11,87338.0
563,2014-11-12,87338.0
564,2014-11-13,100117.0
565,2014-11-14,100117.0
566,2014-11-15,74831.0
567,2014-11-16,74831.0
568,2014-11-17,85201.0
569,2014-11-18,85201.0
570,2014-11-19,87321.0
571,2014-11-20,87321.0
572,2014-11-21,86577.0
573,2014-11-22,86577.0
574,2014-11-23,75041.0
575,2014-11-24,75041.0
576,2014-11-25,82813.0
577,2014-11-26,82813.0
578,2014-11-27,82979.0
579,2014-11-28,82979.0
580,2014-11-29,81452.0
581,2014-11-30,81452.0
582,2014-12-01,95220.0
583,2014-12-02,95220.0
584,2014-12-03,97296.0
585,2014-12-04,97296.0
586,2014-12-05,92900.0
587,2014-12-06,92900.0
588,2014-12-07,77357.0
589,2014-12-08,77357.0
590,2014-12-09,89587.0
591,2014-12-10,89587.0
592,2014-12-11,85829.0
593,2014-12-12,85829.0
594,2014-12-13,79512.0
595,2014-12-14,79512.0
596,2014-12-15,95727.0
597,2014-12-16,95727.0
598,2014-12-17,93704.0
599,2014-12-18,93704.0
600,2014-12-19,92052.0
601,2014-12-20,92052.0
602,2014-12-21,80829.0
603,2014-12-22,80829.0
604,2014-12-23,99770.0
605,2014-12-24,99770.0
606,2014-12-25,70684.0
607,2014-12-26,70684.0
608,2014-12-27,78776.0
609,2014-12-28,78776.0
610,2014-12-29,79812.0
611,2014-12-30,79812.0
612,2014-12-31,83768.0
613,2015-01-01,83768.0
614,2015-01-02,72234.0
615,2015-01-03,72234.0
616,2015-01-04,85570.0
617,2015-01-05,85570.0
618,2015-01-06,87160.0
619,2015-01-07,87160.0
620,2015-01-08,99126.0
621,2015-01-09,99126.0
622,2015-01-10,105895.0
623,2015-01-11,105895.0
624,2015-01-12,98185.0
625,2015-01-13,98185.0
626,2015-01-14,104481.0
627,2015-01-15,104481.0
628,2015-01-16,112530.0
629,2015-01-17,112530.0
630,2015-01-18,87047.0
631,2015-01-19,87047.0
632,2015-01-20,98890.0
633,2015-01-21,98890.0
634,2015-01-22,94979.0
635,2015-01-23,94979.0
636,2015-01-24,89630.0
637,2015-01-25,89630.0
638,2015-01-26,105423.0
639,2015-01-27,105423.0
640,2015-01-28,89287.0
641,2015-01-29,89287.0
642,2015-01-30,86360.0
643,2015-01-31,86360.0
644,2015-02-01,79193.0
645,2015-02-02,79193.0
646,2015-02-03,93499.0
647,2015-02-04,93499.0
648,2015-02-05,90028.0
649,2015-02-06,90028.0
650,2015-02-07,86207.0
651,2015-02-08,86207.0
652,2015-02-09,95860.0
653,2015-02-10,95860.0
654,2015-02-11,98701.0
655,2015-02-12,98701.0
656,2015-02-13,107390.0
657,2015-02-14,107390.0
658,2015-02-15,85355.0
659,2015-02-16,85355.0
660,2015-02-17,98899.0
661,2015-02-18,98899.0
662,2015-02-19,96005.0
663,2015-02-20,96005.0
664,2015-02-21,92541.0
665,2015-02-22,92541.0
666,2015-02-23,96936.0
667,2015-02-24,96936.0
668,2015-02-25,104785.0
669,2015-02-26,104785.0
670,2015-02-27,103395.0
671,2015-02-28,103395.0
672,2015-03-01,86274.0
673,2015-03-02,86274.0
674,2015-03-03,109142.0
675,2015-03-04,109142.0
676,2015-03-05,96611.0
677,2015-03-06,96611.0
678,2015-03-07,94270.0
679,2015-03-08,94270.0
680,2015-03-09,96449.0
681,2015-03-10,96449.0
682,2015-03-11,102856.0
683,2015-03-12,102856.0
684,2015-03-13,96745.0
685,2015-03-14,96745.0
686,2015-03-15,84477.0
687,2015-03-16,84477.0
688,2015-03-17,104238.0
689,2015-03-18,104238.0
690,2015-03-19,102414.0
691,2015-03-20,102414.0
692,2015-03-21,100458.0
693,2015-03-22,100458.0
694,2015-03-23,106330.0
695,2015-03-24,106330.0
696,2015-03-25,93930.0
697,2015-03-26,93930.0
698,2015-03-27,106302.0
699,2015-03-28,106302.0
700,2015-03-29,87456.0
701,2015-03-30,87456.0
702,2015-03-31,105294.0
703,2015-04-01,105294.0
704,2015-04-02,115686.0
705,2015-04-03,115686.0
706,2015-04-04,94152.0
707,2015-04-05,94152.0
708,2015-04-06,100949.0
709,2015-04-07,100949.0
710,2015-04-08,108047.0
711,2015-04-09,108047.0
712,2015-04-10,114091.0
713,2015-04-11,114091.0
714,2015-04-12,88884.0
715,2015-04-13,88884.0
716,2015-04-14,113372.0
717,2015-04-15,113372.0
718,2015-04-16,104063.0
719,2015-04-17,104063.0
720,2015-04-18,100484.0
721,2015-04-19,100484.0
722,2015-04-20,115128.0
723,2015-04-21,115128.0
724,2015-04-22,113657.0
725,2015-04-23,113657.0
726,2015-04-24,110568.0
727,2015-04-25,110568.0
728,2015-04-26,93761.0
729,2015-04-27,93761.0
730,2015-04-28,112434.0
731,2015-04-29,112434.0
732,2015-04-30,114070.0
733,2015-05-01,114070.0
734,2015-05-02,96416.0
735,2015-05-03,96416.0
736,2015-05-04,94120.0
737,2015-05-05,94120.0
738,2015-05-06,113496.0
739,2015-05-07,113496.0
740,2015-05-08,108365.0
741,2015-05-09,108365.0
742,2015-05-10,90054.0
743,2015-05-11,90054.0
744,2015-05-12,114424.0
745,2015-05-13,114424.0
746,2015-05-14,101228.0
747,2015-05-15,101228.0
748,2015-05-16,93025.0
749,2015-05-17,93025.0
750,2015-05-18,97915.0
751,2015-05-19,97915.0
752,2015-05-20,107683.0
753,2015-05-21,107683.0
754,2015-05-22,100591.0
755,2015-05-23,100591.0
756,2015-05-24,87996.0
757,2015-05-25,87996.0
758,2015-05-26,106971.0
759,2015-05-27,106971.0
760,2015-05-28,109786.0
761,2015-05-29,109786.0
762,2015-05-30,132907.0
763,2015-05-31,132907.0
764,2015-06-01,116959.0
765,2015-06-02,116959.0
766,2015-06-03,125399.0
767,2015-06-04,125399.0
768,2015-06-05,109700.0
769,2015-06-06,109700.0
770,2015-06-07,88440.0
771,2015-06-08,88440.0
772,2015-06-09,115633.0
773,2015-06-10,115633.0
774,2015-06-11,125147.0
775,2015-06-12,125147.0
776,2015-06-13,112813.0
777,2015-06-14,112813.0
778,2015-06-15,122279.0
779,2015-06-16,122279.0
780,2015-06-17,133747.0
781,2015-06-18,133747.0
782,2015-06-19,125430.0
783,2015-06-20,125430.0
784,2015-06-21,91203.0
785,2015-06-22,91203.0
786,2015-06-23,128795.0
787,2015-06-24,128795.0
788,2015-06-25,113329.0
789,2015-06-26,113329.0
790,2015-06-27,108876.0
791,2015-06-28,108876.0
792,2015-06-29,117119.0
793,2015-06-30,117119.0
794,2015-07-01,150917.0
795,2015-07-02,150917.0
796,2015-07-03,138811.0
797,2015-07-04,138811.0
798,2015-07-05,101714.0
799,2015-07-06,101714.0
800,2015-07-07,201921.0
801,2015-07-08,201921.0
802,2015-07-09,187202.0
803,2015-07-10,187202.0
804,2015-07-11,171652.0
805,2015-07-12,171652.0
806,2015-07-13,176542.0
807,2015-07-14,176542.0
808,2015-07-15,122340.0
809,2015-07-16,122340.0
810,2015-07-17,118048.0
811,2015-07-18,118048.0
812,2015-07-19,134643.0
813,2015-07-20,134643.0
814,2015-07-21,123367.0
815,2015-07-22,123367.0
816,2015-07-23,111582.0
817,2015-07-24,111582.0
818,2015-07-25,106038.0
819,2015-07-26,106038.0
820,2015-07-27,111331.0
821,2015-07-28,111331.0
822,2015-07-29,136195.0
823,2015-07-30,136195.0
824,2015-07-31,133640.0
825,2015-08-01,133640.0
826,2015-08-02,98976.0
827,2015-08-03,98976.0
828,2015-08-04,132719.0
829,2015-08-05,132719.0
830,2015-08-06,132494.0
831,2015-08-07,132494.0
832,2015-08-08,104420.0
833,2015-08-09,104420.0
834,2015-08-10,110686.0
835,2015-08-11,110686.0
836,2015-08-12,115754.0
837,2015-08-13,115754.0
838,2015-08-14,107950.0
839,2015-08-15,107950.0
840,2015-08-16,86583.0
841,2015-08-17,86583.0
842,2015-08-18,120131.0
843,2015-08-19,120131.0
844,2015-08-20,116834.0
845,2015-08-21,116834.0
846,2015-08-22,107795.0
847,2015-08-23,107795.0
848,2015-08-24,117026.0
849,2015-08-25,117026.0
850,2015-08-26,125549.0
851,2015-08-27,125549.0
852,2015-08-28,121692.0
853,2015-08-29,121692.0
854,2015-08-30,92338.0
855,2015-08-31,92338.0
856,2015-09-01,140970.0
857,2015-09-02,140970.0
858,2015-09-03,137446.0
859,2015-09-04,137446.0
860,2015-09-05,137427.0
861,2015-09-06,137427.0
862,2015-09-07,119041.0
863,2015-09-08,119041.0
864,2015-09-09,128619.0
865,2015-09-10,128619.0
866,2015-09-11,165288.0
867,2015-09-12,165288.0
868,2015-09-13,139320.0
869,2015-09-14,139320.0
870,2015-09-15,165993.0
871,2015-09-16,165993.0
872,2015-09-17,241346.0
873,2015-09-18,241346.0
874,2015-09-19,117999.0
875,2015-09-20,117999.0
876,2015-09-21,124667.0
877,2015-09-22,124667.0
878,2015-09-23,134964.0
879,2015-09-24,134964.0
880,2015-09-25,130740.0
881,2015-09-26,130740.0
882,2015-09-27,107256.0
883,2015-09-28,107256.0
884,2015-09-29,139440.0
885,2015-09-30,139440.0
886,2015-10-01,135885.0
887,2015-10-02,135885.0
888,2015-10-03,132880.0
889,2015-10-04,132880.0
890,2015-10-05,117528.0
891,2015-10-06,117528.0
892,2015-10-07,139516.0
893,2015-10-08,139516.0
894,2015-10-09,119490.0
895,2015-10-10,119490.0
896,2015-10-11,105878.0
897,2015-10-12,105878.0
898,2015-10-13,133757.0
899,2015-10-14,133757.0
900,2015-10-15,157228.0
901,2015-10-16,157228.0
902,2015-10-17,139308.0
903,2015-10-18,139308.0
904,2015-10-19,136583.0
905,2015-10-20,136583.0
906,2015-10-21,161031.0
907,2015-10-22,161031.0
908,2015-10-23,146222.0
909,2015-10-24,146222.0
910,2015-10-25,128209.0
911,2015-10-26,128209.0
912,2015-10-27,141609.0
913,2015-10-28,141609.0
914,2015-10-29,165622.0
915,2015-10-30,165622.0
916,2015-10-31,155292.0
917,2015-11-01,155292.0
918,2015-11-02,159656.0
919,2015-11-03,159656.0
920,2015-11-04,211121.0
921,2015-11-05,211121.0
922,2015-11-06,165214.0
923,2015-11-07,165214.0
924,2015-11-08,134785.0
925,2015-11-09,134785.0
926,2015-11-10,154030.0
927,2015-11-11,154030.0
928,2015-11-12,154219.0
929,2015-11-13,154219.0
930,2015-11-14,156065.0
931,2015-11-15,156065.0
932,2015-11-16,150942.0
933,2015-11-17,150942.0
934,2015-11-18,168587.0
935,2015-11-19,168587.0
936,2015-11-20,155128.0
937,2015-11-21,155128.0
938,2015-11-22,126564.0
939,2015-11-23,126564.0
940,2015-11-24,150056.0
941,2015-11-25,150056.0
942,2015-11-26,164730.0
943,2015-11-27,164730.0
944,2015-11-28,171602.0
945,2015-11-29,171602.0
946,2015-11-30,172183.0
947,2015-12-01,172183.0
948,2015-12-02,177277.0
949,2015-12-03,177277.0
950,2015-12-04,160944.0
951,2015-12-05,160944.0
952,2015-12-06,179777.0
953,2015-12-07,179777.0
954,2015-12-08,192097.0
955,2015-12-09,192097.0
956,2015-12-10,211452.0
957,2015-12-11,211452.0
958,2015-12-12,211456.0
959,2015-12-13,211456.0
960,2015-12-14,221499.0
961,2015-12-15,221499.0
962,2015-12-16,222531.0
963,2015-12-17,222531.0
964,2015-12-18,214387.0
965,2015-12-19,214387.0
966,2015-12-20,191441.0
967,2015-12-21,191441.0
968,2015-12-22,223130.0
969,2015-12-23,223130.0
970,2015-12-24,227189.0
971,2015-12-25,227189.0
972,2015-12-26,170904.0
973,2015-12-27,170904.0
974,2015-12-28,166837.0
975,2015-12-29,166837.0
976,2015-12-30,181836.0
977,2015-12-31,181836.0
978,2016-01-01,123623.0
979,2016-01-02,123623.0
980,2016-01-03,141064.0
981,2016-01-04,141064.0
982,2016-01-05,187012.0
983,2016-01-06,187012.0
984,2016-01-07,177873.0
985,2016-01-08,177873.0
986,2016-01-09,178374.0
987,2016-01-10,178374.0
988,2016-01-11,179771.0
989,2016-01-12,179771.0
990,2016-01-13,191628.0
991,2016-01-14,191628.0
992,2016-01-15,185105.0
993,2016-01-16,185105.0
994,2016-01-17,192731.0
995,2016-01-18,192731.0
996,2016-01-19,205735.0
997,2016-01-20,205735.0
998,2016-01-21,210240.0
999,2016-01-22,210240.0
1000,2016-01-23,200913.0
1001,2016-01-24,200913.0
1002,2016-01-25,210592.0
1003,2016-01-26,210592.0
1004,2016-01-27,226385.0
1005,2016-01-28,226385.0
1006,2016-01-29,222622.0
1007,2016-01-30,222622.0
1008,2016-01-31,168625.0
1009,2016-02-01,168625.0
1010,2016-02-02,231998.0
1011,2016-02-03,231998.0
1012,2016-02-04,201065.0
1013,2016-02-05,201065.0
1014,2016-02-06,232752.0
1015,2016-02-07,232752.0
1016,2016-02-08,220559.0
1017,2016-02-09,220559.0
1018,2016-02-10,233941.0
1019,2016-02-11,233941.0
1020,2016-02-12,202906.0
1021,2016-02-13,202906.0
1022,2016-02-14,188927.0
1023,2016-02-15,188927.0
1024,2016-02-16,218780.0
1025,2016-02-17,218780.0
1026,2016-02-18,212765.0
1027,2016-02-19,212765.0
1028,2016-02-20,225259.0
1029,2016-02-21,225259.0
1030,2016-02-22,224964.0
1031,2016-02-23,224964.0
1032,2016-02-24,225112.0
1033,2016-02-25,225112.0
1034,2016-02-26,209880.0
1035,2016-02-27,209880.0
1036,2016-02-28,224697.0
1037,2016-02-29,224697.0
1038,2016-03-01,260619.0
1039,2016-03-02,260619.0
1040,2016-03-03,221257.0
1041,2016-03-04,221257.0
1042,2016-03-05,238117.0
1043,2016-03-06,238117.0
1044,2016-03-07,183530.0
1045,2016-03-08,183530.0
1046,2016-03-09,187623.0
1047,2016-03-10,187623.0
1048,2016-03-11,193874.0
1049,2016-03-12,193874.0
1050,2016-03-13,141116.0
1051,2016-03-14,141116.0
1052,2016-03-15,197677.0
1053,2016-03-16,197677.0
1054,2016-03-17,206973.0
1055,2016-03-18,206973.0
1056,2016-03-19,188863.0
1057,2016-03-20,188863.0
1058,2016-03-21,189228.0
1059,2016-03-22,189228.0
1060,2016-03-23,187877.0
1061,2016-03-24,187877.0
1062,2016-03-25,173609.0
1063,2016-03-26,173609.0
1064,2016-03-27,161486.0
1065,2016-03-28,161486.0
1066,2016-03-29,191841.0
1067,2016-03-30,191841.0
1068,2016-03-31,208976.0
1069,2016-04-01,208976.0
1070,2016-04-02,196651.0
1071,2016-04-03,196651.0
1072,2016-04-04,200979.0
1073,2016-04-05,200979.0
1074,2016-04-06,218585.0
1075,2016-04-07,218585.0
1076,2016-04-08,215441.0
1077,2016-04-09,215441.0
1078,2016-04-10,181662.0
1079,2016-04-11,181662.0
1080,2016-04-12,240200.0
1081,2016-04-13,240200.0
1082,2016-04-14,230281.0
1083,2016-04-15,230281.0
1084,2016-04-16,192621.0
1085,2016-04-17,192621.0
1086,2016-04-18,203165.0
1087,2016-04-19,203165.0
1088,2016-04-20,216780.0
1089,2016-04-21,216780.0
1090,2016-04-22,210976.0
1091,2016-04-23,210976.0
1092,2016-04-24,183155.0
1093,2016-04-25,183155.0
1094,2016-04-26,250744.0
1095,2016-04-27,250744.0
1096,2016-04-28,247958.0
1097,2016-04-29,247958.0
1098,2016-04-30,215712.0
1099,2016-05-01,215712.0
1100,2016-05-02,223785.0
1101,2016-05-03,223785.0
1102,2016-05-04,233693.0
1103,2016-05-05,233693.0
1104,2016-05-06,233232.0
1105,2016-05-07,233232.0
1106,2016-05-08,185562.0
1107,2016-05-09,185562.0
1108,2016-05-10,245721.0
1109,2016-05-11,245721.0
1110,2016-05-12,228409.0
1111,2016-05-13,228409.0
1112,2016-05-14,211280.0
1113,2016-05-15,211280.0
1114,2016-05-16,239809.0
1115,2016-05-17,239809.0
1116,2016-05-18,235084.0
1117,2016-05-19,235084.0
1118,2016-05-20,209396.0
1119,2016-05-21,209396.0
1120,2016-05-22,184348.0
1121,2016-05-23,184348.0
1122,2016-05-24,246517.0
1123,2016-05-25,246517.0
1124,2016-05-26,220093.0
1125,2016-05-27,220093.0
1126,2016-05-28,193054.0
1127,2016-05-29,193054.0
1128,2016-05-30,211369.0
1129,2016-05-31,211369.0
1130,2016-06-01,234385.0
1131,2016-06-02,234385.0
1132,2016-06-03,234669.0
1133,2016-06-04,234669.0
1134,2016-06-05,190528.0
1135,2016-06-06,190528.0
1136,2016-06-07,248576.0
1137,2016-06-08,248576.0
1138,2016-06-09,236353.0
1139,2016-06-10,236353.0
1140,2016-06-11,213159.0
1141,2016-06-12,213159.0
1142,2016-06-13,251354.0
1143,2016-06-14,251354.0
1144,2016-06-15,262510.0
1145,2016-06-16,262510.0
1146,2016-06-17,253752.0
1147,2016-06-18,253752.0
1148,2016-06-19,218298.0
1149,2016-06-20,218298.0
1150,2016-06-21,248164.0
1151,2016-06-22,248164.0
1152,2016-06-23,241300.0
1153,2016-06-24,241300.0
1154,2016-06-25,210998.0
1155,2016-06-26,210998.0
1156,2016-06-27,217029.0
1157,2016-06-28,217029.0
1158,2016-06-29,224112.0
1159,2016-06-30,224112.0
1160,2016-07-01,210409.0
1161,2016-07-02,210409.0
1162,2016-07-03,177127.0
1163,2016-07-04,177127.0
1164,2016-07-05,214959.0
1165,2016-07-06,214959.0
1166,2016-07-07,216812.0
1167,2016-07-08,216812.0
1168,2016-07-09,185405.0
1169,2016-07-10,185405.0
1170,2016-07-11,218089.0
1171,2016-07-12,218089.0
1172,2016-07-13,218093.0
1173,2016-07-14,218093.0
1174,2016-07-15,216081.0
1175,2016-07-16,216081.0
1176,2016-07-17,171013.0
1177,2016-07-18,171013.0
1178,2016-07-19,222146.0
1179,2016-07-20,222146.0
1180,2016-07-21,217606.0
1181,2016-07-22,217606.0
1182,2016-07-23,195796.0
1183,2016-07-24,195796.0
1184,2016-07-25,240533.0
1185,2016-07-26,240533.0
1186,2016-07-27,235603.0
1187,2016-07-28,235603.0
1188,2016-07-29,231414.0
1189,2016-07-30,231414.0
1190,2016-07-31,192254.0
1191,2016-08-01,192254.0
1192,2016-08-02,252252.0
1193,2016-08-03,252252.0
1194,2016-08-04,231835.0
1195,2016-08-05,231835.0
1196,2016-08-06,196551.0
1197,2016-08-07,196551.0
1198,2016-08-08,236291.0
1199,2016-08-09,236291.0
1200,2016-08-10,245581.0
1201,2016-08-11,245581.0
1202,2016-08-12,232973.0
1203,2016-08-13,232973.0
1204,2016-08-14,200577.0
1205,2016-08-15,200577.0
1206,2016-08-16,256447.0
1207,2016-08-17,256447.0
1208,2016-08-18,239541.0
1209,2016-08-19,239541.0
1210,2016-08-20,210352.0
1211,2016-08-21,210352.0
1212,2016-08-22,229801.0
1213,2016-08-23,229801.0
1214,2016-08-24,237956.0
1215,2016-08-25,237956.0
1216,2016-08-26,226767.0
1217,2016-08-27,226767.0
1218,2016-08-28,174489.0
1219,2016-08-29,174489.0
1220,2016-08-30,254486.0
1221,2016-08-31,254486.0
1222,2016-09-01,238207.0
1223,2016-09-02,238207.0
1224,2016-09-03,182204.0
1225,2016-09-04,182204.0
1226,2016-09-05,227683.0
1227,2016-09-06,227683.0
1228,2016-09-07,250809.0
1229,2016-09-08,250809.0
1230,2016-09-09,222094.0
1231,2016-09-10,222094.0
1232,2016-09-11,180391.0
1233,2016-09-12,180391.0
1234,2016-09-13,241215.0
1235,2016-09-14,241215.0
1236,2016-09-15,233488.0
1237,2016-09-16,233488.0
1238,2016-09-17,215529.0
1239,2016-09-18,215529.0
1240,2016-09-19,223540.0
1241,2016-09-20,223540.0
1242,2016-09-21,239216.0
1243,2016-09-22,239216.0
1244,2016-09-23,223187.0
1245,2016-09-24,223187.0
1246,2016-09-25,197298.0
1247,2016-09-26,197298.0
1248,2016-09-27,243008.0
1249,2016-09-28,243008.0
1250,2016-09-29,242730.0
1251,2016-09-30,242730.0
1252,2016-10-01,213930.0
1253,2016-10-02,213930.0
1254,2016-10-03,260813.0
1255,2016-10-04,260813.0
1256,2016-10-05,266811.0
1257,2016-10-06,266811.0
1258,2016-10-07,268419.0
1259,2016-10-08,268419.0
1260,2016-10-09,210548.0
1261,2016-10-10,210548.0
1262,2016-10-11,263565.0
1263,2016-10-12,263565.0
1264,2016-10-13,229703.0
1265,2016-10-14,229703.0
1266,2016-10-15,210448.0
1267,2016-10-16,210448.0
1268,2016-10-17,237232.0
1269,2016-10-18,237232.0
1270,2016-10-19,201025.0
1271,2016-10-20,201025.0
1272,2016-10-21,265355.0
1273,2016-10-22,265355.0
1274,2016-10-23,191578.0
1275,2016-10-24,191578.0
1276,2016-10-25,237030.0
1277,2016-10-26,237030.0
1278,2016-10-27,326388.0
1279,2016-10-28,326388.0
1280,2016-10-29,229689.0
1281,2016-10-30,229689.0
1282,2016-10-31,241778.0
1283,2016-11-01,241778.0
1284,2016-11-02,268418.0
1285,2016-11-03,268418.0
1286,2016-11-04,248043.0
1287,2016-11-05,248043.0
1288,2016-11-06,228420.0
1289,2016-11-07,228420.0
1290,2016-11-08,296060.0
1291,2016-11-09,296060.0
1292,2016-11-10,271374.0
1293,2016-11-11,271374.0
1294,2016-11-12,228886.0
1295,2016-11-13,228886.0
1296,2016-11-14,270506.0
1297,2016-11-15,270506.0
1298,2016-11-16,291186.0
1299,2016-11-17,291186.0
1300,2016-11-18,275925.0
1301,2016-11-19,275925.0
1302,2016-11-20,246537.0
1303,2016-11-21,246537.0
1304,2016-11-22,285635.0
1305,2016-11-23,285635.0
1306,2016-11-24,333466.0
1307,2016-11-25,333466.0
1308,2016-11-26,279374.0
1309,2016-11-27,279374.0
1310,2016-11-28,298530.0
1311,2016-11-29,298530.0
1312,2016-11-30,292654.0
1313,2016-12-01,292654.0
1314,2016-12-02,318263.0
1315,2016-12-03,318263.0
1316,2016-12-04,245650.0
1317,2016-12-05,245650.0
1318,2016-12-06,319762.0
1319,2016-12-07,319762.0
1320,2016-12-08,282711.0
1321,2016-12-09,282711.0
1322,2016-12-10,250241.0
1323,2016-12-11,250241.0
1324,2016-12-12,268662.0
1325,2016-12-13,268662.0
1326,2016-12-14,286328.0
1327,2016-12-15,286328.0
1328,2016-12-16,279361.0
1329,2016-12-17,279361.0
1330,2016-12-18,235789.0
1331,2016-12-19,235789.0
1332,2016-12-20,296473.0
1333,2016-12-21,296473.0
1334,2016-12-22,314644.0
1335,2016-12-23,314644.0
1336,2016-12-24,240820.0
1337,2016-12-25,240820.0
1338,2016-12-26,244914.0
1339,2016-12-27,244914.0
1340,2016-12-28,305394.0
1341,2016-12-29,305394.0
1342,2016-12-30,286818.0
1343,2016-12-31,286818.0
1344,2017-01-01,180502.0
1345,2017-01-02,180502.0
1346,2017-01-03,301664.0
1347,2017-01-04,301664.0
1348,2017-01-05,288501.0
1349,2017-01-06,288501.0
1350,2017-01-07,284719.0
1351,2017-01-08,284719.0
1352,2017-01-09,269947.0
1353,2017-01-10,269947.0
1354,2017-01-11,303058.0
1355,2017-01-12,303058.0
1356,2017-01-13,275149.0
1357,2017-01-14,275149.0
1358,2017-01-15,235999.0
1359,2017-01-16,235999.0
1360,2017-01-17,292697.0
1361,2017-01-18,292697.0
1362,2017-01-19,300605.0
1363,2017-01-20,300605.0
1364,2017-01-21,263562.0
1365,2017-01-22,263562.0
1366,2017-01-23,236692.0
1367,2017-01-24,236692.0
1368,2017-01-25,305961.0
1369,2017-01-26,305961.0
1370,2017-01-27,263332.0
1371,2017-01-28,263332.0
1372,2017-01-29,241627.0
1373,2017-01-30,241627.0
1374,2017-01-31,307683.0
1375,2017-02-01,307683.0
1376,2017-02-02,259559.0
1377,2017-02-03,259559.0
1378,2017-02-04,286326.0
1379,2017-02-05,286326.0
1380,2017-02-06,230027.0
1381,2017-02-07,230027.0
1382,2017-02-08,308316.0
1383,2017-02-09,308316.0
1384,2017-02-10,304456.0
1385,2017-02-11,304456.0
1386,2017-02-12,238182.0
1387,2017-02-13,238182.0
1388,2017-02-14,315084.0
1389,2017-02-15,315084.0
1390,2017-02-16,285329.0
1391,2017-02-17,285329.0
1392,2017-02-18,288149.0
1393,2017-02-19,288149.0
1394,2017-02-20,282728.0
1395,2017-02-21,282728.0
1396,2017-02-22,284024.0
1397,2017-02-23,284024.0
1398,2017-02-24,350751.0
1399,2017-02-25,350751.0
1400,2017-02-26,265203.0
1401,2017-02-27,265203.0
1402,2017-02-28,325414.0
1403,2017-03-01,325414.0
1404,2017-03-02,329428.0
1405,2017-03-03,329428.0
1406,2017-03-04,268875.0
1407,2017-03-05,268875.0
1408,2017-03-06,287731.0
1409,2017-03-07,287731.0
1410,2017-03-08,297108.0
1411,2017-03-09,297108.0
1412,2017-03-10,308482.0
1413,2017-03-11,308482.0
1414,2017-03-12,221110.0
1415,2017-03-13,221110.0
1416,2017-03-14,310395.0
1417,2017-03-15,310395.0
1418,2017-03-16,327034.0
1419,2017-03-17,327034.0
1420,2017-03-18,263530.0
1421,2017-03-19,263530.0
1422,2017-03-20,277033.0
1423,2017-03-21,277033.0
1424,2017-03-22,320713.0
1425,2017-03-23,320713.0
1426,2017-03-24,289521.0
1427,2017-03-25,289521.0
1428,2017-03-26,221915.0
1429,2017-03-27,221915.0
1430,2017-03-28,294001.0
1431,2017-03-29,294001.0
1432,2017-03-30,288788.0
1433,2017-03-31,288788.0
1434,2017-04-01,255871.0
1435,2017-04-02,255871.0
1436,2017-04-03,288141.0
1437,2017-04-04,288141.0
1438,2017-04-05,316555.0
1439,2017-04-06,316555.0
1440,2017-04-07,295463.0
1441,2017-04-08,295463.0
1442,2017-04-09,238286.0
1443,2017-04-10,238286.0
1444,2017-04-11,307893.0
1445,2017-04-12,307893.0
1446,2017-04-13,228679.0
1447,2017-04-14,228679.0
1448,2017-04-15,271976.0
1449,2017-04-16,271976.0
1450,2017-04-17,245184.0
1451,2017-04-18,245184.0
1452,2017-04-19,310104.0
1453,2017-04-20,310104.0
1454,2017-04-21,330354.0
1455,2017-04-22,330354.0
1456,2017-04-23,245039.0
1457,2017-04-24,245039.0
1458,2017-04-25,325387.0
1459,2017-04-26,325387.0
1460,2017-04-27,297884.0
1461,2017-04-28,297884.0
1462,2017-04-29,341319.0
1463,2017-04-30,341319.0
1464,2017-05-01,294786.0
1465,2017-05-02,294786.0
1466,2017-05-03,295149.0
1467,2017-05-04,295149.0
1468,2017-05-05,267193.0
1469,2017-05-06,267193.0
1470,2017-05-07,316011.0
1471,2017-05-08,316011.0
1472,2017-05-09,332879.0
1473,2017-05-10,332879.0
1474,2017-05-11,294743.0
1475,2017-05-12,294743.0
1476,2017-05-13,329266.0
1477,2017-05-14,329266.0
1478,2017-05-15,329229.0
1479,2017-05-16,329229.0
1480,2017-05-17,317527.0
1481,2017-05-18,317527.0
1482,2017-05-19,319502.0
1483,2017-05-20,319502.0
1484,2017-05-21,326057.0
1485,2017-05-22,326057.0
1486,2017-05-23,367710.0
1487,2017-05-24,367710.0
1488,2017-05-25,350114.0
1489,2017-05-26,350114.0
1490,2017-05-27,331914.0
1491,2017-05-28,331914.0
1492,2017-05-29,321638.0
1493,2017-05-30,321638.0
1494,2017-05-31,321634.0
1495,2017-06-01,321634.0
1496,2017-06-02,271539.0
1497,2017-06-03,271539.0
1498,2017-06-04,266044.0
1499,2017-06-05,266044.0
1500,2017-06-06,297416.0
1501,2017-06-07,297416.0
1502,2017-06-08,307377.0
1503,2017-06-09,307377.0
1504,2017-06-10,254993.0
1505,2017-06-11,254993.0
1506,2017-06-12,269098.0
1507,2017-06-13,269098.0
1508,2017-06-14,287644.0
1509,2017-06-15,287644.0
1510,2017-06-16,269937.0
1511,2017-06-17,269937.0
1512,2017-06-18,209359.0
1513,2017-06-19,209359.0
1514,2017-06-20,269438.0
1515,2017-06-21,269438.0
1516,2017-06-22,269685.0
1517,2017-06-23,269685.0
1518,2017-06-24,227127.0
1519,2017-06-25,227127.0
1520,2017-06-26,261906.0
1521,2017-06-27,261906.0
1522,2017-06-28,279811.0
1523,2017-06-29,279811.0
1524,2017-06-30,267360.0
1525,2017-07-01,267360.0
1526,2017-07-02,196539.0
1527,2017-07-03,196539.0
1528,2017-07-04,255483.0
1529,2017-07-05,255483.0
1530,2017-07-06,225106.0
1531,2017-07-07,225106.0
1532,2017-07-08,220835.0
1533,2017-07-09,220835.0
1534,2017-07-10,251722.0
1535,2017-07-11,251722.0
1536,2017-07-12,257138.0
1537,2017-07-13,257138.0
1538,2017-07-14,227903.0
1539,2017-07-15,227903.0
1540,2017-07-16,203165.0
1541,2017-07-17,203165.0
1542,2017-07-18,260575.0
1543,2017-07-19,260575.0
1544,2017-07-20,230199.0
1545,2017-07-21,230199.0
1546,2017-07-22,223358.0
1547,2017-07-23,223358.0
1548,2017-07-24,240072.0
1549,2017-07-25,240072.0
1550,2017-07-26,237853.0
1551,2017-07-27,237853.0
1552,2017-07-28,247207.0
1553,2017-07-29,247207.0
1554,2017-07-30,184145.0
1555,2017-07-31,184145.0
1556,2017-08-01,131875.0
1557,2017-08-02,131875.0
1558,2017-08-03,213017.0
1559,2017-08-04,213017.0
1560,2017-08-05,239771.0
1561,2017-08-06,239771.0
1562,2017-08-07,249002.0
1563,2017-08-08,249002.0
1564,2017-08-09,260955.0
1565,2017-08-10,260955.0
1566,2017-08-11,284001.0
1567,2017-08-12,284001.0
1568,2017-08-13,263310.0
1569,2017-08-14,263310.0
1570,2017-08-15,311002.0
1571,2017-08-16,311002.0
1572,2017-08-17,347319.0
1573,2017-08-18,347319.0
1574,2017-08-19,266832.0
1575,2017-08-20,266832.0
1576,2017-08-21,236772.0
1577,2017-08-22,236772.0
1578,2017-08-23,315734.0
1579,2017-08-24,315734.0
1580,2017-08-25,208169.0
1581,2017-08-26,208169.0
1582,2017-08-27,261891.0
1583,2017-08-28,261891.0
1584,2017-08-29,281116.0
1585,2017-08-30,281116.0
1586,2017-08-31,280724.0
1587,2017-09-01,280724.0
1588,2017-09-02,236811.0
1589,2017-09-03,236811.0
1590,2017-09-04,269280.0
1591,2017-09-05,269280.0
1592,2017-09-06,276225.0
1593,2017-09-07,276225.0
1594,2017-09-08,279488.0
1595,2017-09-09,279488.0
1596,2017-09-10,193240.0
1597,2017-09-11,193240.0
1598,2017-09-12,256230.0
1599,2017-09-13,256230.0
1600,2017-09-14,268068.0
1601,2017-09-15,268068.0
1602,2017-09-16,228257.0
1603,2017-09-17,228257.0
1604,2017-09-18,218204.0
1605,2017-09-19,218204.0
1606,2017-09-20,235723.0
1607,2017-09-21,235723.0
1608,2017-09-22,227615.0
1609,2017-09-23,227615.0
1610,2017-09-24,185277.0
1611,2017-09-25,185277.0
1612,2017-09-26,263648.0
1613,2017-09-27,263648.0
1614,2017-09-28,275976.0
1615,2017-09-29,275976.0
1616,2017-09-30,212678.0
1617,2017-10-01,212678.0
1618,2017-10-02,295002.0
1619,2017-10-03,295002.0
1620,2017-10-04,232826.0
1621,2017-10-05,232826.0
1622,2017-10-06,283699.0
1623,2017-10-07,283699.0
1624,2017-10-08,238385.0
1625,2017-10-09,238385.0
1626,2017-10-10,303101.0
1627,2017-10-11,303101.0
1628,2017-10-12,293164.0
1629,2017-10-13,293164.0
1630,2017-10-14,293140.0
1631,2017-10-15,293140.0
1632,2017-10-16,314725.0
1633,2017-10-17,314725.0
1634,2017-10-18,329579.0
1635,2017-10-19,329579.0
1636,2017-10-20,312409.0
1637,2017-10-21,312409.0
1638,2017-10-22,289131.0
1639,2017-10-23,289131.0
1640,2017-10-24,347220.0
1641,2017-10-25,347220.0
1642,2017-10-26,265827.0
1643,2017-10-27,265827.0
1644,2017-10-28,207066.0
1645,2017-10-29,207066.0
1646,2017-10-30,316077.0
1647,2017-10-31,316077.0
1648,2017-11-01,241788.0
1649,2017-11-02,241788.0
1650,2017-11-03,277598.0
1651,2017-11-04,277598.0
1652,2017-11-05,251728.0
1653,2017-11-06,251728.0
1654,2017-11-07,335636.0
1655,2017-11-08,335636.0
1656,2017-11-09,341281.0
1657,2017-11-10,341281.0
1658,2017-11-11,194634.0
1659,2017-11-12,194634.0
1660,2017-11-13,309299.0
1661,2017-11-14,309299.0
1662,2017-11-15,321788.0
1663,2017-11-16,321788.0
1664,2017-11-17,306617.0
1665,2017-11-18,306617.0
1666,2017-11-19,264855.0
1667,2017-11-20,264855.0
1668,2017-11-21,371091.0
1669,2017-11-22,371091.0
1670,2017-11-23,352207.0
1671,2017-11-24,352207.0
1672,2017-11-25,336689.0
1673,2017-11-26,336689.0
1674,2017-11-27,379256.0
1675,2017-11-28,379256.0
1676,2017-11-29,398090.0
1677,2017-11-30,398090.0
1678,2017-12-01,412908.0
1679,2017-12-02,412908.0
1680,2017-12-03,353044.0
1681,2017-12-04,353044.0
1682,2017-12-05,405709.0
1683,2017-12-06,405709.0
1684,2017-12-07,372345.0
1685,2017-12-08,372345.0
1686,2017-12-09,403399.0
1687,2017-12-10,403399.0
1688,2017-12-11,368598.0
1689,2017-12-12,368598.0
1690,2017-12-13,424579.0
1691,2017-12-14,424579.0
1692,2017-12-15,405676.0
1693,2017-12-16,405676.0
1694,2017-12-17,391910.0
1695,2017-12-18,391910.0
1696,2017-12-19,378622.0
1697,2017-12-20,378622.0
1698,2017-12-21,335482.0
1699,2017-12-22,335482.0
1700,2017-12-23,308211.0
1701,2017-12-24,308211.0
1702,2017-12-25,228926.0
1703,2017-12-26,228926.0
1704,2017-12-27,307642.0
1705,2017-12-28,307642.0
1706,2017-12-29,353824.0
1707,2017-12-30,353824.0
1708,2017-12-31,290422.0
1709,2018-01-01,290422.0
1710,2018-01-02,340980.0
1711,2018-01-03,340980.0
1712,2018-01-04,425008.0
1713,2018-01-05,425008.0
1714,2018-01-06,358847.0
1715,2018-01-07,358847.0
1716,2018-01-08,345672.0
1717,2018-01-09,345672.0
1718,2018-01-10,347393.0
1719,2018-01-11,347393.0
1720,2018-01-12,300091.0
1721,2018-01-13,300091.0
1722,2018-01-14,235045.0
1723,2018-01-15,235045.0
1724,2018-01-16,303725.0
1725,2018-01-17,303725.0
1726,2018-01-18,309495.0
1727,2018-01-19,309495.0
1728,2018-01-20,240611.0
1729,2018-01-21,240611.0
1730,2018-01-22,245562.0
1731,2018-01-23,245562.0
1732,2018-01-24,250423.0
1733,2018-01-25,250423.0
1734,2018-01-26,220459.0
1735,2018-01-27,220459.0
1736,2018-01-28,213446.0
1737,2018-01-29,213446.0
1738,2018-01-30,236609.0
1739,2018-01-31,236609.0
1740,2018-02-01,257664.0
1741,2018-02-02,257664.0
1742,2018-02-03,194891.0
1743,2018-02-04,194891.0
1744,2018-02-05,216363.0
1745,2018-02-06,216363.0
1746,2018-02-07,213719.0
1747,2018-02-08,213719.0
1748,2018-02-09,177860.0
1749,2018-02-10,177860.0
1750,2018-02-11,147208.0
1751,2018-02-12,147208.0
1752,2018-02-13,182984.0
1753,2018-02-14,182984.0
1754,2018-02-15,198183.0
1755,2018-02-16,198183.0
1756,2018-02-17,173789.0
1757,2018-02-18,173789.0
1758,2018-02-19,187367.0
1759,2018-02-20,187367.0
1760,2018-02-21,205201.0
1761,2018-02-22,205201.0
1762,2018-02-23,185193.0
1763,2018-02-24,185193.0
1764,2018-02-25,144869.0
1765,2018-02-26,144869.0
1766,2018-02-27,219624.0
1767,2018-02-28,219624.0
1768,2018-03-01,233744.0
1769,2018-03-02,233744.0
1770,2018-03-03,177024.0
1771,2018-03-04,177024.0
1772,2018-03-05,201438.0
1773,2018-03-06,201438.0
1774,2018-03-07,213978.0
1775,2018-03-08,213978.0
1776,2018-03-09,198180.0
1777,2018-03-10,198180.0
1778,2018-03-11,150884.0
1779,2018-03-12,150884.0
1780,2018-03-13,196140.0
1781,2018-03-14,196140.0
1782,2018-03-15,206186.0
1783,2018-03-16,206186.0
1784,2018-03-17,154496.0
1785,2018-03-18,154496.0
1786,2018-03-19,191528.0
1787,2018-03-20,191528.0
1788,2018-03-21,194846.0
1789,2018-03-22,194846.0
1790,2018-03-23,179818.0
1791,2018-03-24,179818.0
1792,2018-03-25,135274.0
1793,2018-03-26,135274.0
1794,2018-03-27,187065.0
1795,2018-03-28,187065.0
1796,2018-03-29,192411.0
1797,2018-03-30,192411.0
1798,2018-03-31,148617.0
1799,2018-04-01,148617.0
1800,2018-04-02,168178.0
1801,2018-04-03,168178.0
1802,2018-04-04,185710.0
1803,2018-04-05,185710.0
1804,2018-04-06,172889.0
1805,2018-04-07,172889.0
1806,2018-04-08,138535.0
1807,2018-04-09,138535.0
1808,2018-04-10,186415.0
1809,2018-04-11,186415.0
1810,2018-04-12,210879.0
1811,2018-04-13,210879.0
1812,2018-04-14,161843.0
1813,2018-04-15,161843.0
1814,2018-04-16,196106.0
1815,2018-04-17,196106.0
1816,2018-04-18,200740.0
1817,2018-04-19,200740.0
1818,2018-04-20,207777.0
1819,2018-04-21,207777.0
1820,2018-04-22,171870.0
1821,2018-04-23,171870.0
1822,2018-04-24,254493.0
1823,2018-04-25,254493.0
1824,2018-04-26,216732.0
1825,2018-04-27,216732.0
1826,2018-04-28,203681.0
1827,2018-04-29,203681.0
1828,2018-04-30,215107.0
1829,2018-05-01,215107.0
1830,2018-05-02,212296.0
1831,2018-05-03,212296.0
1832,2018-05-04,219069.0
1833,2018-05-05,219069.0
1834,2018-05-06,171761.0
1835,2018-05-07,171761.0
1836,2018-05-08,217810.0
1837,2018-05-09,217810.0
1838,2018-05-10,208961.0
1839,2018-05-11,208961.0
1840,2018-05-12,182054.0
1841,2018-05-13,182054.0
1842,2018-05-14,209697.0
1843,2018-05-15,209697.0
1844,2018-05-16,208463.0
1845,2018-05-17,208463.0
1846,2018-05-18,211496.0
1847,2018-05-19,211496.0
1848,2018-05-20,158663.0
1849,2018-05-21,158663.0
1850,2018-05-22,203337.0
1851,2018-05-23,203337.0
1852,2018-05-24,206825.0
1853,2018-05-25,206825.0
1854,2018-05-26,158783.0
1855,2018-05-27,158783.0
1856,2018-05-28,189063.0
1857,2018-05-29,189063.0
1858,2018-05-30,204077.0
1859,2018-05-31,204077.0
1860,2018-06-01,205481.0
1861,2018-06-02,205481.0
1862,2018-06-03,163443.0
1863,2018-06-04,163443.0
1864,2018-06-05,212901.0
1865,2018-06-06,212901.0
1866,2018-06-07,207627.0
1867,2018-06-08,207627.0
1868,2018-06-09,171306.0
1869,2018-06-10,171306.0
1870,2018-06-11,213196.0
1871,2018-06-12,213196.0
1872,2018-06-13,211829.0
1873,2018-06-14,211829.0
1874,2018-06-15,205861.0
1875,2018-06-16,205861.0
1876,2018-06-17,144908.0
1877,2018-06-18,144908.0
1878,2018-06-19,191805.0
1879,2018-06-20,191805.0
1880,2018-06-21,198113.0
1881,2018-06-22,198113.0
1882,2018-06-23,163295.0
1883,2018-06-24,163295.0
1884,2018-06-25,200173.0
1885,2018-06-26,200173.0
1886,2018-06-27,188510.0
1887,2018-06-28,188510.0
1888,2018-06-29,197881.0
1889,2018-06-30,197881.0
1890,2018-07-01,156247.0
1891,2018-07-02,156247.0
1892,2018-07-03,216747.0
1893,2018-07-04,216747.0
1894,2018-07-05,199600.0
1895,2018-07-06,199600.0
1896,2018-07-07,170160.0
1897,2018-07-08,170160.0
1898,2018-07-09,206546.0
1899,2018-07-10,206546.0
1900,2018-07-11,202603.0
1901,2018-07-12,202603.0
1902,2018-07-13,207904.0
1903,2018-07-14,207904.0
1904,2018-07-15,161151.0
1905,2018-07-16,161151.0
1906,2018-07-17,233966.0
1907,2018-07-18,233966.0
1908,2018-07-19,225039.0
1909,2018-07-20,225039.0
1910,2018-07-21,184803.0
1911,2018-07-22,184803.0
1912,2018-07-23,229480.0
1913,2018-07-24,229480.0
1914,2018-07-25,250208.0
1915,2018-07-26,250208.0
1916,2018-07-27,229397.0
1917,2018-07-28,229397.0
1918,2018-07-29,168407.0
1919,2018-07-30,168407.0
1920,2018-07-31,242977.0
1921,2018-08-01,242977.0
1922,2018-08-02,224873.0
1923,2018-08-03,224873.0
1924,2018-08-04,191657.0
1925,2018-08-05,191657.0
1926,2018-08-06,218607.0
1927,2018-08-07,218607.0
1928,2018-08-08,235311.0
1929,2018-08-09,235311.0
1930,2018-08-10,226148.0
1931,2018-08-11,226148.0
1932,2018-08-12,165044.0
1933,2018-08-13,165044.0
1934,2018-08-14,247622.0
1935,2018-08-15,247622.0
1936,2018-08-16,232335.0
1937,2018-08-17,232335.0
1938,2018-08-18,190935.0
1939,2018-08-19,190935.0
1940,2018-08-20,214983.0
1941,2018-08-21,214983.0
1942,2018-08-22,230333.0
1943,2018-08-23,230333.0
1944,2018-08-24,219848.0
1945,2018-08-25,219848.0
1946,2018-08-26,172747.0
1947,2018-08-27,172747.0
1948,2018-08-28,238039.0
1949,2018-08-29,238039.0
1950,2018-08-30,231391.0
1951,2018-08-31,231391.0
1952,2018-09-01,213331.0
1953,2018-09-02,213331.0
1954,2018-09-03,222897.0
1955,2018-09-04,222897.0
1956,2018-09-05,246477.0
1957,2018-09-06,246477.0
1958,2018-09-07,230790.0
1959,2018-09-08,230790.0
1960,2018-09-09,188912.0
1961,2018-09-10,188912.0
1962,2018-09-11,237571.0
1963,2018-09-12,237571.0
1964,2018-09-13,234209.0
1965,2018-09-14,234209.0
1966,2018-09-15,211071.0
1967,2018-09-16,211071.0
1968,2018-09-17,240152.0
1969,2018-09-18,240152.0
1970,2018-09-19,251037.0
1971,2018-09-20,251037.0
1972,2018-09-21,273051.0
1973,2018-09-22,273051.0
1974,2018-09-23,200319.0
